Hour,Community Load,Solar Power,Wind Power,PV Generation,WT Generation,FC Generation,DG Generation,Unmet Energy,Surplus Energy,H2 Capacity
0,50.0345,0.0,1.454675129822394,0.0,72.7337564911197,0.0,0.0,0.0,22.699256491119705,852.0
1,41.6977,0.0,1.8403255687413127,0.0,92.01627843706564,0.0,0.0,0.0,50.31857843706564,852.0
2,33.3564,0.0,2.3265269330744625,0.0,116.32634665372312,0.0,0.0,0.0,82.96994665372313,852.0
3,27.797,0.0,2.617425520679537,0.0,130.87127603397687,0.0,0.0,0.0,103.07427603397687,852.0
4,27.797,0.0,2.512742150918919,0.0,125.63710754594595,0.0,0.0,0.0,97.84010754594595,852.0
5,27.797,0.0,2.3244528405956975,0.0,116.22264202978488,0.0,0.0,0.0,88.42564202978488,852.0
6,41.6977,0.0013610162923408551,2.084268182804192,0.7349487978640618,104.2134091402096,0.0,0.0,0.0,63.25065793807367,852.0
7,83.3909,0.029483571377002006,1.579753187618312,15.921128543581084,78.9876593809156,0.0,0.0,0.0,11.51788792449669,852.0
8,138.9893,0.07791196074990467,0.9923198020694981,42.07245880494852,49.61599010347491,47.30085109157656,0.0,0.0,0.0,848.8434533806088
9,152.8856,0.12221544218459411,0.6953540166883622,65.99633877968083,34.76770083441811,52.12156038590108,0.0,0.0,0.0,845.3652044392741
10,166.7863,0.1598619728850548,0.6241382504489795,86.32546535792959,31.206912522448977,49.25392211962145,0.0,0.0,0.0,842.0783227496096
11,166.7863,0.17986729328770606,0.5787864700540543,97.12833837536128,28.939323502702713,40.71863812193601,0.0,0.0,0.0,839.3610295816459
12,152.8856,0.17654003920717617,0.5953756278610038,95.33162117187514,29.76878139305019,27.78519743507468,0.0,0.0,0.0,837.5068288852779
13,125.0886,0.16286727731927572,0.7293382876911194,87.9483297524089,36.46691438455597,0.6733558630351268,0.0,0.0,0.0,837.4618935590827
14,111.1879,0.1283799770283069,0.9543615046883619,69.32518759528573,47.718075234418095,0.0,0.0,0.0,0.0,837.5726706936987
15,111.1879,0.08077456357750476,1.121462501877551,43.61826433185257,56.07312509387755,11.496510574269877,0.0,0.0,0.0,836.8054694541745
16,138.9893,0.030496682409100837,1.253776433738555,16.46820850091445,62.68882168692775,59.83226981215778,0.0,0.0,0.0,832.812658655899
17,152.8856,0.0,1.387356954016547,0.0,69.36784770082734,77.4,6.117752299172665,0.0,0.0,827.6474934907338
18,166.7863,0.0,1.3357856944291226,0.0,66.78928472145613,77.4,22.59701527854388,0.0,0.0,822.4823283255687
19,152.8856,0.0,1.1618762596183123,0.0,58.093812980915615,77.4,17.39178701908439,0.0,0.0,817.3171631604035
20,125.0886,0.0,1.0351581229961386,0.0,51.75790614980693,73.33069385019307,0.0,0.0,0.0,812.4235566305274
21,97.2916,0.0,1.0977868108108106,0.0,54.88934054054053,42.40225945945947,0.0,0.0,0.0,809.5939096862859
22,55.5939,0.0,1.3198428019856592,0.0,65.99214009928296,0.0,0.0,0.0,0.0,809.7906331476237
23,41.6977,0.0,1.4447360144026473,0.0,72.23680072013236,0.0,0.0,0.0,0.0,810.3683999180046
24,50.0345,0.0,1.7634627232123552,0.0,88.17313616061776,0.0,0.0,0.0,0.0,811.0899416832054
25,41.6977,0.0,2.4250703785372307,0.0,121.25351892686153,0.0,0.0,0.0,0.0,812.595051771011
26,33.3564,0.0,3.1284895024644244,0.0,156.4244751232212,0.0,0.0,0.0,14.17918623433232,814.655111831071
27,27.797,0.0,3.689032191999999,0.0,184.45160959999995,0.0,0.0,0.0,47.76572071111107,816.7151718911311
28,27.797,0.0,3.976117586321016,0.0,198.8058793160508,0.0,0.0,0.0,62.11999042716192,818.7752319511912
29,27.797,0.0,3.8121389961389958,0.0,190.60694980694979,0.0,0.0,0.0,53.9210609180609,820.8352920112513
30,41.6977,0.0012162149143515714,3.3708145117617216,0.6567560537498486,168.54072558808608,0.0,0.0,0.0,18.610892752947052,822.8953520713114
31,83.3909,0.02884473946030292,2.895893890788747,15.576159308563575,144.79469453943733,0.0,0.0,0.0,18.610892752947052,824.3517295765439
32,138.9893,0.07598862919779564,2.5105847526795366,41.03385976680965,125.52923763397683,0.0,0.0,0.0,18.610892752947052,824.8733960138561
33,152.8856,0.11953798719231595,2.338991181661336,64.55051308385062,116.94955908306679,0.0,0.0,0.0,18.610892752947052,825.4147508926897
34,166.7863,0.15168219548349862,2.0315829105879755,81.90838556108926,101.57914552939877,0.0,0.0,0.0,18.610892752947052,825.7307201295367
35,166.7863,0.18277546820427878,1.6704384672123544,98.69875283031055,83.52192336061772,0.0,0.0,0.0,18.610892752947052,826.022721841257
36,152.8856,0.1839233847741388,1.4397777596999446,99.31862777803495,71.98888798499723,0.0,0.0,0.0,18.610892752947052,826.371244571909
37,125.0886,0.15468172571582464,1.4298838277153891,83.52813188654531,71.49419138576945,0.0,0.0,0.0,18.610892752947052,826.9375582554393
38,111.1879,0.12485402156538787,1.5728734235675672,67.42117164530946,78.64367117837836,0.0,0.0,0.0,18.610892752947052,827.5973923088604
39,111.1879,0.0785928349986678,1.7381859494054055,42.44013089928062,86.90929747027027,0.0,0.0,0.0,18.610892752947052,827.9409887915276
40,138.9893,0.030959670436094978,1.8403255687413127,16.718222035491287,92.01627843706564,30.25479952744305,0.0,0.0,0.0,825.9219831507239
41,152.8856,0.0,1.776165461250965,0.0,88.80827306254825,64.07732693745176,0.0,0.0,0.0,821.645885257
42,166.7863,0.0,1.6248053166949803,0.0,81.24026583474901,77.4,8.146034165250995,0.0,0.0,816.4807200918349
43,152.8856,0.0,1.4480457024247109,0.0,72.40228512123554,77.4,3.083314878764469,0.0,0.0,811.3155549266697
44,125.0886,0.0,1.2398062075763925,0.0,61.99031037881962,63.09828962118037,0.0,0.0,0.0,807.1047915218529
45,97.2916,0.0,1.0641071106188635,0.0,53.20535553094318,44.08624446905682,0.0,0.0,0.0,804.1627665322595
46,55.5939,0.0,0.9183388545482627,0.0,45.91694272741314,9.676957272586861,0.0,0.0,0.0,803.5169902711593
47,41.6977,0.0,0.8625808996183124,0.0,43.12904498091562,0.0,0.0,0.0,0.0,803.5440697707983
48,50.0345,0.0,0.9669517879845556,0.0,48.34758939922778,1.6869106007722223,0.0,0.0,0.0,803.4314964908001
49,41.6977,0.0,1.3776228405868725,0.0,68.88114202934362,0.0,0.0,0.0,0.0,803.9457778264904
50,33.3564,0.0,2.1158025548108106,0.0,105.79012774054053,0.0,0.0,0.0,0.0,805.3161456486087
51,27.797,0.0,2.769543413127413,0.0,138.47717065637065,0.0,0.0,0.0,1.7912817674817632,807.3762057086687
52,27.797,0.0,3.0946705300474355,0.0,154.73352650237177,0.0,0.0,0.0,18.04763761348289,809.4362657687288
53,27.797,0.0,2.982580034788749,0.0,149.12900173943743,0.0,0.0,0.0,12.443112850548545,811.4963258287889
54,41.6977,0.0012004412073711502,2.5626266176458903,0.6482382519804211,128.13133088229452,0.0,0.0,0.0,12.443112850548545,813.1438206502482
55,83.3909,0.027161601232722914,1.8943076092399334,14.667264665670375,94.71538046199667,0.0,0.0,0.0,12.443112850548545,813.6355563688797
56,138.9893,0.07375134781846987,1.0933701606795365,39.82572782197373,54.66850803397683,44.49506414404942,0.0,0.0,0.0,810.6662494523599
57,152.8856,0.11746460001069758,0.7066229871196913,63.4308840057767,35.331149355984564,54.12356663823874,0.0,0.0,0.0,807.0543998268519
58,166.7863,0.14766388691212792,0.6705225617297299,79.73849893254908,33.526128086486494,53.52167298096444,0.0,0.0,0.0,803.4827166115723
59,166.7863,0.17000944203677376,0.6742287995763925,91.80509869985782,33.71143997881963,41.26976132132256,0.0,0.0,0.0,800.7286451186579
60,152.8856,0.17378872607529264,0.5835120640000001,93.84591208065804,29.175603200000005,29.864084719341975,0.0,0.0,0.0,798.7357132054552
61,125.0886,0.15333270472371638,0.5764279159316049,82.79966055080685,28.821395796580244,13.467543652612903,0.0,0.0,0.0,797.8369782269692
62,111.1879,0.12256130776531353,0.8305316648736901,66.18310619326931,41.526583243684506,3.4782105630461757,0.0,0.0,0.0,797.6048654099491
63,111.1879,0.0777212138731947,1.2992397106409268,41.96945549152513,64.96198553204634,4.256458976428533,0.0,0.0,0.0,797.3208174302074
64,138.9893,0.02909925033729414,1.3566345034131275,15.713595182138835,67.83172517065637,55.443979647204785,0.0,0.0,0.0,793.6208521551187
65,152.8856,0.0007362225083534623,1.1800246795366798,0.3975601545108697,59.00123397683399,77.4,16.086805868655148,0.0,0.0,788.4556869899535
66,166.7863,0.0,0.9994109574142305,0.0,49.97054787071152,77.4,39.41575212928848,0.0,0.0,783.2905218247884
67,152.8856,0.0,0.7806688759316049,0.0,39.033443796580244,77.4,36.45215620341976,0.0,0.0,778.1253566596232
68,125.0886,0.0,0.8028428578312187,0.0,40.14214289156094,77.4,7.546457108439057,0.0,0.0,772.9601914944581
69,97.2916,0.0,1.1007351940165473,0.0,55.03675970082737,42.254840299172635,0.0,0.0,0.0,770.1403823320175
70,55.5939,0.0,1.3278039757308326,0.0,66.39019878654163,0.0,0.0,0.0,0.0,770.3446366333844
71,41.6977,0.0,1.550608392719249,0.0,77.53041963596246,0.0,0.0,0.0,0.0,771.0225529508216
72,50.0345,0.0,1.973818431293987,0.0,98.69092156469935,0.0,0.0,0.0,0.0,771.9430798452888
73,41.6977,0.0,2.4590934687346935,0.0,122.95467343673468,0.0,0.0,0.0,0.0,773.4803739373351
74,33.3564,0.0,2.9145213654980684,0.0,145.7260682749034,0.0,0.0,0.0,3.480779386014518,775.5404339973952
75,27.797,0.0,3.191823395618312,0.0,159.5911697809156,0.0,0.0,0.0,22.905280892026724,777.6004940574553
76,27.797,0.0,3.1747043832939865,0.0,158.73521916469932,0.0,0.0,0.0,22.049330275810433,779.6605541175154
77,27.797,0.0,2.9637214374054066,0.0,148.18607187027033,0.0,0.0,0.0,11.500182981381442,781.7206141775755
78,41.6977,0.0011443970047229244,2.617425520679537,0.6179743825503792,130.87127603397687,0.0,0.0,0.0,11.500182981381442,783.4193732395098
79,83.3909,0.02848228763413264,2.09606616491561,15.380435322431625,104.8033082457805,0.0,0.0,0.0,11.500182981381442,784.1154540637733
80,138.9893,0.07739488076144047,1.3727669696458908,41.793235611177856,68.63834848229455,28.55771590652759,0.0,0.0,0.0,782.2097005831909
81,152.8856,0.12269663583988372,1.388982208741313,66.25618335353721,69.44911043706566,17.180306209397145,0.0,0.0,0.0,781.0632003356502
82,166.7863,0.1594017215196711,1.441429674572532,86.07692962062241,72.07148372862659,8.637886650751028,0.0,0.0,0.0,780.4867647900545
83,166.7863,0.18393047027485454,1.514945192595698,99.32245394842145,75.7472596297849,0.0,0.0,0.0,0.0,780.6434780199124
84,152.8856,0.18367530833705373,1.5660073098378382,99.18466650200902,78.30036549189191,0.0,0.0,0.0,0.0,781.1088726792565
85,125.0886,0.16068126923236103,1.7616515521235516,86.76788538547495,88.08257760617758,0.0,0.0,0.0,0.0,782.0503133304499
86,111.1879,0.13352887074448988,1.8384774224555978,72.10559020202454,91.92387112277989,0.0,0.0,0.0,0.0,783.0500185447029
87,111.1879,0.08588147374452933,1.9319729097142861,46.37599582204584,96.59864548571431,0.0,0.0,0.0,0.0,783.6513893262011
88,138.9893,0.03199690755666723,1.9338655612399336,17.278330080600306,96.69327806199668,25.01769185740301,0.0,0.0,0.0,781.9818736867347
89,152.8856,0.0011529168167180807,1.8980580722868168,0.6225750810277636,94.90290361434084,57.360121304631406,0.0,0.0,0.0,778.1540377638364
90,166.7863,0.0,2.008379557877552,0.0,100.4189778938776,66.36732210612242,0.0,0.0,0.0,773.7251207063708
91,152.8856,0.0,1.8053618684258133,0.0,90.26809342129066,62.61750657870936,0.0,0.0,0.0,769.5464415886726
92,125.0886,0.0,1.598743033892995,0.0,79.93715169464976,45.15144830535024,0.0,0.0,0.0,766.5333319253192
93,97.2916,0.0,1.4282377632829568,0.0,71.41188816414784,25.879711835852163,0.0,0.0,0.0,764.8062907617655
94,55.5939,0.0,1.514945192595698,0.0,75.7472596297849,0.0,0.0,0.0,0.0,765.1875705385452
95,41.6977,0.0,1.8182061571671273,0.0,90.91030785835636,0.0,0.0,0.0,0.0,766.118619876406
96,50.0345,0.0,1.9547438780011028,0.0,97.73719390005515,0.0,0.0,0.0,0.0,767.0211032745151
97,41.6977,0.0,2.3265269330744625,0.0,116.32634665372312,0.0,0.0,0.0,0.0,768.4329965895855
98,33.3564,0.0,2.926195835128517,0.0,146.30979175642585,0.0,0.0,0.0,4.064502867536959,770.4930566496456
99,27.797,0.0,3.42402625687369,0.0,171.2013128436845,0.0,0.0,0.0,34.51542395479561,772.5531167097057
100,27.797,0.0,3.602099172147822,0.0,180.1049586073911,0.0,0.0,0.0,43.419069718502215,774.6131767697658
101,27.797,0.0,3.5525674363552118,0.0,177.62837181776058,0.0,0.0,0.0,40.9424829288717,776.6732368298259
102,41.6977,0.0011777873932986927,3.1942730413678975,0.636005192381294,159.71365206839488,0.0,0.0,0.0,9.7630683718873,778.733296889886
103,83.3909,0.029655549219613064,2.6683738025372308,16.013996578591055,133.41869012686155,0.0,0.0,0.0,9.7630683718873,779.982736097827
104,138.9893,0.08239683704147115,1.8793413824247103,44.494292002394424,93.96706912123551,0.5279388763700581,0.0,0.0,0.0,779.9475049415794
105,152.8856,0.13089023860894483,1.2897772449111968,70.68072884883021,64.48886224555984,17.716008905609954,0.0,0.0,0.0,778.7652554316956
106,166.7863,0.17257230858861689,1.2929281310358522,93.18904663785312,64.64640655179261,8.950846810354278,0.0,0.0,0.0,778.1679349905642
107,166.7863,0.1962989821535875,1.454675129822394,106.00145036293723,72.7337564911197,0.0,0.0,0.0,0.0,778.3939953905058
108,152.8856,0.19299535283368024,1.5849219768339768,104.21749053018733,79.24609884169884,0.0,0.0,0.0,0.0,778.9724978921361
109,125.0886,0.17434982829599965,1.9471392079426373,94.14890727983982,97.35696039713187,0.0,0.0,0.0,0.0,780.2290407941329
110,111.1879,0.1388368782275776,2.378684464679536,74.9719142428919,118.9342232339768,0.0,0.0,0.0,0.0,781.7939804220736
111,111.1879,0.09001393151187966,2.4420515526883615,48.607523016415016,122.10257763441807,0.0,0.0,0.0,0.0,782.9200761100623
112,138.9893,0.034127844918843735,2.3744902230204077,18.429036256175618,118.72451115102038,1.835752592803999,0.0,0.0,0.0,782.7975700978632
113,152.8856,0.001284877403330229,2.1555501710049634,0.6938337977983237,107.77750855024817,44.41425765195352,0.0,0.0,0.0,779.8336556733084
114,166.7863,0.0,1.8569987319316055,0.0,92.84993659658028,73.93636340341973,0.0,0.0,0.0,774.8996307548285
115,152.8856,0.0,1.7184457012597898,0.0,85.92228506298949,66.96331493701052,0.0,0.0,0.0,770.4309410693423
116,125.0886,0.0,1.8532873822393814,0.0,92.66436911196907,32.424230888030934,0.0,0.0,0.0,768.2671618976352
117,97.2916,0.0,2.006451824679537,0.0,100.32259123397684,0.0,0.0,0.0,0.0,768.3245049750348
118,55.5939,0.0,2.2504080615642583,0.0,112.52040307821292,0.0,0.0,0.0,0.0,769.4014928711091
119,41.6977,0.0,2.3849828982327628,0.0,119.24914491163814,0.0,0.0,0.0,0.0,770.8686823694374
120,50.0345,0.0,2.4804814472895744,0.0,124.02407236447873,0.0,0.0,0.0,0.0,772.2684850898464
121,41.6977,0.0,2.6594764016679546,0.0,132.97382008339773,0.0,0.0,0.0,0.0,773.9953306049377
122,33.3564,0.0,2.80599238869498,0.0,140.299619434749,0.0,0.0,0.0,0.0,776.0185807023519
123,27.797,0.0,2.9755005655686713,0.0,148.77502827843355,0.0,0.0,0.0,12.08913938954467,778.078640762412
124,27.797,0.0,3.0682373970038612,0.0,153.41186985019306,0.0,0.0,0.0,16.725980961304174,780.1387008224721
125,27.797,0.0,3.04431309844898,0.0,152.215654922449,0.0,0.0,0.0,15.529766033560122,782.1987608825322
126,41.6977,0.001114613549677633,3.0490899062327634,0.6018913168259219,152.45449531163817,0.0,0.0,0.0,2.469797739575199,784.2588209425923
127,83.3909,0.028139189377777374,2.8657596451583003,15.195162263999782,143.28798225791502,0.0,0.0,0.0,2.469797739575199,785.679485028142
128,138.9893,0.08012949190020444,2.334832679536679,43.2699256261104,116.74163397683395,0.0,0.0,0.0,2.469797739575199,786.0772034530626
129,152.8856,0.12952798800623994,1.8329382909740768,69.94511352336956,91.64691454870383,0.0,0.0,0.0,2.469797739575199,786.2419196598315
130,166.7863,0.16995523786001004,1.7292000304644235,91.77582844440542,86.46000152322118,0.0,0.0,0.0,2.469797739575199,786.4585323889488
131,166.7863,0.19573685708574917,1.9018121012597908,105.69790282630456,95.09060506298954,0.0,0.0,0.0,2.469797739575199,787.1018174030706
132,152.8856,0.1978317510869028,2.215861863360176,106.82914558692751,110.79309316800881,0.0,0.0,0.0,2.469797739575199,788.3265646227586
133,125.0886,0.17674344506188217,2.474055057862108,95.44146033341637,123.7027528931054,0.0,0.0,0.0,2.469797739575199,790.1059951432604
134,111.1879,0.14369236814886407,2.733345484178709,77.5938788003866,136.66727420893545,0.0,0.0,0.0,2.469797739575199,792.0560296596531
135,111.1879,0.09219543110954483,2.9472725866254823,49.78553279915421,147.36362933127413,0.0,0.0,0.0,2.469797739575199,793.6823238080666
136,138.9893,0.0332929039204307,3.0562626639426367,17.97816811703258,152.81313319713183,0.0,0.0,0.0,2.469797739575199,794.2839832923886
137,152.8856,0.0013537722122865235,3.065840435715388,0.7310369946347227,153.2920217857694,0.0,0.0,0.0,2.469797739575199,794.3055027828286
138,166.7863,0.0,3.063444481976835,0.0,153.17222409884175,13.614075901158259,0.0,0.0,0.0,793.3969892091777
139,152.8856,0.0,3.113971377667954,0.0,155.6985688833977,0.0,0.0,0.0,0.0,793.4502075394041
140,125.0886,0.0,3.0682373970038612,0.0,153.41186985019306,0.0,0.0,0.0,0.0,793.9860531852186
141,97.2916,0.0,2.758204633204633,0.0,137.91023166023163,0.0,0.0,0.0,0.0,794.7545137841959
142,55.5939,0.0,2.4314312075366797,0.0,121.57156037683399,0.0,0.0,0.0,0.0,796.0027397913252
143,41.6977,0.0,2.406039028138997,0.0,120.30195140694985,0.0,0.0,0.0,0.0,797.4898472503756
144,50.0345,0.0,2.448435147190292,0.0,122.4217573595146,0.0,0.0,0.0,0.0,798.8593359031232
145,41.6977,0.0,2.540875408555985,0.0,127.04377042779925,0.0,0.0,0.0,0.0,800.4739912895951
146,33.3564,0.0,2.699637155618313,0.0,134.98185778091565,0.0,0.0,0.0,0.0,802.3966350854503
147,27.797,0.0,2.7650049606883624,0.0,138.25024803441812,0.0,0.0,0.0,1.564359145529238,804.4566951455104
148,27.797,0.0,2.571353996108109,0.0,128.56769980540545,0.0,0.0,0.0,1.564359145529238,806.3631678445315
149,27.797,0.0,2.2688059231594035,0.0,113.44029615797018,0.0,0.0,0.0,1.564359145529238,807.9834464204931
150,41.6977,0.0011533760660122194,1.9719069296679543,0.6228230756465986,98.59534648339772,0.0,0.0,0.0,1.564359145529238,809.0716715202589
151,83.3909,0.030677614782922913,1.6178364951439608,16.565911982778374,80.89182475719804,0.0,0.0,0.0,1.564359145529238,809.3378008639882
152,138.9893,0.08473569862373413,1.167912928688362,45.75727725681643,58.395646434418104,34.83637630876545,0.0,0.0,0.0,807.0130510269
153,152.8856,0.1325889555039926,0.9613484081632651,71.59803597215601,48.06742040816325,33.220143619680755,0.0,0.0,0.0,804.7961578924535
154,166.7863,0.16727736730926332,0.9155893024335355,90.32977834700219,45.77946512167678,30.67705653132103,0.0,0.0,0.0,802.7489736060791
155,166.7863,0.19351337141704783,0.888261343382239,104.49722056520582,44.413067169111955,17.87601226568225,0.0,0.0,0.0,801.5560465279555
156,152.8856,0.19111523229212538,0.9087287694826255,103.2022254377477,45.43643847413127,4.246936088121032,0.0,0.0,0.0,801.272634042929
157,125.0886,0.1718993394093091,1.1348692818532817,92.82564328102691,56.743464092664084,0.0,0.0,0.0,0.0,801.7357787770259
158,111.1879,0.14039783134594652,1.5918256615642576,75.81482892681113,79.59128307821288,0.0,0.0,0.0,0.0,802.5723395446885
159,111.1879,0.09079841326959948,2.078381506965251,49.031143165583714,103.91907534826255,0.0,0.0,0.0,0.0,803.362437462518
160,138.9893,0.03479865231770911,2.3410718406883615,18.79127225156292,117.05359203441807,3.1444357140189823,0.0,0.0,0.0,803.1525985760302
161,152.8856,0.0014427292826456391,2.1996974930038604,0.7790738126286452,109.98487465019302,42.12165153717835,0.0,0.0,0.0,800.3416775525282
162,166.7863,0.0,2.0025990687346944,0.0,100.12995343673472,66.65634656326529,0.0,0.0,0.0,795.8934729103349
163,152.8856,0.0,1.9319729097142861,0.0,96.59864548571431,56.286954514285696,0.0,0.0,0.0,792.137253056195
164,125.0886,0.0,2.2688059231594035,0.0,113.44029615797018,11.648303842029819,0.0,0.0,0.0,791.359922135806
165,97.2916,0.0,2.3286019629961383,0.0,116.43009814980691,0.0,0.0,0.0,0.0,791.722001830532
166,55.5939,0.0,2.1276883151285166,0.0,106.38441575642584,0.0,0.0,0.0,0.0,792.6829034799779
167,41.6977,0.0,1.9471392079426373,0.0,97.35696039713187,0.0,0.0,0.0,0.0,793.7359165145182
168,50.0345,0.0,1.8237240837153879,0.0,91.1862041857694,0.0,0.0,0.0,0.0,794.5144622693841
169,41.6977,0.0,1.9376535510204091,0.0,96.88267755102046,0.0,0.0,0.0,0.0,795.5585023852143
170,33.3564,0.0,2.2585755836999444,0.0,112.92877918499723,0.0,0.0,0.0,0.0,797.0639257752007
171,27.797,0.0,2.5757234552939887,0.0,128.78617276469944,0.0,0.0,0.0,0.0,798.9745317464248
172,27.797,0.0,2.6862152315763925,0.0,134.31076157881964,0.0,0.0,0.0,0.0,800.9896569654835
173,27.797,0.0,2.602021096525096,0.0,130.1010548262548,0.0,0.0,0.0,0.0,802.9251390838181
174,41.6977,0.0011858634482795909,2.3306779305725316,0.640366262070979,116.53389652862658,0.0,0.0,0.0,0.0,804.353074055534
175,83.3909,0.029898695986874706,1.8662926292509656,16.145295832912343,93.31463146254828,0.0,0.0,0.0,0.0,804.8462718692318
176,138.9893,0.0823405419836447,1.192187737698842,44.46389267116814,59.6093868849421,34.91602044388975,0.0,0.0,0.0,802.5162071082115
177,152.8856,0.13077643406408304,0.8950648164324325,70.61927439460484,44.753240821621624,37.513084783773536,0.0,0.0,0.0,800.0128314135986
178,166.7863,0.16404588843585907,1.0568404865482623,88.58477975536391,52.842024327413114,25.359495917222972,0.0,0.0,0.0,798.3205060270639
179,166.7863,0.18979414000641218,1.3987511712829561,102.48883560346258,69.9375585641478,0.0,0.0,0.0,0.0,798.4272105113159
180,152.8856,0.18997965204159123,1.7962138074440155,102.58901210245926,89.81069037220078,0.0,0.0,0.0,0.0,799.1747746121879
181,125.0886,0.17429670195215116,2.151558883618312,94.12021905416164,107.5779441809156,0.0,0.0,0.0,0.0,800.6241447274462
182,111.1879,0.13972862374419526,2.491211157250964,75.45345682186544,124.56055786254821,0.0,0.0,0.0,0.0,802.3046387890431
183,111.1879,0.09007840923006306,2.5235434875763927,48.64234098423405,126.17717437881963,0.0,0.0,0.0,0.0,803.5084801607766
184,138.9893,0.034650244515294186,2.491211157250964,18.71113203825886,124.56055786254821,0.0,0.0,0.0,0.0,803.5894983480891
185,152.8856,0.001528865108130373,2.2770069606795373,0.8255871583904014,113.85034803397687,38.209664807632734,0.0,0.0,0.0,801.0396375000656
186,166.7863,0.0,2.103949749445118,0.0,105.1974874722559,61.5888125277441,0.0,0.0,0.0,796.9296066340166
187,152.8856,0.0,1.8774746084324334,0.0,93.87373042162167,59.011869578378345,0.0,0.0,0.0,792.9915439327568
188,125.0886,0.0,1.7580318371583012,0.0,87.90159185791507,37.187008142084935,0.0,0.0,0.0,790.5099284411262
189,97.2916,0.0,1.7471936947115272,0.0,87.35968473557637,9.931915264423637,0.0,0.0,0.0,789.8471379663565
190,55.5939,0.0,1.7508029101467173,0.0,87.54014550733586,0.0,0.0,0.0,0.0,790.4515263948737
191,41.6977,0.0,1.9357591082713737,0.0,96.78795541356868,0.0,0.0,0.0,0.0,791.4937744702655
192,50.0345,0.0,2.1835922785570876,0.0,109.17961392785438,0.0,0.0,0.0,0.0,792.6127360851168
193,41.6977,0.0,2.351489223942636,0.0,117.5744611971318,0.0,0.0,0.0,0.0,794.0482423780355
194,33.3564,0.0,2.593239797939327,0.0,129.66198989696636,0.0,0.0,0.0,0.0,795.8702400247349
195,27.797,0.0,2.895893890788747,0.0,144.79469453943733,0.0,0.0,0.0,8.108805650548447,797.930300084795
196,27.797,0.0,3.0062433065372316,0.0,150.3121653268616,0.0,0.0,0.0,13.626276437972706,799.9903601448551
197,27.797,0.0,2.778632087510205,0.0,138.93160437551023,0.0,0.0,0.0,2.24571548662135,802.0504202049152
198,41.6977,0.0011038031152005902,2.2955138587887474,0.5960536822083188,114.77569293943736,0.0,0.0,0.0,2.24571548662135,803.4442535193788
199,83.3909,0.028404534308412773,1.7292000304644235,15.338448526542898,86.46000152322118,0.0,0.0,0.0,2.24571548662135,803.7925044662662
200,138.9893,0.07948789119106806,0.99657216988417,42.92346124317675,49.828608494208495,46.23723026261473,0.0,0.0,0.0,800.7069368811735
201,152.8856,0.1279965504884631,0.7587091946254826,69.11813726377007,37.93545973127413,45.83200300495582,0.0,0.0,0.0,797.6484114887841
202,166.7863,0.16579291118145323,0.8345141476183118,89.52817203798475,41.72570738091559,35.53242058109967,0.0,0.0,0.0,795.2772122508061
203,166.7863,0.1935736785791036,0.9321324494296743,104.52978643271594,46.60662247148372,15.64989109580037,0.0,0.0,0.0,794.2328418073092
204,152.8856,0.19558017773326883,1.121462501877551,105.61329597596517,56.07312509387755,0.0,0.0,0.0,0.0,794.3993438275495
205,125.0886,0.17276788833416204,1.454675129822394,93.2946597004475,72.7337564911197,0.0,0.0,0.0,0.0,795.1738808906332
206,111.1879,0.13669410667618828,1.7980416591285167,73.81481760514168,89.90208295642583,0.0,0.0,0.0,0.0,796.1676727931493
207,111.1879,0.0877885651284283,2.145578846217319,47.40582516935128,107.27894231086594,0.0,0.0,0.0,0.0,796.9905865022346
208,138.9893,0.033888319979595995,2.3997122711439607,18.29969278898184,119.98561355719804,0.7039936538201061,0.0,0.0,0.0,796.9436066120898
209,152.8856,0.0015702402547539023,2.4633634513756197,0.8479297375671073,123.16817256878099,28.869497693651905,0.0,0.0,0.0,795.0170468727737
210,166.7863,0.0,2.4569599036999454,0.0,122.84799518499727,43.93830481500274,0.0,0.0,0.0,792.0848943993
211,152.8856,0.0,2.393394017853282,0.0,119.66970089266411,33.2158991073359,0.0,0.0,0.0,789.8682845155938
212,125.0886,0.0,2.1336435676911205,0.0,106.68217838455602,18.406421615443975,0.0,0.0,0.0,788.6399614181335
213,97.2916,0.0,1.8384774224555978,0.0,91.92387112277989,5.367728877220117,0.0,0.0,0.0,788.2817546195201
214,55.5939,0.0,1.6899206133480413,0.0,84.49603066740207,0.0,0.0,0.0,0.0,788.8285516862007
215,41.6977,0.0,1.6178364951439608,0.0,80.89182475719804,0.0,0.0,0.0,0.0,789.5700621545801
216,50.0345,0.0,1.658095251027027,0.0,82.90476255135135,0.0,0.0,0.0,0.0,790.1919319866327
217,41.6977,0.0,1.873743727691119,0.0,93.68718638455596,0.0,0.0,0.0,0.0,791.1755168641783
218,33.3564,0.0,2.03934634526641,0.0,101.9673172633205,0.0,0.0,0.0,0.0,792.4735612448358
219,27.797,0.0,2.1435873378841706,0.0,107.17936689420853,0.0,0.0,0.0,0.0,793.9753898076991
220,27.797,0.0,2.1755618209111973,0.0,108.77809104555986,0.0,0.0,0.0,0.0,795.5074645031557
221,27.797,0.0,1.9680866254296756,0.0,98.40433127148378,0.0,0.0,0.0,0.0,796.8432788785622
222,41.6977,0.0011363551652757888,1.7616515521235516,0.6136317892489259,88.08257760617758,0.0,0.0,0.0,0.0,797.7324398671243
223,83.3909,0.029233224685512274,1.4118230051583012,15.785941330176628,70.59115025791506,0.0,0.0,0.0,0.0,797.7889353836557
224,138.9893,0.08183103935025178,1.0022528474440158,44.18876124913596,50.11264237220079,44.68789637866324,0.0,0.0,0.0,794.8067601164777
225,152.8856,0.13085521726049912,0.8080915220474348,70.66181732066953,40.40457610237174,41.81920657695875,0.0,0.0,0.0,792.0160222735041
226,166.7863,0.16959033827018252,0.8598935679999997,91.57878266589857,42.994678399999984,32.212838934101455,0.0,0.0,0.0,789.8663500056294
227,166.7863,0.19568537667896407,0.9725674998610035,105.6701034066406,48.62837499305018,12.487821600309218,0.0,0.0,0.0,789.032995210814
228,152.8856,0.1947919214508534,1.10664144753668,105.18763758346084,55.332072376834,0.0,0.0,0.0,0.0,789.1774243181709
229,125.0886,0.17638527057833991,1.2834852715455045,95.24804611230356,64.17426357727523,0.0,0.0,0.0,0.0,789.8269809879737
230,111.1879,0.1379555914651585,1.5031404585725319,74.4960193911856,75.15702292862659,0.0,0.0,0.0,0.0,790.5546998967269
231,111.1879,0.08821115897316635,1.8108612740165473,47.63402584550983,90.54306370082736,0.0,0.0,0.0,0.0,791.0653061854414
232,138.9893,0.03457148859504378,2.043233504688362,18.668603841323645,102.1616752344181,18.159020924258243,0.0,0.0,0.0,789.8534929772827
233,152.8856,0.0016724247790626452,2.100006129738555,0.9031093806938285,105.00030648692776,46.98218413237842,0.0,0.0,0.0,786.7182120875677
234,166.7863,0.0,2.1138247999470483,0.0,105.69123999735241,61.09506000264759,0.0,0.0,0.0,782.6411310063099
235,152.8856,0.0,2.153554067591837,0.0,107.67770337959186,45.20789662040815,0.0,0.0,0.0,779.6242543549647
236,125.0886,0.0,2.17355651145284,0.0,108.677825572642,16.410774427357993,0.0,0.0,0.0,778.5291075796989
237,97.2916,0.0,2.082305045780474,0.0,104.1152522890237,0.0,0.0,0.0,0.0,778.6582037040858
238,55.5939,0.0,1.916863910301159,0.0,95.84319551505796,0.0,0.0,0.0,0.0,779.4196768624788
239,41.6977,0.0,1.7834434690965253,0.0,89.17217345482626,0.0,0.0,0.0,0.0,780.317842576489
240,50.0345,0.0,1.7381859494054055,0.0,86.90929747027027,0.0,0.0,0.0,0.0,781.0154738799806
241,41.6977,0.0,1.9225230772597917,0.0,96.12615386298958,0.0,0.0,0.0,0.0,782.0452013854966
242,33.3564,0.0,2.3244528405956975,0.0,116.22264202978488,0.0,0.0,0.0,0.0,783.6129410995736
243,27.797,0.0,2.838091861003861,0.0,141.90459305019306,0.0,0.0,0.0,5.218704161304174,785.6730011596337
244,27.797,0.0,3.080237324108108,0.0,154.0118662054054,0.0,0.0,0.0,17.325977316516514,787.7330612196938
245,27.797,0.0,2.9873046812664095,0.0,149.3652340633205,0.0,0.0,0.0,12.679345174431603,789.7931212797539
246,41.6977,0.0010635550414456365,2.690685312741312,0.5743197223806437,134.5342656370656,0.0,0.0,0.0,12.679345174431603,791.5603542460137
247,83.3909,0.027565431404960396,2.159545136997243,14.885332958678616,107.97725684986214,0.0,0.0,0.0,12.679345174431603,792.3071159450942
248,138.9893,0.0779768467912465,1.5900984576988422,42.10749726727311,79.5049228849421,17.376879847784778,0.0,0.0,0.0,791.1474976703005
249,152.8856,0.1273911064828663,1.3453909134826256,68.79119750074781,67.26954567413128,16.824856825120918,0.0,0.0,0.0,790.0247177687241
250,166.7863,0.15994357535067522,1.443082426069498,86.36953068936462,72.15412130347491,8.262648007160493,0.0,0.0,0.0,789.4733231736517
251,166.7863,0.19122816725489528,1.4613179703210153,103.26321031764346,73.06589851605077,0.0,0.0,0.0,0.0,789.6538628002351
252,152.8856,0.1923802235272561,1.5284870780540534,103.88532070471828,76.42435390270266,0.0,0.0,0.0,0.0,790.1726966441593
253,125.0886,0.17210093600231885,1.7598412568428028,92.93450544125218,87.99206284214014,0.0,0.0,0.0,0.0,791.22909063871
254,111.1879,0.133814820413993,2.1118479602868176,72.26000302355624,105.59239801434089,0.0,0.0,0.0,0.0,792.4903109286162
255,111.1879,0.08584259533573532,2.318236185698841,46.35500148129707,115.91180928494205,0.0,0.0,0.0,0.0,793.4566686998694
256,138.9893,0.03359830367047195,2.2934538025372317,18.143083982054854,114.67269012686158,6.173525891083557,0.0,0.0,0.0,793.0446883267574
257,152.8856,0.001712948300084213,2.0901630668814124,0.9249920820454751,104.50815334407062,47.45245457388391,0.0,0.0,0.0,789.87802469153
258,166.7863,0.0,1.9225230772597917,0.0,96.12615386298958,70.66014613701043,0.0,0.0,0.0,785.162632890595
259,152.8856,0.0,1.8980580722868168,0.0,94.90290361434084,57.98269638565917,0.0,0.0,0.0,781.2932504157428
260,125.0886,0.0,1.941445124518478,0.0,97.07225622592391,28.01634377407609,0.0,0.0,0.0,779.4236245382602
261,97.2916,0.0,1.9093308637617206,0.0,95.46654318808604,1.8250568119139672,0.0,0.0,0.0,779.3018322918863
262,55.5939,0.0,1.9036904534980688,0.0,95.18452267490343,0.0,0.0,0.0,0.0,780.0508440722223
263,41.6977,0.0,1.9680866254296756,0.0,98.40433127148378,0.0,0.0,0.0,0.0,781.1236722314125
264,50.0345,0.0,2.0980356905725315,0.0,104.90178452862658,0.0,0.0,0.0,0.0,782.1617019387108
265,41.6977,0.0,2.437800568833977,0.0,121.89002844169885,0.0,0.0,0.0,0.0,783.6788540984187
266,33.3564,0.0,2.7018775510204076,0.0,135.09387755102037,0.0,0.0,0.0,0.0,785.6036171872217
267,27.797,0.0,2.9191881698841704,0.0,145.95940849420853,0.0,0.0,0.0,9.273519605319649,787.6636772472818
268,27.797,0.0,2.921523063598455,0.0,146.07615317992276,0.0,0.0,0.0,9.390264291033873,789.7237373073419
269,27.797,0.0,2.7831823128428024,0.0,139.1591156421401,0.0,0.0,0.0,2.4732267532512253,791.783797367402
270,41.6977,0.000991520775564991,2.4612279845559852,0.5354212188050951,123.06139922779926,0.0,0.0,0.0,2.4732267532512253,793.3332401866621
271,83.3909,0.025425255916570258,1.9036904534980688,13.729638194947938,95.18452267490343,0.0,0.0,0.0,2.4732267532512253,793.8161126896052
272,138.9893,0.07130939929646408,1.2212812647501377,38.5070756200906,61.064063237506886,39.4181611424025,0.0,0.0,0.0,791.1856047721943
273,152.8856,0.11503584762099867,0.8331859034440154,62.119357715339284,41.65929517220077,49.10694711245995,0.0,0.0,0.0,787.9085312244827
274,166.7863,0.14798713386385184,0.7962987912895751,79.91305228648,39.814939564478756,47.05830814904127,0.0,0.0,0.0,784.7681703203091
275,166.7863,0.17866296631239978,0.7078787383210148,96.47800180869588,35.39393691605074,34.914361275253384,0.0,0.0,0.0,782.4382162812532
276,152.8856,0.17870848891995472,0.702860108108108,96.50258401677554,35.1430054054054,21.240010577819078,0.0,0.0,0.0,781.020798157942
277,125.0886,0.16189845126287758,0.8720103430777714,87.42516368195389,43.60051715388857,0.0,0.0,0.0,0.0,781.1331213088903
278,111.1879,0.1277899010266535,1.0904296745725317,69.00654655439288,54.521483728626585,0.0,0.0,0.0,0.0,781.3665832331636
279,111.1879,0.08327805796694394,1.1937117329156095,44.97015130214973,59.685586645780475,6.532162052069793,0.0,0.0,0.0,780.9306698496421
280,138.9893,0.03317170853129327,1.1800246795366798,17.912722606898367,59.00123397683399,62.07534341626763,0.0,0.0,0.0,776.7881711231644
281,152.8856,0.0017979005811484593,1.1274131274131274,0.9708663138201681,56.37065637065637,77.4,18.144077315523475,0.0,0.0,771.6230059579992
282,166.7863,0.0,1.1229489676072806,0.0,56.147448380364025,77.4,33.23885161963598,0.0,0.0,766.4578407928341
283,152.8856,0.0,1.0641071106188635,0.0,53.20535553094318,77.4,22.280244469056825,0.0,0.0,761.2926756276689
284,125.0886,0.0,0.9238471205559847,0.0,46.192356027799235,77.4,1.4962439722007588,0.0,0.0,756.1275104625038
285,97.2916,0.0,0.702860108108108,0.0,35.1430054054054,62.1485945945946,0.0,0.0,0.0,751.9801234358375
286,55.5939,0.0,0.6229316050744622,0.0,31.146580253723112,24.447319746276886,0.0,0.0,0.0,750.3486706666499
287,41.6977,0.0,0.6025278309806951,0.0,30.126391549034754,11.571308450965244,0.0,0.0,0.0,749.5764779104961
288,50.0345,0.0,0.6582154047964698,0.0,32.91077023982349,17.12372976017651,0.0,0.0,0.0,748.4337532017756
289,41.6977,0.0,0.9169636969266413,0.0,45.84818484633206,0.0,0.0,0.0,0.0,748.5122758880576
290,33.3564,0.0,1.1664025619768337,0.0,58.320128098841685,0.0,0.0,0.0,0.0,748.9845626358735
291,27.797,0.0,1.4497018025372312,0.0,72.48509012686156,0.0,0.0,0.0,0.0,749.830012989625
292,27.797,0.0,1.645794347490348,0.0,82.28971737451741,0.0,0.0,0.0,0.0,750.860956291305
293,27.797,0.0,1.7345889641478214,0.0,86.72944820739107,0.0,0.0,0.0,0.0,751.975894500634
294,41.6977,0.0009495655142375482,1.6108814120242687,0.5127653776882761,80.54407060121343,0.0,0.0,0.0,0.0,752.7205268029376
295,83.3909,0.024596096121179755,1.2429050272829565,13.28189190543707,62.145251364147825,7.963756730415113,0.0,0.0,0.0,752.1890782390126
296,138.9893,0.06898244991937041,0.7344183430777715,37.250522956460024,36.72091715388858,65.01785988965139,0.0,0.0,0.0,747.8502153835136
297,152.8856,0.11202489806956549,0.42042046171428554,60.493444957565366,21.021023085714276,71.37113195672038,0.0,0.0,0.0,743.0873770814302
298,166.7863,0.1465431645836882,0.35560480451847765,79.13330887519163,17.780240225923883,69.8727508988845,0.0,0.0,0.0,738.4245308419318
299,166.7863,0.17955366941656364,0.32668413560728077,96.95898148494437,16.33420678036404,53.493111734691595,0.0,0.0,0.0,734.854753615726
300,152.8856,0.1808643363649085,0.4301956357153887,97.66674163705059,21.509781785769437,33.709076577179985,0.0,0.0,0.0,732.605232322621
301,125.0886,0.16510882125260637,0.6705225617297299,89.15876347640744,33.526128086486494,2.4037084371060615,0.0,0.0,0.0,732.4448246858437
302,111.1879,0.12931924253295227,0.8950648164324325,69.83239096779423,44.753240821621624,0.0,0.0,0.0,0.0,732.5091060980759
303,111.1879,0.0823820467914302,0.9739733563022617,44.48630526737231,48.69866781511308,18.002926917514614,0.0,0.0,0.0,731.3077095737173
304,138.9893,0.03318649688946435,0.9641485574142307,17.92070832031075,48.207427870711534,72.8611638089777,0.0,0.0,0.0,726.4454363799249
305,152.8856,0.0018684139240812065,0.8491743938929951,1.0089435190038516,42.45871969464975,77.4,32.01793678634641,0.0,0.0,721.2802712147598
306,166.7863,0.0,0.8212654303099834,0.0,41.063271515499174,77.4,48.32302848450084,0.0,0.0,716.1151060495946
307,152.8856,0.0,0.7690165334980694,0.0,38.45082667490347,77.4,37.03477332509654,0.0,0.0,710.9499408844295
308,125.0886,0.0,0.8292056700540538,0.0,41.46028350270269,77.4,6.2283164972973,0.0,0.0,705.7847757192643
309,97.2916,0.0,0.8465021299856592,0.0,42.32510649928296,54.96649350071704,0.0,0.0,0.0,702.1166747182154
310,55.5939,0.0,0.8612368565868722,0.0,43.06184282934361,12.532057170656387,0.0,0.0,0.0,701.2803679333869
311,41.6977,0.0,0.8572092533127416,0.0,42.86046266563708,0.0,0.0,0.0,0.0,701.30236614598
312,50.0345,0.0,0.921091460024269,0.0,46.05457300121345,3.9799269987865524,0.0,0.0,0.0,701.0367720853336
313,41.6977,0.0,1.2089959170965248,0.0,60.449795854826235,0.0,0.0,0.0,0.0,701.3915414663709
314,33.3564,0.0,1.7980416591285167,0.0,89.90208295642583,0.0,0.0,0.0,0.0,702.4613246574384
315,27.797,0.0,2.3997122711439607,0.0,119.98561355719804,0.0,0.0,0.0,0.0,704.2054335625745
316,27.797,0.0,2.5648070203022617,0.0,128.24035101511308,0.0,0.0,0.0,0.0,706.1057131763739
317,27.797,0.0,2.3306779305725316,0.0,116.53389652862658,0.0,0.0,0.0,0.0,707.7845193269155
318,41.6977,0.0009181039640149713,1.9547438780011028,0.4957761405680845,97.73719390005515,0.0,0.0,0.0,0.0,708.8541055168732
319,83.3909,0.02311646214718041,1.5437865489156095,12.482889559477423,77.18932744578048,0.0,0.0,0.0,0.0,708.9729412439997
320,138.9893,0.06476093310295199,1.0510413023099832,34.970903875594075,52.55206511549916,51.46633100890675,0.0,0.0,0.0,705.5384179868154
321,152.8856,0.10754271946581784,0.8186246707115277,58.073068511541635,40.93123353557638,53.881297952881994,0.0,0.0,0.0,701.9427357744108
322,166.7863,0.14168097194816154,0.8305316648736901,76.50772485200723,41.526583243684506,48.751991904308284,0.0,0.0,0.0,698.6893495946105
323,166.7863,0.1603058232568103,0.9501785904644235,86.56514455867757,47.50892952322118,32.71222591810127,0.0,0.0,0.0,696.5063515353445
324,152.8856,0.16157403464557432,1.1081199886332047,87.24997870861014,55.405999431660234,10.229621859729633,0.0,0.0,0.0,695.8236940872478
325,125.0886,0.14951445073306188,1.2992397106409268,80.73780339585342,64.96198553204634,0.0,0.0,0.0,0.0,696.2136354993972
326,111.1879,0.11730189961491459,1.443082426069498,63.34302579205388,72.15412130347491,0.0,0.0,0.0,0.0,696.6735401741776
327,111.1879,0.07533545467369579,1.4746439448428024,40.68114552379573,73.73219724214012,0.0,0.0,0.0,0.0,696.7345620643439
328,138.9893,0.030230851407351923,1.5217093609972425,16.32465975997004,76.08546804986213,46.57917219016781,0.0,0.0,0.0,693.6261755318002
329,152.8856,0.0018264784050887463,1.4796550536613347,0.9862983387479229,73.98275268306674,77.4,0.0,0.516548978185341,0.0,688.461010366635
330,166.7863,0.0,1.3437879845559848,0.0,67.18939922779924,77.4,22.196900772200763,0.0,0.0,683.2958452014699
331,152.8856,0.0,1.285057040555985,0.0,64.25285202779925,77.4,11.232747972200755,0.0,0.0,678.1306800363047
332,125.0886,0.0,1.3566345034131275,0.0,67.83172517065637,57.25687482934363,0.0,0.0,0.0,674.3097341017473
333,97.2916,0.0,1.5694386612597901,0.0,78.4719330629895,18.819666937010496,0.0,0.0,0.0,673.0538337389171
334,55.5939,0.0,1.9036904534980688,0.0,95.18452267490343,0.0,0.0,0.0,0.0,673.8028455192531
335,41.6977,0.0,2.2422554131274124,0.0,112.11277065637061,0.0,0.0,0.0,0.0,675.1350225316709
336,50.0345,0.0,2.4505649111969117,0.0,122.52824555984559,0.0,0.0,0.0,0.0,676.5065258260463
337,41.6977,0.0,2.666147996169883,0.0,133.30739980849415,0.0,0.0,0.0,0.0,678.2396823089097
338,33.3564,0.0,2.7265862506254823,0.0,136.32931253127413,0.0,0.0,0.0,0.0,680.1878184919337
339,27.797,0.0,2.666147996169883,0.0,133.30739980849415,0.0,0.0,0.0,0.0,682.1839611910134
340,27.797,0.0,2.4612279845559852,0.0,123.06139922779926,0.0,0.0,0.0,0.0,683.9862606358637
341,27.797,0.0,2.279059550429122,0.0,113.9529775214561,0.0,0.0,0.0,0.0,685.6162385889724
342,41.6977,0.0009101916610440842,2.078381506965251,0.4915034969638055,103.91907534826255,0.0,0.0,0.0,0.0,686.8026984590172
343,83.3909,0.024066949493152048,1.7943868355918362,12.996152726302105,89.71934177959182,0.0,0.0,0.0,0.0,687.1682988956152
344,138.9893,0.06889855885622315,1.3119021467181469,37.2052217823605,65.59510733590734,36.18897088173213,0.0,0.0,0.0,684.7532858237612
345,152.8856,0.11391640165316874,1.121462501877551,61.51485689271112,56.07312509387755,35.29761801341134,0.0,0.0,0.0,682.3977557594694
346,166.7863,0.1475294474167175,1.2044022116183126,79.66590160502746,60.22011058091563,26.900287814056924,0.0,0.0,0.0,680.6026080908637
347,166.7863,0.18091104530638544,1.3518108725868727,97.69196446544814,67.59054362934364,1.5037919052082316,0.0,0.0,0.0,680.5022549440363
348,152.8856,0.17989632265369304,1.538679087020408,97.14401423299425,76.93395435102039,0.0,0.0,0.0,0.0,680.9031916469771
349,125.0886,0.1617390683624944,1.7435879757308328,87.33909691574698,87.17939878654164,0.0,0.0,0.0,0.0,681.8383518359393
350,111.1879,0.1261145545873731,2.03934634526641,68.10185947718148,101.9673172633205,0.0,0.0,0.0,0.0,682.9523219364353
351,111.1879,0.08296098321919274,2.2422554131274124,44.79893093836408,112.11277065637061,0.0,0.0,0.0,0.0,683.8173668314708
352,138.9893,0.03350722935524177,2.0881971931428565,18.093903851830557,104.40985965714282,16.485536491026608,0.0,0.0,0.0,682.7172309295005
353,152.8856,0.0021115304982882777,1.7725317231902922,1.14022646907567,88.6265861595146,63.11878737140974,0.0,0.0,0.0,678.5050996401171
354,166.7863,0.0,1.4513587403331494,0.0,72.56793701665747,77.4,16.81836298334254,0.0,0.0,673.339934474952
355,152.8856,0.0,1.24911239271925,0.0,62.4556196359625,77.4,13.029980364037499,0.0,0.0,668.1747693097868
356,125.0886,0.0,1.199815751730833,0.0,59.99078758654165,65.09781241345834,0.0,0.0,0.0,663.8305709505304
357,97.2916,0.0,1.2945047996999448,0.0,64.72523998499724,32.56636001500276,0.0,0.0,0.0,661.657307018932
358,55.5939,0.0,1.6091447862857151,0.0,80.45723931428576,0.0,0.0,0.0,0.0,662.1276945194726
359,41.6977,0.0,1.8961823951285168,0.0,94.80911975642584,0.0,0.0,0.0,0.0,663.1325051635131
360,50.0345,0.0,2.100006129738555,0.0,105.00030648692776,0.0,0.0,0.0,0.0,664.1723987997523
361,41.6977,0.0,2.5235434875763927,0.0,126.17717437881963,0.0,0.0,0.0,0.0,665.770659125838
362,33.3564,0.0,3.046700999413127,0.0,152.33504997065634,0.0,0.0,0.0,10.089761081767449,667.8307191858981
363,27.797,0.0,3.241010119413127,0.0,162.05050597065636,0.0,0.0,0.0,25.364617081767477,669.8907792459582
364,27.797,0.0,2.9168542705879754,0.0,145.84271352939876,0.0,0.0,0.0,9.156824640509882,671.9508393060183
365,27.797,0.0,2.230054299004963,0.0,111.50271495024815,0.0,0.0,0.0,9.156824640509882,673.5344609402122
366,41.6977,0.0010974243725854935,1.7309954694142309,0.5926091611961666,86.54977347071154,0.0,0.0,0.0,9.156824640509882,674.3942252062212
367,83.3909,0.027946166372519676,1.3922352079426363,15.090929841160625,69.61176039713182,0.0,0.0,0.0,9.156824640509882,674.4190428593781
368,138.9893,0.07976427114159915,1.055389514872587,43.07270641646354,52.76947574362934,43.14711783990711,0.0,0.0,0.0,671.5396889828411
369,152.8856,0.12902328971527977,0.8841883654142308,69.67257644625107,44.209418270711545,39.00360528303739,0.0,0.0,0.0,668.9368457874432
370,166.7863,0.16020393551082326,1.0308427580011033,86.51012517584456,51.54213790005516,28.73403692410028,0.0,0.0,0.0,667.0193258058549
371,166.7863,0.19407109399137856,1.0236660858775508,104.79839075534443,51.18330429387754,10.804604950778042,0.0,0.0,0.0,666.2982977811116
372,152.8856,0.19497696143721166,1.1007351940165473,105.2875591760943,55.03675970082737,0.0,0.0,0.0,0.0,666.4390303004047
373,125.0886,0.18190162774793048,1.2398062075763925,98.22687898388246,61.99031037881962,0.0,0.0,0.0,0.0,667.1036252342936
374,111.1879,0.14178940724402578,1.4134607298223936,76.56627991177392,70.67303649111967,0.0,0.0,0.0,0.0,667.7856790581321
375,111.1879,0.0929798390628747,1.498093958001103,50.20911309395234,74.90469790005515,0.0,0.0,0.0,0.0,668.0491422390999
376,138.9893,0.03833443329450099,1.4265925337804741,20.700593979030533,71.32962668902371,46.959079331945745,0.0,0.0,0.0,664.9154032112757
377,152.8856,0.002389360986586232,1.441429674572532,1.2902549327565653,72.07148372862659,77.4,2.123861338616848,0.0,0.0,659.7502380461106
378,166.7863,0.0,1.4763134733061225,0.0,73.81567366530612,77.4,15.570626334693884,0.0,0.0,654.5850728809454
379,152.8856,0.0,1.4629807778312192,0.0,73.14903889156096,77.4,2.3365611084390423,0.0,0.0,649.4199077157803
380,125.0886,0.0,1.3679185482625478,0.0,68.3959274131274,56.692672586872604,0.0,0.0,0.0,645.6366129151882
381,97.2916,0.0,1.2135968738841698,0.0,60.67984369420849,36.61175630579151,0.0,0.0,0.0,643.193385934488
382,55.5939,0.0,1.1244362269652515,0.0,56.22181134826258,0.0,0.0,0.0,0.0,643.205265338374
383,41.6977,0.0,1.1483404829652508,0.0,57.41702414826254,0.0,0.0,0.0,0.0,643.5026579573952
384,50.0345,0.0,1.288203027027027,0.0,64.41015135135135,0.0,0.0,0.0,0.0,643.7746297397181
385,41.6977,0.0,1.5831981927501375,0.0,79.15990963750687,0.0,0.0,0.0,0.0,644.4833742463736
386,33.3564,0.0,1.8718796205184784,0.0,93.59398102592392,0.0,0.0,0.0,0.0,645.6230041576749
387,27.797,0.0,2.1296724823474897,0.0,106.48362411737449,0.0,0.0,0.0,0.0,647.111670019355
388,27.797,0.0,2.084268182804192,0.0,104.2134091402096,0.0,0.0,0.0,0.0,648.5573858679535
389,27.797,0.0,1.7166563618312192,0.0,85.83281809156095,0.0,0.0,0.0,0.0,649.6553608048208
390,41.6977,0.0011470713989936163,1.3198428019856592,0.6194185554565529,65.99214009928296,0.0,0.0,0.0,0.0,650.1267040766672
391,83.3909,0.029685324347365,0.9224689083022618,16.0300751475771,46.12344541511309,21.237379437309812,0.0,0.0,0.0,648.7094615383082
392,138.9893,0.08314813671272037,0.42693113871814686,44.899993824869,21.346556935907344,72.74274923922364,0.0,0.0,0.0,643.8550905513731
393,152.8856,0.13411732724794415,0.19628179330612247,72.42335671388985,9.814089665306124,70.64815362080404,0.0,0.0,0.0,639.1404990518199
394,166.7863,0.17266385580461346,0.33798400000000006,93.23848213449128,16.899200000000004,56.648617865508726,0.0,0.0,0.0,635.3601441725734
395,166.7863,0.2011786778400126,0.5752496988416986,108.6364860336068,28.76248494208493,29.387329024308286,0.0,0.0,0.0,633.3990277879016
396,152.8856,0.20156017461795347,0.837172886804192,108.84249429369488,41.8586443402096,2.184461366095519,0.0,0.0,0.0,633.2532512536276
397,125.0886,0.18290511952347752,1.1815422537142857,98.76876454267786,59.07711268571428,0.0,0.0,0.0,0.0,633.8729835255161
398,111.1879,0.14403394085101506,1.69881081081081,77.77832805954813,84.9405405405405,0.0,0.0,0.0,0.0,634.8478937422746
399,111.1879,0.09588095511669723,2.0335224092664093,51.7757157630165,101.67612046332046,0.0,0.0,0.0,0.0,635.647481724935
400,138.9893,0.039177847404098555,1.9699963277837833,21.15603759821322,98.49981638918916,19.333446012597605,0.0,0.0,0.0,634.3572951375078
401,152.8856,0.002555561106698024,1.8495795781400992,1.380002997616933,92.47897890700496,59.02661809537813,0.0,0.0,0.0,630.4182482175627
402,166.7863,0.0,1.7292000304644235,0.0,86.46000152322118,77.4,2.9262984767788254,0.0,0.0,625.2530830523975
403,152.8856,0.0,1.5166349652509654,0.0,75.83174826254827,77.05385173745174,0.0,0.0,0.0,620.1110175377194
404,125.0886,0.0,1.2584477813480417,0.0,62.92238906740209,62.166210932597906,0.0,0.0,0.0,615.9624549129213
405,97.2916,0.0,1.1199768295642585,0.0,55.998841478212924,41.29275852178708,0.0,0.0,0.0,613.2068487386279
406,55.5939,0.0,1.155852376710425,0.0,57.792618835521246,0.0,0.0,0.0,0.0,613.2484461220026
407,41.6977,0.0,1.288203027027027,0.0,64.41015135135135,0.0,0.0,0.0,0.0,613.6781411475688
408,50.0345,0.0,1.5267913778621076,0.0,76.33956889310538,0.0,0.0,0.0,0.0,614.175804613114
409,41.6977,0.0,1.8662926292509656,0.0,93.31463146254828,0.0,0.0,0.0,0.0,615.1523411542973
410,33.3564,0.0,2.1296724823474897,0.0,106.48362411737449,0.0,0.0,0.0,0.0,616.5358291781396
411,27.797,0.0,2.1896248085250964,0.0,109.48124042625483,0.0,0.0,0.0,0.0,618.0812066997174
412,27.797,0.0,2.0725030336458903,0.0,103.62515168229451,0.0,0.0,0.0,0.0,619.5157933531663
413,27.797,0.0,1.911212785738555,0.0,95.56063928692775,0.0,0.0,0.0,0.0,620.7978081504865
414,41.6977,0.0011523796522452119,1.6213191877683397,0.6222850122124145,81.06595938841699,0.0,0.0,0.0,0.0,621.5543860175254
415,83.3909,0.029174880409315568,1.155852376710425,15.754435421030406,57.792618835521246,9.843845743448355,0.0,0.0,0.0,620.8974727213326
416,138.9893,0.08211931256456662,0.5717192849156093,44.344428784865976,28.585964245780467,66.05890696935354,0.0,0.0,0.0,616.4891372545757
417,152.8856,0.13153015227185616,0.22566147046442367,71.02628222680232,11.283073523221184,70.5762442499765,0.0,0.0,0.0,611.7793445118344
418,166.7863,0.16553526718905515,0.3154639494142304,89.38904428208977,15.77319747071152,61.624058247198725,0.0,0.0,0.0,607.6669615790885
419,166.7863,0.1962680144717159,0.5024372297142855,105.98472781472658,25.121861485714277,35.67971069955914,0.0,0.0,0.0,605.2859331707095
420,152.8856,0.19325463341798596,0.6073101883022617,104.35750204571242,30.365509415113085,18.162588539174493,0.0,0.0,0.0,604.0738818834774
421,125.0886,0.17288623306864392,0.7230047105482623,93.35856585706772,36.150235527413116,0.0,0.0,0.0,0.0,604.1575073150757
422,111.1879,0.1371017021999247,0.905989890788748,74.03491918795935,45.299494539437404,0.0,0.0,0.0,0.0,604.3116305477562
423,111.1879,0.09115290938795048,1.072852971984556,49.22257106949326,53.642648599227805,8.322680331278931,0.0,0.0,0.0,603.7562297915814
424,138.9893,0.038322591465082025,1.1498412664092665,20.69419939114429,57.49206332046333,60.80303728839235,0.0,0.0,0.0,599.6986363789426
425,152.8856,0.0026160645841492515,1.094841587715389,1.4126748754405958,54.74207938576945,77.4,19.33084573878996,0.0,0.0,594.5334712137775
426,166.7863,0.0,1.036598139552124,0.0,51.8299069776062,77.4,37.556393022393806,0.0,0.0,589.3683060486123
427,152.8856,0.0,1.0394805162713734,0.0,51.97402581356867,77.4,23.511574186431332,0.0,0.0,584.2031408834472
428,125.0886,0.0,0.9951539390270268,0.0,49.757696951351335,75.33090304864866,0.0,0.0,0.0,579.1760535929134
429,97.2916,0.0,0.8625808996183124,0.0,43.12904498091562,54.16255501908438,0.0,0.0,0.0,575.5616021401884
430,55.5939,0.0,0.7664352653061227,0.0,38.32176326530614,17.27213673469386,0.0,0.0,0.0,574.4089737294647
431,41.6977,0.0,0.7638569538929951,0.0,38.19284769464976,3.5048523053502407,0.0,0.0,0.0,574.175083018397
432,50.0345,0.0,0.8305316648736901,0.0,41.526583243684506,8.507916756315495,0.0,0.0,0.0,573.6073208057634
433,41.6977,0.0,1.0036749564258134,0.0,50.183747821290666,0.0,0.0,0.0,0.0,573.7678676564365
434,33.3564,0.0,1.3437879845559848,0.0,67.18939922779924,0.0,0.0,0.0,0.0,574.407951425611
435,27.797,0.0,1.7112935657760624,0.0,85.56467828880312,0.0,0.0,0.0,0.0,575.5008534472911
436,27.797,0.0,1.842174599942637,0.0,92.10872999713186,0.0,0.0,0.0,0.0,576.7175618526422
437,27.797,0.0,1.8108612740165473,0.0,90.54306370082736,0.0,0.0,0.0,0.0,577.9046495442796
438,41.6977,0.001151335620520476,1.6160964369156094,0.621721235081057,80.80482184578047,0.0,0.0,0.0,0.0,578.6562763052689
439,83.3909,0.02921532115267474,1.3166640791439606,15.77627342244436,65.83320395719802,1.781422620357617,0.0,0.0,0.0,578.5373959168567
440,138.9893,0.08144447932016122,0.8438328745372311,43.98001883288706,42.19164372686156,52.81763744025136,0.0,0.0,0.0,575.0126953869767
441,152.8856,0.1340675051509916,0.6804203401389963,72.39645278153547,34.02101700694982,46.46813021151472,0.0,0.0,0.0,571.9117190632186
442,166.7863,0.16868696432467414,0.8318584092664094,91.09096073532403,41.59292046332047,34.102418801355526,0.0,0.0,0.0,569.6359487061044
443,166.7863,0.20058922815614932,1.1051636977385546,108.31818320432063,55.25818488692773,3.2099319087516562,0.0,0.0,0.0,569.4217390358507
444,152.8856,0.19998102714995755,1.3646904031594045,107.98975466097708,68.23452015797022,0.0,0.0,0.0,0.0,569.8632815324254
445,125.0886,0.18460301862044912,1.7399857515102042,99.68563005504252,86.99928757551021,0.0,0.0,0.0,0.0,571.0286172713818
446,111.1879,0.14616670011007626,2.1615439999999997,78.93001805944118,108.07719999999999,0.0,0.0,0.0,0.0,572.463036802236
447,111.1879,0.0970830452805997,2.3723945157683404,52.42484445152384,118.61972578841701,0.0,0.0,0.0,0.0,573.5954602932619
448,138.9893,0.041570465791806885,2.12372273053723,22.448051527575718,106.1861365268615,10.355111945562754,0.0,0.0,0.0,572.9044284650629
449,152.8856,0.0028331728019281646,1.816368613348042,1.529913313041209,90.8184306674021,60.537256019556715,0.0,0.0,0.0,568.8645715401675
450,166.7863,0.0,1.5540244161235526,0.0,77.70122080617763,77.4,11.685079193822375,0.0,0.0,563.6994063750024
451,152.8856,0.0,1.313488637564258,0.0,65.6744318782129,77.4,9.811168121787105,0.0,0.0,558.5342412098372
452,125.0886,0.0,1.1906645458532814,0.0,59.53322729266407,65.55537270733592,0.0,0.0,0.0,554.1595082964348
453,97.2916,0.0,1.0845581682868175,0.0,54.227908414340874,43.06369158565913,0.0,0.0,0.0,551.2857217374985
454,55.5939,0.0,1.1125603618312194,0.0,55.628018091560975,0.0,0.0,0.0,0.0,551.2863672149065
455,41.6977,0.0,1.387356954016547,0.0,69.36784770082734,0.0,0.0,0.0,0.0,551.8098564957329
456,50.0345,0.0,1.7059385986188638,0.0,85.2969299309432,0.0,0.0,0.0,0.0,552.4769835484805
457,41.6977,0.0,2.054916771618313,0.0,102.74583858091566,0.0,0.0,0.0,0.0,553.6319483324437
458,33.3564,0.0,2.4869164128582457,0.0,124.34582064291229,0.0,0.0,0.0,0.0,555.3533698040663
459,27.797,0.0,2.5300357735642587,0.0,126.50178867821293,0.0,0.0,0.0,0.0,557.2207576979785
460,27.797,0.0,2.418718076116933,0.0,120.93590380584665,0.0,0.0,0.0,0.0,558.9828450672783
461,27.797,0.0,2.1435873378841706,0.0,107.17936689420853,0.0,0.0,0.0,0.0,560.4846736301416
462,41.6977,0.0011839411225210178,1.8292499573480412,0.6393282061613497,91.46249786740206,0.0,0.0,0.0,0.0,561.4382652045064
463,83.3909,0.029352909828777266,1.418378902804192,15.850571307539724,70.9189451402096,0.0,0.0,0.0,0.0,561.5021849751395
464,138.9893,0.08095533250249372,0.9529664313822394,43.71587955134661,47.64832156911197,47.62509887954141,0.0,0.0,0.0,558.3240001983933
465,152.8856,0.1313121743915522,0.7369627733215665,70.9085741714382,36.84813866607832,45.128887162483494,0.0,0.0,0.0,555.3123961168128
466,166.7863,0.1652322071634751,0.7587091946254826,89.22539186827656,37.93545973127413,39.62544840044933,0.0,0.0,0.0,552.668055215882
467,166.7863,0.19152009508749485,0.8028428578312187,103.42085134724722,40.14214289156094,23.223305761191853,0.0,0.0,0.0,551.1182850616483
468,152.8856,0.1916519924769177,0.8828322224644234,103.49207593753556,44.14161112322117,5.251912939243283,0.0,0.0,0.0,550.7678070543582
469,125.0886,0.16789012989436186,1.0467001389961388,90.6606701429554,52.33500694980694,0.0,0.0,0.0,0.0,551.106589593951
470,111.1879,0.13464834252445151,1.2646876205184774,72.71010496320382,63.23438102592387,0.0,0.0,0.0,0.0,551.5749574369885
471,111.1879,0.08902635053789842,1.5403807251274135,48.07422929046515,77.01903625637068,0.0,0.0,0.0,0.0,551.838031920307
472,138.9893,0.03786736609257457,1.7907355305372308,20.44837768999027,89.53677652686154,29.00414578314818,0.0,0.0,0.0,549.9024866561663
473,152.8856,0.0027424765165255396,1.8849470414296747,1.4809373189237915,94.24735207148373,57.157310609592486,0.0,0.0,0.0,546.0881849805178
474,166.7863,0.0,1.8961823951285168,0.0,94.80911975642584,71.97718024357417,0.0,0.0,0.0,541.284903015648
475,152.8856,0.0,1.9642699184644234,0.0,98.21349592322117,54.67210407677884,0.0,0.0,0.0,537.6364476218022
476,125.0886,0.0,2.0901630668814124,0.0,104.50815334407062,20.58044665592938,0.0,0.0,0.0,536.2630444415599
477,97.2916,0.0,2.0296443182173185,0.0,101.48221591086593,0.0,0.0,0.0,0.0,536.3423263641979
478,55.5939,0.0,2.006451824679537,0.0,100.32259123397684,0.0,0.0,0.0,0.0,537.1885448470028
479,41.6977,0.0,2.181583280750139,0.0,109.07916403750694,0.0,0.0,0.0,0.0,538.4633293017665
480,50.0345,0.0,2.355662755653613,0.0,117.78313778268065,0.0,0.0,0.0,0.0,539.7450602868443
481,41.6977,0.0,2.5495643743099827,0.0,127.47821871549914,0.0,0.0,0.0,0.0,541.3679349652456
482,33.3564,0.0,2.7922945482625474,0.0,139.61472741312738,0.0,0.0,0.0,0.0,543.3782276460345
483,27.797,0.0,2.930872586872587,0.0,146.54362934362933,0.0,0.0,0.0,9.857740454740451,545.4382877060946
484,27.797,0.0,2.6594764016679546,0.0,132.97382008339773,0.0,0.0,0.0,9.857740454740451,547.4281194374021
485,27.797,0.0,2.0529672895752897,0.0,102.64836447876449,0.0,0.0,0.0,9.857740454740451,548.8442263329463
486,41.6977,0.0010881358397753687,1.4646444247192498,0.587593353478699,73.2322212359625,0.0,0.0,0.0,9.857740454740451,549.4519420143681
487,83.3909,0.0266236010720669,1.0079459417804744,14.376744578916128,50.397297089023716,18.61685833206016,0.0,0.0,0.0,548.209575759309
488,138.9893,0.07460920967487863,0.5965658855642584,40.288973224434464,29.82829427821292,68.8720324973526,0.0,0.0,0.0,543.6135108612541
489,152.8856,0.12369829374421117,0.42475820083397686,66.79707862187402,21.237910041698843,64.85061133642715,0.0,0.0,0.0,539.285809070368
490,166.7863,0.15449210536626995,0.6459803458223939,83.42573689778577,32.299017291119696,51.06154581109455,0.0,0.0,0.0,535.8782985057304
491,166.7863,0.18391860184987743,1.017938775510204,99.31604499893382,50.8969387755102,16.573316225556,0.0,0.0,0.0,534.7723047636179
492,152.8856,0.18593160013012988,1.483,100.40306407027013,74.15,0.0,0.0,0.0,0.0,535.1822297595419
493,125.0886,0.16880683349119247,2.0374041263938225,91.15569008524393,101.87020631969112,0.0,0.0,0.0,0.0,536.4675299617974
494,111.1879,0.13385526226546118,2.619630015999999,72.28184162334905,130.98150079999996,0.0,0.0,0.0,0.0,538.2094977914282
495,111.1879,0.08899451099146231,2.722084978409266,48.05703593538965,136.1042489204633,0.0,0.0,0.0,0.0,539.5900753427552
496,138.9893,0.037834865990424425,2.534368752750138,20.430827634829193,126.7184376375069,0.0,0.0,0.0,0.0,539.7444530641237
497,152.8856,0.0029293424460020557,2.3891865704489805,1.58184492084111,119.45932852244903,31.844426556709873,0.0,0.0,0.0,537.6193662068191
498,166.7863,0.0,2.2097932852597895,0.0,110.48966426298948,56.29663573701053,0.0,0.0,0.0,533.8625002917701
499,152.8856,0.0,1.9018121012597908,0.0,95.09060506298954,57.79499493701047,0.0,0.0,0.0,530.0056437727837
500,125.0886,0.0,1.603940053780475,0.0,80.19700268902376,44.89159731097624,0.0,0.0,0.0,527.0098748497957
501,97.2916,0.0,1.3582440312939879,0.0,67.91220156469939,29.379398435300615,0.0,0.0,0.0,525.0492877002928
502,55.5939,0.0,1.2834852715455045,0.0,64.17426357727523,0.0,0.0,0.0,0.0,525.2116189031061
503,41.6977,0.0,1.4167386784335358,0.0,70.83693392167679,0.0,0.0,0.0,0.0,525.7629017070298
504,50.0345,0.0,1.6126188955675678,0.0,80.63094477837839,0.0,0.0,0.0,0.0,526.341753364999
505,41.6977,0.0,2.0238339768339775,0.0,101.19169884169888,0.0,0.0,0.0,0.0,527.4673155052474
506,33.3564,0.0,2.493359960286817,0.0,124.66799801434085,0.0,0.0,0.0,0.0,529.1948322244376
507,27.797,0.0,2.7740857881698835,0.0,138.70428940849416,0.0,0.0,0.0,2.0184005196052794,531.2548922844977
508,27.797,0.0,2.7922945482625474,0.0,139.61472741312738,0.0,0.0,0.0,2.9288385242385004,533.3149523445578
509,27.797,0.0,2.655033523715388,0.0,132.75167618576938,0.0,0.0,0.0,2.9288385242385004,535.3005813534778
510,41.6977,0.0012025911604042158,2.376586872586873,0.6493992266182765,118.82934362934365,0.0,0.0,0.0,2.9288385242385004,536.7721145966987
511,83.3909,0.030315469012652512,1.8458753179393268,16.370353266832357,92.29376589696633,0.0,0.0,0.0,2.9288385242385004,537.2502565808786
512,138.9893,0.08359191883614674,1.1438429151594045,45.13963617151924,57.19214575797022,36.65751807051052,0.0,0.0,0.0,534.8039757620257
513,152.8856,0.13368330402696343,0.8787683397683399,72.18898417456026,43.938416988416996,36.758198837022746,0.0,0.0,0.0,532.3509761733021
514,166.7863,0.16947000372951757,1.0438099435455046,91.51380201393948,52.19049717727523,23.082000808785295,0.0,0.0,0.0,530.8106357789887
515,166.7863,0.20066436593517362,1.2259015863210148,108.35875760499376,61.29507931605074,0.0,0.0,0.0,0.0,530.864886477495
516,152.8856,0.1997973045419239,1.518325584061776,107.8905444526389,75.9162792030888,0.0,0.0,0.0,0.0,531.4498826007115
517,125.0886,0.18033825281385696,1.9929829799536687,97.38265651948275,99.64914899768344,0.0,0.0,0.0,0.0,532.8109702726579
518,111.1879,0.14160532616922036,2.4976604290965243,76.466876131379,124.88302145482622,0.0,0.0,0.0,0.0,534.516737794559
519,111.1879,0.0955459035071677,2.6884497856458918,51.59478789387056,134.42248928229458,0.0,0.0,0.0,0.0,535.9324287141081
520,138.9893,0.04025066233556669,2.6417281594528412,21.735357661206013,132.08640797264206,0.0,0.0,0.0,0.0,536.2130429288026
521,152.8856,0.003157159151215139,2.6086171997617207,1.704865941656175,130.43085998808604,20.74987407025779,0.0,0.0,0.0,534.8283332811377
522,166.7863,0.0,2.5473906938775515,0.0,127.36953469387757,39.41676530612244,0.0,0.0,0.0,532.1979185126277
523,152.8856,0.0,2.3327548360154444,0.0,116.63774180077222,36.24785819922779,0.0,0.0,0.0,529.7789756898563
524,125.0886,0.0,1.9776441346188642,0.0,98.88220673094321,26.20639326905679,0.0,0.0,0.0,528.0301339635262
525,97.2916,0.0,1.631787890232764,0.0,81.5893945116382,15.702205488361798,0.0,0.0,0.0,526.9822724027413
526,55.5939,0.0,1.4315307272895752,0.0,71.57653636447876,0.0,0.0,0.0,0.0,527.2846466042314
527,41.6977,0.0,1.4036468697804745,0.0,70.18234348902372,0.0,0.0,0.0,0.0,527.8235452648346
528,50.0345,0.0,1.4134607298223936,0.0,70.67303649111967,0.0,0.0,0.0,0.0,528.2140040633152
529,41.6977,0.0,1.4563345819393272,0.0,72.81672909696636,0.0,0.0,0.0,0.0,528.8027424516362
530,33.3564,0.0,1.5369782978223934,0.0,76.84891489111966,0.0,0.0,0.0,0.0,529.6255738144412
531,27.797,0.0,1.7023729670777719,0.0,85.11864835388859,0.0,0.0,0.0,0.0,530.7100374319472
532,27.797,0.0,1.7689014934451186,0.0,88.44507467225593,0.0,0.0,0.0,0.0,531.8574334392601
533,27.797,0.0,1.6230618225879763,0.0,81.15309112939882,0.0,0.0,0.0,0.0,532.8668730011677
534,41.6977,0.001087937336963881,1.3646904031594045,0.5874861619604957,68.23452015797022,0.0,0.0,0.0,0.0,533.3800355531664
535,83.3909,0.02836744715773392,1.0539393270821844,15.318421465176318,52.69696635410922,15.375512180714466,0.0,0.0,0.0,532.3539753475799
536,138.9893,0.07883264374619255,0.6157067369972424,42.569627622943976,30.785336849862123,65.63433552719388,0.0,0.0,0.0,527.9739729767294
537,152.8856,0.1274238455614272,0.30937733040926646,68.80887660317069,15.468866520463322,68.607856876366,0.0,0.0,0.0,523.3955374160777
538,166.7863,0.16165118511363533,0.3514414962868175,87.29163996136307,17.572074814340873,61.922585224296064,0.0,0.0,0.0,519.2632327631384
539,166.7863,0.1968578938567959,0.5047061824247105,106.30326268266978,25.235309121235527,35.2477281960947,0.0,0.0,0.0,516.9110320159849
540,152.8856,0.1987887365073663,0.6853866175752898,107.34591771397781,34.26933087876449,11.270351407257692,0.0,0.0,0.0,516.1589231466318
541,125.0886,0.18003412697400276,0.874711271854385,97.21842856596149,43.73556359271925,0.0,0.0,0.0,0.0,516.4590792144987
542,111.1879,0.14271046683038882,1.0136514664489797,77.06365208840997,50.68257332244899,0.0,0.0,0.0,0.0,516.7723448303799
543,111.1879,0.09378191885873535,0.9669517879845556,50.64223618371709,48.34758939922778,12.198074417055139,0.0,0.0,0.0,515.9583258502628
544,138.9893,0.04054484684005818,0.7780742812664095,21.894217293631417,38.90371406332048,77.4,0.0,0.791368643048088,0.0,510.79316068509763
545,152.8856,0.003211138681986542,0.4510129835984555,1.7340148882727329,22.550649179922775,77.4,51.20093593180451,0.0,0.0,505.6279955199325
546,166.7863,0.0,0.25956801193160484,0.0,12.978400596580242,77.4,60.0,16.407899403419776,0.0,500.46283035476733
547,152.8856,0.0,0.10385468942967468,0.0,5.1927344714837345,77.4,60.0,10.292865528516273,0.0,495.2976651896022
548,125.0886,0.0,0.0,0.0,0.0,77.4,47.688599999999994,0.0,0.0,490.13250002443704
549,97.2916,0.0,0.0,0.0,0.0,77.4,19.891599999999997,0.0,0.0,484.9673348592719
550,55.5939,0.0,0.0,0.0,0.0,55.5939,0.0,0.0,0.0,481.2573648893019
551,41.6977,0.0,0.08389634156867067,0.0,4.194817078433533,37.50288292156647,0.0,0.0,0.0,478.7546699996412
552,50.0345,0.0,0.3043231595102043,0.0,15.216157975510214,34.81834202448979,0.0,0.0,0.0,476.4311236516605
553,41.6977,0.0,0.5858791072123549,0.0,29.293955360617748,12.40374463938225,0.0,0.0,0.0,475.60337959831503
554,33.3564,0.0,0.9005212689156097,0.0,45.02606344578049,0.0,0.0,0.0,0.0,475.82415701485684
555,27.797,0.0,1.1830606297804742,0.0,59.15303148902371,0.0,0.0,0.0,0.0,476.4173792322167
556,27.797,0.0,1.3214333944092662,0.0,66.0716697204633,0.0,0.0,0.0,0.0,477.14149460530655
557,27.797,0.0,1.3119021467181469,0.0,65.59510733590734,0.0,0.0,0.0,0.0,477.8565939332832
558,41.6977,0.0010471909448363593,1.228985840503034,0.565483110211634,61.449292025151706,0.0,0.0,0.0,0.0,478.24097103043874
559,83.3909,0.025486420929141138,1.1110794455686706,13.762667301736215,55.55397227843353,14.074260419830253,0.0,0.0,0.0,477.3017477791988
560,138.9893,0.07375723312057607,0.8733604292906786,39.82890588511108,43.66802146453393,55.49237265035498,0.0,0.0,0.0,473.59855307447043
561,152.8856,0.1195321522213799,0.6829020284258134,64.54736219954515,34.14510142129067,54.1931363791642,0.0,0.0,0.0,469.9820608236086
562,166.7863,0.1565172686156757,0.7522910972399339,84.51932505246488,37.614554861996695,44.65242008553844,0.0,0.0,0.0,467.00225301009255
563,166.7863,0.18394124762558242,0.9321324494296743,99.32827371781451,46.60662247148372,20.851403810701783,0.0,0.0,0.0,465.61076793764
564,152.8856,0.18877160522249548,1.0065215033822392,101.93666682014755,50.32607516911196,0.6228580107405151,0.0,0.0,0.0,465.5692025048245
565,125.0886,0.17182520333153792,1.1333764611671264,92.78560979903048,56.668823058356324,0.0,0.0,0.0,0.0,466.03017772104533
566,111.1879,0.13820041093977206,1.2897772449111968,74.62822190747691,64.48886224555984,0.0,0.0,0.0,0.0,466.5585676915082
567,111.1879,0.0938126855656763,1.371150001738555,50.65885020546521,68.55750008692775,0.0,0.0,0.0,0.0,466.71045729163455
568,138.9893,0.041130053528958196,1.4265925337804741,22.21022890563743,71.32962668902371,45.44944440533885,0.0,0.0,0.0,463.67746133532233
569,152.8856,0.003365102361802559,1.4480457024247109,1.8171552753733817,72.40228512123554,77.4,1.2661596033910882,0.0,0.0,458.5122961701572
570,166.7863,0.0,1.466308911196911,0.0,73.31544555984554,77.4,16.070854440154463,0.0,0.0,453.34713100499204
571,152.8856,0.0,1.5935537209045785,0.0,79.67768604522892,73.20791395477109,0.0,0.0,0.0,448.4617179949973
572,125.0886,0.0,1.8255651583011585,0.0,91.27825791505792,33.81034208494208,0.0,0.0,0.0,446.2054389102497
573,97.2916,0.0,2.0141681809156085,0.0,100.70840904578043,0.0,0.0,0.0,0.0,446.27008124354825
574,55.5939,0.0,2.2320854980694977,0.0,111.60427490347489,0.0,0.0,0.0,0.0,447.32973698496534
575,41.6977,0.0,2.5669883841235515,0.0,128.34941920617757,0.0,0.0,0.0,0.0,448.96909383481193
576,50.0345,0.0,3.0300068037683396,0.0,151.50034018841697,0.0,0.0,0.0,0.0,450.8887178383766
577,41.6977,0.0,3.087449384525096,0.0,154.3724692262548,0.0,0.0,0.0,3.78588033736591,452.9487778984366
578,33.3564,0.0,2.942581890788748,0.0,147.1290945394374,0.0,0.0,0.0,4.88380565054851,455.00883795849666
579,27.797,0.0,2.731091429348043,0.0,136.55457146740216,0.0,0.0,0.0,4.88380565054851,457.06641363490695
580,27.797,0.0,2.4441784681478214,0.0,122.20892340739107,0.0,0.0,0.0,4.88380565054851,458.85258515883055
581,27.797,0.0,2.2118152189740763,0.0,110.59076094870382,0.0,0.0,0.0,4.88380565054851,460.4189536092114
582,41.6977,0.001258829104255612,1.9623629134296754,0.6797677162980305,98.11814567148377,0.0,0.0,0.0,4.88380565054851,461.49922791654785
583,83.3909,0.03092807007069953,1.658095251027027,16.701157838177746,82.90476255135135,0.0,0.0,0.0,4.88380565054851,461.80599857256595
584,138.9893,0.08509561747748982,1.1081199886332047,45.95163343784451,55.405999431660234,37.631667130495245,0.0,0.0,0.0,459.29470947476847
585,152.8856,0.13493847338886203,0.8133521218223935,72.8667756299855,40.66760609111967,39.351218278894834,0.0,0.0,0.0,456.6686688822496
586,166.7863,0.171988349223503,0.9487858224291228,92.87370858069163,47.43929112145614,26.473300297852262,0.0,0.0,0.0,454.90201554238627
587,166.7863,0.19765970640654418,1.1125603618312194,106.73624145953386,55.628018091560975,4.422040448905165,0.0,0.0,0.0,454.6069177479982
588,152.8856,0.19938319955456765,1.1081199886332047,107.66692775946653,55.405999431660234,0.0,0.0,0.0,0.0,454.7996509651276
589,125.0886,0.18098582433364765,1.0539393270821844,97.73234514016974,52.69696635410922,0.0,0.0,0.0,0.0,455.27906983123563
590,111.1879,0.1403162241752698,0.9909038955455047,75.77076105464569,49.545194777275235,0.0,0.0,0.0,0.0,455.54635737400173
591,111.1879,0.09441336707037981,0.9279863432895756,50.9832182180051,46.39931716447878,13.805364617516119,0.0,0.0,0.0,454.6250784539139
592,138.9893,0.041964731275399,0.8720103430777714,22.660954888715462,43.60051715388857,72.72782795739596,0.0,0.0,0.0,449.7717032148484
593,152.8856,0.0036849422119843733,0.8491743938929951,1.9898687944715614,42.45871969464975,77.4,31.0370115108787,0.0,0.0,444.60653804968325
594,166.7863,0.0,0.8331859034440154,0.0,41.65929517220077,77.4,47.727004827799234,0.0,0.0,439.4413728845181
595,152.8856,0.0,0.7754826510049639,0.0,38.7741325502482,77.4,36.71146744975181,0.0,0.0,434.27620771935295
596,125.0886,0.0,0.7091352189740758,0.0,35.45676094870379,77.4,12.231839051296205,0.0,0.0,429.1110425541878
597,97.2916,0.0,0.721740191947049,0.0,36.08700959735245,61.204590402647554,0.0,0.0,0.0,425.0266521369274
598,55.5939,0.0,0.8318584092664094,0.0,41.59292046332047,14.00097953667953,0.0,0.0,0.0,424.09231916818004
599,41.6977,0.0,0.9529664313822394,0.0,47.64832156911197,0.0,0.0,0.0,0.0,424.20489849516326
600,50.0345,0.0,1.0308427580011033,0.0,51.54213790005516,0.0,0.0,0.0,0.0,424.2334213743535
601,41.6977,0.0,1.3214333944092662,0.0,66.0716697204633,0.0,0.0,0.0,0.0,424.69455053122715
602,33.3564,0.0,1.7471936947115272,0.0,87.35968473557637,0.0,0.0,0.0,0.0,425.7162342964948
603,27.797,0.0,2.0607706716911185,0.0,103.03853358455592,0.0,0.0,0.0,0.0,427.1397227697161
604,27.797,0.0,2.0607706716911185,0.0,103.03853358455592,0.0,0.0,0.0,0.0,428.5632112429374
605,27.797,0.0,1.7725317231902922,0.0,88.6265861595146,0.0,0.0,0.0,0.0,429.7140412513607
606,41.6977,0.0012725855716363885,1.4315307272895752,0.6871962086836498,71.57653636447876,0.0,0.0,0.0,0.0,430.2923175432854
607,83.3909,0.030445475982256453,0.9641485574142307,16.440557030418486,48.207427870711534,18.742915098869986,0.0,0.0,0.0,429.04153909157566
608,138.9893,0.08193355550727124,0.4598518929156094,44.24411997392647,22.99259464578047,71.75258538029304,0.0,0.0,0.0,424.2532451055701
609,152.8856,0.13024676507179145,0.20663717782239396,70.33325313876738,10.331858891119698,72.22048797011294,0.0,0.0,0.0,419.43372638884586
610,166.7863,0.1654318236529278,0.2507741665570876,89.333184772581,12.538708327854382,64.91440689956463,0.0,0.0,0.0,415.1017673031225
611,166.7863,0.19849293233185356,0.3390152211274131,107.18618345920093,16.950761056370656,42.649355484428426,0.0,0.0,0.0,412.25563080099175
612,152.8856,0.1989546381646094,0.6508657312123555,107.43550460888908,32.54328656061777,12.906808830493162,0.0,0.0,0.0,411.3943155637216
613,125.0886,0.18190585434820852,1.1022105711902925,98.2291613480326,55.11052855951463,0.0,0.0,0.0,0.0,411.92879564305355
614,111.1879,0.14470075304009752,1.5217093609972425,78.13840664165267,76.08546804986213,0.0,0.0,0.0,0.0,412.742989758839
615,111.1879,0.09814460856746665,1.7059385986188638,52.99808862643199,85.2969299309432,0.0,0.0,0.0,0.0,413.2558271369515
616,138.9893,0.044500628335652395,1.6335356839536674,24.030339301252294,81.67678419768338,33.28217650106431,0.0,0.0,0.0,411.0347943374143
617,152.8856,0.004034057530413646,1.5489016567104252,2.178391066423369,77.44508283552126,73.26212609805538,0.0,0.0,0.0,406.1457635667733
618,166.7863,0.0,1.4315307272895752,0.0,71.57653636447876,77.4,17.80976363552125,0.0,0.0,400.9805984016082
619,152.8856,0.0,1.277206352061776,0.0,63.8603176030888,77.4,11.625282396911203,0.0,0.0,395.815433236443
620,125.0886,0.0,1.0992606072939877,0.0,54.963030364699385,70.12556963530062,0.0,0.0,0.0,391.13571554306293
621,97.2916,0.0,0.8225869321389961,0.0,41.12934660694981,56.16225339305019,0.0,0.0,0.0,387.38781741873527
622,55.5939,0.0,0.6133041584291229,0.0,30.665207921456144,24.928692078543854,0.0,0.0,0.0,385.7242410371174
623,41.6977,0.0,0.5529975420540539,0.0,27.649877102702696,14.047822897297301,0.0,0.0,0.0,384.78678205164545
624,50.0345,0.0,0.514950819618312,0.0,25.747540980915602,24.2869590190844,0.0,0.0,0.0,383.16603069902055
625,41.6977,0.0,0.5126693715521238,0.0,25.633468577606187,16.06423142239381,0.0,0.0,0.0,382.09400991674534
626,33.3564,0.0,0.5218118590270273,0.0,26.090592951351365,7.265807048648636,0.0,0.0,0.0,381.60913790816016
627,27.797,0.0,0.5564941470358522,0.0,27.82470735179261,0.0,0.0,0.0,0.0,381.6096621013022
628,27.797,0.0,0.5506699841235522,0.0,27.53349920617761,0.26350079382239144,0.0,0.0,0.0,381.5920777974101
629,27.797,0.0,0.4731924875366795,0.0,23.659624376833975,4.137375623166026,0.0,0.0,0.0,381.31597665472304
630,41.6977,0.0013148418532927275,0.4031777453678985,0.7100146007780729,20.158887268394928,20.828798130826996,0.0,0.0,0.0,379.92600013614936
631,83.3909,0.030314932031375134,0.2684140461467183,16.370063296942572,13.420702307335915,53.60013439572151,0.0,0.0,0.0,376.349080923889
632,138.9893,0.08235303479990554,0.10648163734804175,44.47063879194899,5.3240818674020876,77.4,11.794579340648909,0.0,0.0,371.18391575872386
633,152.8856,0.13388156183811703,0.037460274409266234,72.2960433925832,1.8730137204633117,77.4,1.3165428869534992,0.0,0.0,366.0187505935587
634,166.7863,0.17421479725493924,0.2556532023210147,94.0759905176672,12.782660116050733,59.92764936628208,0.0,0.0,0.0,362.0195747933397
635,166.7863,0.20066116737816328,0.6326048013061224,108.35703038420817,31.63024006530612,26.799029550485727,0.0,0.0,0.0,360.2311844329469
636,152.8856,0.19676653307913788,0.9894887633756202,106.25392786273446,49.474438168781006,0.0,0.0,0.0,0.0,360.2849664930026
637,125.0886,0.18172721888816157,1.4463904397837837,98.13269819960725,72.31952198918918,0.0,0.0,0.0,0.0,361.1431971452231
638,111.1879,0.14155798021690874,1.941445124518478,76.44130931713073,97.07225622592391,0.0,0.0,0.0,0.0,362.3223313581998
639,111.1879,0.09473598344854824,2.163543783289575,51.15743106221605,108.17718916447876,0.0,0.0,0.0,0.0,363.2332152543805
640,138.9893,0.04233091490863077,2.105922930409267,22.858694050660617,105.29614652046335,10.834459428876016,0.0,0.0,0.0,362.51019493880653
641,152.8856,0.003829101944482423,1.9281902923331484,2.0677150500205084,96.40951461665742,54.40837033332208,0.0,0.0,0.0,358.87933939437397
642,166.7863,0.0,1.736387020355213,0.0,86.81935101776065,77.4,2.566948982239353,0.0,0.0,353.7141742292088
643,152.8856,0.0,1.5217093609972425,0.0,76.08546804986213,76.80013195013788,0.0,0.0,0.0,348.58904029860236
644,125.0886,0.0,1.2897772449111968,0.0,64.48886224555984,60.59973775444015,0.0,0.0,0.0,344.5450137550962
645,97.2916,0.0,1.1081199886332047,0.0,55.405999431660234,41.88560056833977,0.0,0.0,0.0,341.7498452153338
646,55.5939,0.0,1.1081199886332047,0.0,55.405999431660234,0.18790056833976365,0.0,0.0,0.0,341.737305971534
647,41.6977,0.0,1.2367106276183124,0.0,61.83553138091562,0.0,0.0,0.0,0.0,342.1182919706324
648,50.0345,0.0,1.371150001738555,0.0,68.55750008692775,0.0,0.0,0.0,0.0,342.4687271074121
649,41.6977,0.0,1.467974237476007,0.0,73.39871187380035,0.0,0.0,0.0,0.0,343.0684759807002
650,33.3564,0.0,1.6475490316072805,0.0,82.37745158036402,0.0,0.0,0.0,0.0,343.99590128086925
651,27.797,0.0,1.7453903982702708,0.0,87.26951991351353,0.0,0.0,0.0,0.0,345.1210570630168
652,27.797,0.0,1.658095251027027,0.0,82.90476255135135,0.0,0.0,0.0,0.0,346.1636363545288
653,27.797,0.0,1.5780319661467177,0.0,78.90159830733589,0.0,0.0,0.0,0.0,347.1304801062892
654,41.6977,0.0013133772822292184,1.496413479077772,0.7092237324037779,74.8206739538886,0.0,0.0,0.0,0.0,347.770548711165
655,83.3909,0.02948934204370089,1.2992397106409268,15.92424470359848,64.96198553204634,2.504669764355185,0.0,0.0,0.0,347.6034035817452
656,138.9893,0.08154619191266987,1.0524899229652507,44.03494363284173,52.62449614826254,42.32986021889572,0.0,0.0,0.0,344.77858808498877
657,152.8856,0.13236186095759428,0.905989890788748,71.47540491710092,45.299494539437404,36.11070054346169,0.0,0.0,0.0,342.3687982589319
658,166.7863,0.1716039114875851,0.914215670857143,92.66611220329597,45.71078354285715,28.4094042538469,0.0,0.0,0.0,340.4729421192024
659,166.7863,0.1952353427721518,0.9376713083552122,105.42708509696197,46.88356541776061,14.475649485277444,0.0,0.0,0.0,339.5069328108756
660,152.8856,0.19558813930931282,1.0008315145107554,105.61759522702893,50.04157572553777,0.0,0.0,0.0,0.0,339.55940577484307
661,125.0886,0.17387125598781988,1.1007351940165473,93.89047823342274,55.03675970082737,0.0,0.0,0.0,0.0,340.01040703305864
662,111.1879,0.14011324008892143,1.2444556525714285,75.66114964801757,62.22278262857143,0.0,0.0,0.0,0.0,340.51546710315625
663,111.1879,0.09413227201348263,1.3841089332597905,50.83142688728062,69.20544666298952,0.0,0.0,0.0,0.0,340.6828801162695
664,138.9893,0.042101196192408104,1.466308911196911,22.734645943900375,73.31544555984554,42.93920849625407,0.0,0.0,0.0,337.8174007371401
665,152.8856,0.0040723034962074625,1.467974237476007,2.1990438879520298,73.39871187380035,77.28784423824763,0.0,0.0,0.0,332.6597201072937
666,166.7863,0.0,1.4036468697804745,0.0,70.18234348902372,77.4,19.203956510976283,0.0,0.0,327.49455494212856
667,152.8856,0.0,1.3922352079426363,0.0,69.61176039713182,77.4,5.873839602868188,0.0,0.0,322.3293897769634
668,125.0886,0.0,1.406914827190292,0.0,70.3457413595146,54.742858640485395,0.0,0.0,0.0,318.67621269051125
669,97.2916,0.0,1.488023734433536,0.0,74.40118672167681,22.890413278323194,0.0,0.0,0.0,317.14865758351607
670,55.5939,0.0,1.5098809494451186,0.0,75.49404747225593,0.0,0.0,0.0,0.0,317.5251468600182
671,41.6977,0.0,1.486348314016547,0.0,74.31741570082735,0.0,0.0,0.0,0.0,318.14227661652035
672,50.0345,0.0,1.4463904397837837,0.0,72.31952198918918,0.0,0.0,0.0,0.0,318.56388514064014
673,41.6977,0.0,1.4265925337804741,0.0,71.32962668902371,0.0,0.0,0.0,0.0,319.1244891590811
674,33.3564,0.0,1.4613179703210153,0.0,73.06589851605077,0.0,0.0,0.0,0.0,319.8757499418172
675,27.797,0.0,1.5677225592939885,0.0,78.38612796469943,0.0,0.0,0.0,0.0,320.8328415519602
676,27.797,0.0,1.732791780571428,0.0,86.6395890285714,0.0,0.0,0.0,0.0,321.946079722771
677,27.797,0.0,1.8255651583011585,0.0,91.27825791505792,0.0,0.0,0.0,0.0,323.14707649413697
678,41.6977,0.0012524851450812964,1.7816226501400991,0.6763419783439001,89.08113250700495,0.0,0.0,0.0,0.0,324.05631547088683
679,83.3909,0.026912438752426673,1.5900984576988422,14.532716926310403,79.5049228849421,0.0,0.0,0.0,0.0,324.25774027812673
680,138.9893,0.07451342105696794,1.3055643780165473,40.23724737076269,65.27821890082737,33.47383372840993,0.0,0.0,0.0,322.02391754016145
681,152.8856,0.11933358437489855,1.1906645458532814,64.44013556244522,59.53322729266407,28.912237144890724,0.0,0.0,0.0,320.0945056519472
682,166.7863,0.15554641154060025,1.3679185482625478,83.99506223192415,68.3959274131274,14.395310354948464,0.0,0.0,0.0,319.1338576469456
683,166.7863,0.18942072736575563,1.4036468697804745,102.28719277750804,70.18234348902372,0.0,0.0,0.0,0.0,319.2413783330692
684,152.8856,0.19182882965355563,1.4020141388108112,103.58756801292004,70.10070694054056,0.0,0.0,0.0,0.0,319.6349424538103
685,125.0886,0.17643514478999744,1.5217093609972425,95.27497818659862,76.08546804986213,0.0,0.0,0.0,0.0,320.5103557609866
686,111.1879,0.14598165200817623,1.6704384672123544,78.83009208441517,83.52192336061772,0.0,0.0,0.0,0.0,321.4783255126494
687,111.1879,0.09819729734100892,1.6108814120242687,53.02654056414482,80.54407060121343,0.0,0.0,0.0,0.0,321.9017822103724
688,138.9893,0.044816621310811294,1.2929281310358522,24.2009755078381,64.64640655179261,50.14191794036928,0.0,0.0,0.0,318.5556415403444
689,152.8856,0.004449568468573469,0.8239091822702702,2.4027669730296735,41.19545911351351,77.4,31.887373913456827,0.0,0.0,313.3904763751793
690,166.7863,0.0,0.551833412024269,0.0,27.59167060121345,77.4,60.0,1.7946293987865545,0.0,308.2253112100141
691,152.8856,0.0,0.43674297529398803,0.0,21.837148764699403,77.4,53.6484512353006,0.0,0.0,303.060146044849
692,125.0886,0.0,0.3338657216458908,0.0,16.693286082294538,77.4,30.99531391770546,0.0,0.0,297.8949808796838
693,97.2916,0.0,0.29827972875013786,0.0,14.913986437506892,77.4,4.977613562493104,0.0,0.0,292.7298157145187
694,55.5939,0.0,0.4042503514440151,0.0,20.212517572200756,35.38138242779924,0.0,0.0,0.0,290.3686957660503
695,41.6977,0.0,0.671757250965251,0.0,33.58786254826255,8.109837451737448,0.0,0.0,0.0,289.8274987389073
696,50.0345,0.0,1.0308427580011033,0.0,51.54213790005516,0.0,0.0,0.0,0.0,289.85602161809754
697,41.6977,0.0,1.506509014239382,0.0,75.3254507119691,0.0,0.0,0.0,0.0,290.4922223072429
698,33.3564,0.0,1.9452402834285714,0.0,97.26201417142858,0.0,0.0,0.0,0.0,291.70124744021587
699,27.797,0.0,2.1976811083331502,0.0,109.88405541665752,0.0,0.0,0.0,0.0,293.2542457859364
700,27.797,0.0,2.084268182804192,0.0,104.2134091402096,0.0,0.0,0.0,0.0,294.699961634535
701,27.797,0.0,1.7417864268814114,0.0,87.08932134407057,0.0,0.0,0.0,0.0,295.82170825455796
702,41.6977,0.0013650471205936372,1.2976605892906787,0.737125445120564,64.88302946453393,0.0,0.0,0.0,0.0,296.27429523933523
703,83.3909,0.029563330009939104,0.7976061156183119,15.964198205367117,39.88030578091559,27.546396013717292,0.0,0.0,0.0,294.43603057375515
704,138.9893,0.08144285787654698,0.26940016707777165,43.979143253335366,13.470008353888582,77.4,4.140148392776041,0.0,0.0,289.27086540859
705,152.8856,0.1323754813181182,0.07190434428681755,71.48275991178382,3.5952172143408774,77.4,0.0,0.4076228738753116,0.0,284.10570024342485
706,166.7863,0.1655342437044694,0.20474869498069487,89.38849160041347,10.237434749034744,67.16037365055179,0.0,0.0,0.0,279.6238601599713
707,166.7863,0.19238835675663055,0.2882595269189191,103.8897126485805,14.412976345945955,48.48361100547356,0.0,0.0,0.0,276.38838395006314
708,152.8856,0.1900504581110959,0.27236240926640937,102.62724737999179,13.618120463320468,36.64023215668776,0.0,0.0,0.0,273.9432566790129
709,125.0886,0.17413812666892456,0.34314671814671815,94.03458840121927,17.15733590733591,13.896675691444827,0.0,0.0,0.0,273.01588426049807
710,111.1879,0.13654900384370974,0.514950819618312,73.73646207560326,25.747540980915602,11.70389694348114,0.0,0.0,0.0,272.2348434234289
711,111.1879,0.09144302897364213,0.5390742756183121,49.379235645766755,26.953713780915606,34.85495057331764,0.0,0.0,0.0,269.9088540625135
712,138.9893,0.041038285616693905,0.41285548799999977,22.16067423301471,20.64277439999999,77.4,18.785851366985284,0.0,0.0,264.74368889734836
713,152.8856,0.004182749252311066,0.2912587481169331,2.2586845962479756,14.562937405846654,77.4,58.66397799790539,0.0,0.0,259.5785237321832
714,166.7863,0.0,0.3452164371274129,0.0,17.260821856370644,77.4,60.0,12.125478143629351,0.0,254.41335856701804
715,152.8856,0.0,0.43674297529398803,0.0,21.837148764699403,77.4,53.6484512353006,0.0,0.0,249.24819340185286
716,125.0886,0.0,0.5160925865725315,0.0,25.80462932862658,77.4,21.88397067137342,0.0,0.0,244.08302823668768
717,97.2916,0.0,0.5047061824247105,0.0,25.235309121235527,72.05629087876447,0.0,0.0,0.0,239.27446695015018
718,55.5939,0.0,0.4160935601632654,0.0,20.80467800816327,34.789221991836726,0.0,0.0,0.0,236.95286388095855
719,41.6977,0.0,0.37869338966133465,0.0,18.93466948306673,22.763030516933267,0.0,0.0,0.0,235.43380945874077
720,50.0345,0.0,0.4356500519536681,0.0,21.782502597683408,28.251997402316594,0.0,0.0,0.0,233.54845761340766
721,41.6977,0.0,0.5894349845956978,0.0,29.471749229784887,12.22595077021511,0.0,0.0,0.0,232.7325783494627
722,33.3564,0.0,0.7395101408582458,0.0,36.97550704291229,0.0,0.0,0.0,0.0,232.80104794216643
723,27.797,0.0,0.7204764051274133,0.0,36.02382025637066,0.0,0.0,0.0,0.0,232.95669048755724
724,27.797,0.0,0.5035713594528408,0.0,25.178567972642043,2.618432027357958,0.0,0.0,0.0,232.781953615528
725,27.797,0.0,0.34418124658797566,0.0,17.209062329398783,10.587937670601217,0.0,0.0,0.0,232.07538453507414
726,41.6977,0.0012969958598290383,0.21611758536789838,0.7003777643076806,10.80587926839492,30.1914429672974,0.0,0.0,0.0,230.06060689294551
727,83.3909,0.026675025235257704,0.038288470309983634,14.40451362703916,1.9144235154991818,67.07196285746166,0.0,0.0,0.0,225.58466676231745
728,138.9893,0.07335804032139265,0.0,39.61334177355203,0.0,77.4,21.975958226447943,0.0,0.0,220.41950159715228
729,152.8856,0.1195853862456163,0.0,64.5761085726328,0.0,77.4,10.9094914273672,0.0,0.0,215.2543364319871
730,166.7863,0.15629996931246035,0.0,84.4019834287286,0.0,77.4,4.984316571271407,0.0,0.0,210.08917126682192
731,166.7863,0.18179155879161243,0.0,98.16744174747072,0.0,68.6188582525293,0.0,0.0,0.0,205.5100015469334
732,152.8856,0.17919263589076778,0.0,96.7640233810146,0.0,56.121576618985415,0.0,0.0,0.0,201.76481792204282
733,125.0886,0.16362933425332285,0.06003012084280197,88.35984049679433,3.0015060421400985,33.72725346106557,0.0,0.0,0.0,199.51408362367343
734,111.1879,0.12995887890490543,0.14835680172972973,70.17779460864894,7.417840086486486,33.59226530486457,0.0,0.0,0.0,197.27235754393607
735,111.1879,0.08746863003375216,0.17395257921235516,47.233060218226164,8.697628960617758,55.25721082115608,0.0,0.0,0.0,193.58485598763602
736,138.9893,0.040154708998503263,0.22470421942857124,21.683542859191764,11.235210971428563,77.4,28.670546169379662,0.0,0.0,188.41969082247084
737,152.8856,0.004353771547381192,0.27434047233976827,2.3510366355858436,13.717023616988413,77.4,59.417539747425764,0.0,0.0,183.25452565730566
738,166.7863,0.0,0.3390152211274131,0.0,16.950761056370656,77.4,60.0,12.435538943629354,0.0,178.0893604921405
739,152.8856,0.0,0.36396332708218426,0.0,18.198166354109212,77.4,57.287433645890786,0.0,0.0,172.9241953269753
740,125.0886,0.0,0.39355459342967464,0.0,19.677729671483732,77.4,28.010870328516262,0.0,0.0,167.75903016181013
741,97.2916,0.0,0.3671087582393824,0.0,18.35543791196912,77.4,1.5361620880308777,0.0,0.0,162.59386499664495
742,55.5939,0.0,0.27236240926640937,0.0,13.618120463320468,41.97577953667953,0.0,0.0,0.0,159.79267850771072
743,41.6977,0.0,0.18042793439382246,0.0,9.021396719691124,32.67630328030887,0.0,0.0,0.0,157.61207768820395
744,50.0345,0.0,0.08217596642912317,0.0,4.108798321456159,45.925701678543845,0.0,0.0,0.0,154.54729946474424
745,41.6977,0.0,0.0008011737804742456,0.0,0.040058689023712284,41.65764131097629,0.0,0.0,0.0,151.76734342130237
746,33.3564,0.0,0.0,0.0,0.0,33.3564,0.0,0.0,0.0,149.54135743531637
747,27.797,0.0,0.001602930232763215,0.0,0.08014651163816075,27.71685348836184,0.0,0.0,0.0,147.69171756288648
748,27.797,0.0,0.0,0.0,0.0,27.797,0.0,0.0,0.0,145.8367292412315
749,27.797,0.0,0.0,0.0,0.0,27.797,0.0,0.0,0.0,143.9817409195765
750,41.6977,0.00137663252518512,0.0,0.7433815635999649,0.0,40.95431843640003,0.0,0.0,0.0,141.24872000289983
751,83.3909,0.027911042069772397,0.0,15.071962717677094,0.0,68.3189372823229,0.0,0.0,0.0,136.6895650291045
752,138.9893,0.07586194129854196,0.0,40.96544830121266,0.0,77.4,20.62385169878732,0.0,0.0,131.52439986393932
753,152.8856,0.12212197727281177,0.0,65.94586772731836,0.0,77.4,9.539732272681647,0.0,0.0,126.35923469877416
754,166.7863,0.1531439463126746,0.0,82.6977310088443,0.0,77.4,6.688568991155705,0.0,0.0,121.194069533609
755,166.7863,0.19078933027689515,0.0,103.02623834952338,0.0,63.76006165047663,0.0,0.0,0.0,116.93914383120816
756,152.8856,0.19272273261653727,0.006425716915609441,104.07027561293013,0.3212858457804721,48.49403854128941,0.0,0.0,0.0,113.7029717563807
757,125.0886,0.18084726806109302,0.284269670618864,97.65752475299023,14.213483530943199,13.217591716066579,0.0,0.0,0.0,112.82091692047369
758,111.1879,0.14329671448875117,0.48663208426254817,77.38022582392564,24.33160421312741,9.476069962946951,0.0,0.0,0.0,112.188546552576
759,111.1879,0.09620065335458604,0.5670219455752895,51.94835281147646,28.351097278764474,30.88844990975906,0.0,0.0,0.0,110.1272552673068
760,138.9893,0.044779399235249866,0.5047061824247105,24.18087558703493,25.235309121235527,77.4,12.173115291729516,0.0,0.0,104.96209010214163
761,152.8856,0.004625280056601887,0.5437041495686705,2.4976512305650194,27.185207478433526,77.4,45.80274129100147,0.0,0.0,99.79692493697647
762,166.7863,0.0,0.8015325551196909,0.0,40.076627755984546,77.4,49.30967224401546,0.0,0.0,94.6317597718113
763,152.8856,0.0,0.9432224281698841,0.0,47.1611214084942,77.4,28.324478591505795,0.0,0.0,89.46659460664614
764,125.0886,0.0,1.0308427580011033,0.0,51.54213790005516,73.54646209994485,0.0,0.0,0.0,84.55858912783768
765,97.2916,0.0,1.016508894393822,0.0,50.825444719691106,46.4661552803089,0.0,0.0,0.0,81.45774459795386
766,55.5939,0.0,0.9613484081632651,0.0,48.06742040816325,7.526479591836746,0.0,0.0,0.0,80.95547702425772
767,41.6977,0.0,0.9128428019856593,0.0,45.64214009928296,0.0,0.0,0.0,0.0,81.03010156667658
768,50.0345,0.0,0.8531884343210151,0.0,42.65942171605076,7.375078283949243,0.0,0.0,0.0,80.53793751703031
769,41.6977,0.0,0.7884704632939881,0.0,39.423523164699404,2.274176835300594,0.0,0.0,0.0,80.3861739644577
770,33.3564,0.0,0.6496433058312187,0.0,32.48216529156093,0.8742347084390687,0.0,0.0,0.0,80.3278333099072
771,27.797,0.0,0.5670219455752895,0.0,28.351097278764474,0.0,0.0,0.0,0.0,80.33831623139734
772,27.797,0.0,0.6742287995763925,0.0,33.71143997881963,0.0,0.0,0.0,0.0,80.45021104180745
773,27.797,0.0,0.5787864700540543,0.0,28.939323502702713,0.0,0.0,0.0,0.0,80.47182256753426
774,41.6977,0.0013282899776149181,0.42475820083397686,0.7172765879120558,21.237910041698843,19.742513370389098,0.0,0.0,0.0,79.15433752446525
775,83.3909,0.026148800236285928,0.2912587481169331,14.120352127594401,14.562937405846654,54.70761046655895,0.0,0.0,0.0,75.50351266850535
776,138.9893,0.07181438646943437,0.23430541541312735,38.77976869349456,11.715270770656367,77.4,11.09426053584906,0.0,0.0,70.33834750334019
777,152.8856,0.11668268670042281,0.45211545356425803,63.00865081822832,22.6057726782129,67.27117650355879,0.0,0.0,0.0,65.84911316876837
778,166.7863,0.1515638545872979,0.6791805832895751,81.84448147714086,33.95902916447876,50.98278935838039,0.0,0.0,0.0,62.44685828999757
779,166.7863,0.1821284534227166,0.8107203291428571,98.34936484826697,40.53601645714286,27.90091869459019,0.0,0.0,0.0,60.58493512052208
780,152.8856,0.18782221690195236,0.9376713083552122,101.42399712705428,46.88356541776061,4.578037455185125,0.0,0.0,0.0,60.279427115504724
781,125.0886,0.17635082189700835,1.1498412664092665,95.2294438243845,57.49206332046333,0.0,0.0,0.0,0.0,60.80221184527212
782,111.1879,0.1422875917515744,1.2320733285030334,76.83529954585018,61.60366642515167,0.0,0.0,0.0,0.0,61.31777255283161
783,111.1879,0.09526807191318754,1.1483404829652508,51.44475883312127,57.41702414826254,2.3261170186161877,0.0,0.0,0.0,61.16254285522626
784,138.9893,0.04478841445200066,0.8438328745372311,24.185743804080357,42.19164372686156,72.61191246905807,0.0,0.0,0.0,56.316903050817984
785,152.8856,0.005051128061406941,0.7858669652509651,2.727609153159748,39.29334826254826,77.4,33.464642584291994,0.0,0.0,51.15173788565282
786,166.7863,0.0,0.9197147755102041,0.0,45.98573877551021,77.4,43.40056122448979,0.0,0.0,45.98657272048766
787,152.8856,0.0,1.0236660858775508,0.0,51.18330429387754,77.4,24.302295706122464,0.0,0.0,40.821407555322494
788,125.0886,0.0,1.0150797914440155,0.0,50.75398957220077,74.33461042779922,0.0,0.0,0.0,35.860806258839396
789,97.2916,0.0,0.874711271854385,0.0,43.73556359271925,53.55603640728075,0.0,0.0,0.0,32.28682985528379
790,55.5939,0.0,0.6928578071439601,0.0,34.642890357198006,20.951009642801992,0.0,0.0,0.0,30.888697746988697
791,41.6977,0.0,0.5529975420540539,0.0,27.649877102702696,14.047822897297301,0.0,0.0,0.0,29.951238761516738
792,50.0345,0.0,0.45211545356425803,0.0,22.6057726782129,27.4287273217871,0.0,0.0,0.0,28.120826527830577
793,41.6977,0.0,0.4731924875366795,0.0,23.659624376833975,18.038075623166023,0.0,0.0,0.0,26.917084410835848
794,33.3564,0.0,0.551833412024269,0.0,27.59167060121345,5.7647293987865496,0.0,0.0,0.0,26.532384417590166
795,27.797,0.0,0.7510096892046334,0.0,37.55048446023167,0.0,0.0,0.0,0.0,26.716909799270223
796,27.797,0.0,0.8666175574980691,0.0,43.33087787490346,0.0,0.0,0.0,0.0,27.01079397528191
797,27.797,0.0,0.8693124388571428,0.0,43.46562194285714,0.0,0.0,0.0,0.0,27.30722736339002
798,41.6977,0.0015210674709682165,0.7910769325184774,0.8213764343228369,39.553846625923875,1.3224769397532867,0.0,0.0,0.0,27.218973980690436
799,83.3909,0.029648713928624715,0.6411064622173196,16.010305521457347,32.05532311086598,35.32527136767668,0.0,0.0,0.0,24.861598514045344
800,138.9893,0.0810705300242903,0.4334662460011031,43.778086213116765,21.673312300055155,73.53790148682806,0.0,0.0,0.0,19.95416431405682
801,152.8856,0.13036640505241381,0.40532363169111996,70.39785872830346,20.266181584555998,62.22155968714056,0.0,0.0,0.0,15.801908078678736
802,166.7863,0.17018100228109242,0.5529975420540539,91.89774123178991,27.649877102702696,47.238681665507414,0.0,0.0,0.0,12.649510236469364
803,166.7863,0.2095059044684391,0.721740191947049,113.13318841295713,36.08700959735245,17.566101989690452,0.0,0.0,0.0,11.47726452477831
804,152.8856,0.21293793859770416,0.8518496679536682,114.98648684276024,42.59248339768341,0.0,0.0,0.0,0.0,11.56605801581373
805,125.0886,0.1964916907388405,0.9335160154440157,106.10551299897388,46.67580077220079,0.0,0.0,0.0,0.0,12.089974222295414
806,111.1879,0.1574364736712788,0.9613484081632651,85.01569578249055,48.06742040816325,0.0,0.0,0.0,0.0,12.504208042118593
807,111.1879,0.10780822941264948,0.9087287694826255,58.216443882830724,45.43643847413127,7.535017643038003,0.0,0.0,0.0,12.001370695235844
808,138.9893,0.051641453251795755,0.8385033822393821,27.886384755969708,41.925169111969105,69.17774613206117,0.0,0.0,0.0,7.384904486890086
809,152.8856,0.0058200815001501725,0.7433367032939878,3.142844010081093,37.16683516469939,77.4,35.17592082521952,0.0,0.0,2.21973932172492
810,166.7863,0.0,0.6472006133480418,0.0,32.36003066740209,33.26279373604793,60.0,41.16347559654997,0.0,0.0
811,152.8856,0.0,0.6459803458223939,0.0,32.299017291119696,0.0,60.0,60.586582708880314,0.0,0.0
812,125.0886,0.0,0.6804203401389963,0.0,34.02101700694982,0.0,60.0,31.06758299305018,0.0,0.0
813,97.2916,0.0,0.6903645052399339,0.0,34.51822526199669,0.0,60.0,2.7733747380033122,0.0,0.0
814,55.5939,0.0,0.7936863746188637,0.0,39.68431873094318,0.0,15.909581269056815,0.0,0.0,0.0
815,41.6977,0.0,0.9866608212509654,0.0,49.33304106254827,0.0,0.0,0.0,0.0,0.14445239848064295
816,50.0345,0.0,1.1891421571671263,0.0,59.457107858356316,0.0,0.0,0.0,0.0,0.32271795255765434
817,41.6977,0.0,1.3566345034131275,0.0,67.83172517065637,0.0,0.0,0.0,0.0,0.8171454557862885
818,33.3564,0.0,1.3373845058929952,0.0,66.86922529464977,0.0,0.0,0.0,0.0,1.4511718802796625
819,27.797,0.0,1.303981983452841,0.0,65.19909917264205,0.0,0.0,0.0,0.0,2.158779161924242
820,27.797,0.0,1.408550054054054,0.0,70.42750270270271,0.0,0.0,0.0,0.0,2.9653021860294286
821,27.797,0.0,1.4036468697804745,0.0,70.18234348902372,0.0,0.0,0.0,0.0,3.7671870628487962
822,41.6977,0.0018145117128423659,1.3198428019856592,0.9798363249348777,65.99214009928296,0.0,0.0,0.0,0.0,4.245349049252917
823,83.3909,0.03755370310963267,1.17093606227027,20.278999679201643,58.546803113513505,4.56509720728485,0.0,0.0,0.0,3.94070459097565
824,138.9893,0.09745462925569508,0.7989141842250416,52.625499798075346,39.94570921125208,46.41809099067257,0.0,0.0,0.0,0.8430675545610637
825,152.8856,0.1521817489093484,0.6253456108725867,82.17814441104814,31.267280543629333,12.63336730509754,26.806807740225008,0.0,0.0,0.0
826,166.7863,0.18811028577040634,0.8518496679536682,101.57955431601943,42.59248339768341,0.0,22.61426228629719,0.0,0.0,0.0
827,166.7863,0.21561287180083302,1.154348402232763,116.43095077244983,57.71742011163815,0.0,0.0,0.0,0.0,0.13928242213139377
828,152.8856,0.21721852732562894,1.3469946665372312,117.29800475583963,67.34973332686155,0.0,0.0,0.0,0.0,0.740187737209524
829,125.0886,0.19952174854731522,1.477983842841699,107.74174421555021,73.89919214208494,0.0,0.0,0.0,0.0,1.810096803435054
830,111.1879,0.158444163941436,1.4497018025372312,85.55984852837544,72.48509012686156,0.0,0.0,0.0,0.0,2.696581318534132
831,111.1879,0.11052810624548964,1.2351640520154443,59.685177372564404,61.758202600772215,0.0,0.0,0.0,0.0,2.890603912624284
832,138.9893,0.052815651550007246,0.9613484081632651,28.52045183700391,48.06742040816325,43.31569963067489,19.08572812415793,0.0,0.0,0.0
833,152.8856,0.005994492986721203,0.8159869017804744,3.2370262128294494,40.79934508902372,0.0,60.0,48.849228698146845,0.0,0.0
834,166.7863,0.0,0.7356901911439604,0.0,36.78450955719802,0.0,60.0,70.00179044280199,0.0,0.0
835,152.8856,0.0,0.7638569538929951,0.0,38.19284769464976,0.0,60.0,54.692752305350254,0.0,0.0
836,125.0886,0.0,0.7780742812664095,0.0,38.90371406332048,0.0,60.0,26.18488593667952,0.0,0.0
837,97.2916,0.0,0.728070107004964,0.0,36.4035053502482,0.0,60.0,0.8880946497517996,0.0,0.0
838,55.5939,0.0,0.6533127413127411,0.0,32.66563706563706,0.0,22.92826293436294,0.0,0.0,0.0
839,41.6977,0.0,0.6533127413127411,0.0,32.66563706563706,0.0,9.03206293436294,0.0,0.0,0.0
840,50.0345,0.0,0.6484215999470488,0.0,32.42107999735244,0.0,17.61342000264756,0.0,0.0,0.0
841,41.6977,0.0,0.5460232895752896,0.0,27.301164478764477,0.0,14.39653552123552,0.0,0.0,0.0
842,33.3564,0.0,0.4642877801478211,0.0,23.214389007391055,0.0,10.142010992608945,0.0,0.0,0.0
843,27.797,0.0,0.49226122261886374,0.0,24.613061130943187,0.0,3.1839388690568136,0.0,0.0,0.0
844,27.797,0.0,0.465398465976834,0.0,23.2699232988417,0.0,4.5270767011583,0.0,0.0,0.0
845,27.797,0.0,0.36920904578047425,0.0,18.460452289023713,0.0,9.336547710976287,0.0,0.0,0.0
846,41.6977,0.0017938806064631706,0.24688250242471035,0.9686955274901122,12.344125121235518,0.0,28.384879351274368,0.0,0.0,0.0
847,83.3909,0.03371311089399359,0.06680100398455595,18.205079882756543,3.3400501992277976,0.0,60.0,1.8457699180156624,0.0,0.0
848,138.9893,0.08874907652111572,0.0,47.92450132140249,0.0,0.0,60.0,31.064798678597498,0.0,0.0
849,152.8856,0.14043967744263536,0.0,75.8374258190231,0.0,0.0,60.0,17.048174180976915,0.0,0.0
850,166.7863,0.17863362300444544,0.0,96.46215642240053,0.0,0.0,60.0,10.324143577599486,0.0,0.0
851,166.7863,0.20513595756218403,0.0,110.77341708357937,0.0,0.0,56.01288291642064,0.0,0.0,0.0
852,152.8856,0.20517916931506108,0.0,110.79675143013299,0.0,0.0,42.088848569867025,0.0,0.0,0.0
853,125.0886,0.18692805306029367,0.15744217112851636,100.94114865255858,7.872108556425818,0.0,16.275342791015603,0.0,0.0,0.0
854,111.1879,0.15308659070323963,0.24591119080419194,82.6667589797494,12.295559540209597,0.0,16.225581480041,0.0,0.0,0.0
855,111.1879,0.10388518169340502,0.22853704578047418,56.09799811443872,11.426852289023708,0.0,43.663049596537576,0.0,0.0,0.0
856,138.9893,0.05105486803504239,0.07105228658797555,27.56962873892289,3.5526143293987773,0.0,60.0,47.86705693167832,0.0,0.0
857,152.8856,0.006214047103852239,0.0,3.3555854360802093,0.0,0.0,60.0,89.53001456391979,0.0,0.0
858,166.7863,0.0,0.0,0.0,0.0,0.0,60.0,106.78630000000001,0.0,0.0
859,152.8856,0.0,0.0,0.0,0.0,0.0,60.0,92.88560000000001,0.0,0.0
860,125.0886,0.0,0.028389158301158453,0.0,1.4194579150579227,0.0,60.0,63.66914208494208,0.0,0.0
861,97.2916,0.0,0.16017989023276324,0.0,8.008994511638162,0.0,60.0,29.28260548836184,0.0,0.0
862,55.5939,0.0,0.2892586165868726,0.0,14.462930829343629,0.0,41.13096917065637,0.0,0.0,0.0
863,41.6977,0.0,0.32668413560728077,0.0,16.33420678036404,0.0,25.36349321963596,0.0,0.0,0.0
864,50.0345,0.0,0.21611758536789838,0.0,10.80587926839492,0.0,39.22862073160508,0.0,0.0,0.0
865,41.6977,0.0,0.09513773128295629,0.0,4.756886564147814,0.0,36.940813435852185,0.0,0.0,0.0
866,33.3564,0.0,0.0,0.0,0.0,0.0,33.3564,0.0,0.0,0.0
867,27.797,0.0,0.0,0.0,0.0,0.0,27.797,0.0,0.0,0.0
868,27.797,0.0,0.0,0.0,0.0,0.0,27.797,0.0,0.0,0.0
869,27.797,0.0,0.0,0.0,0.0,0.0,27.797,0.0,0.0,0.0
870,41.6977,0.0019268731108466137,0.0,1.0405114798571715,0.0,0.0,40.657188520142824,0.0,0.0,0.0
871,83.3909,0.03533259663857491,0.0,19.079602184830453,0.0,0.0,60.0,4.311297815169553,0.0,0.0
872,138.9893,0.09185869619127884,0.0,49.603695943290575,0.0,0.0,60.0,29.38560405670941,0.0,0.0
873,152.8856,0.14269978495012964,0.0,77.05788387307001,0.0,0.0,60.0,15.82771612693,0.0,0.0
874,166.7863,0.17936290818670322,0.0,96.85597042081974,0.0,0.0,60.0,9.930329579180267,0.0,0.0
875,166.7863,0.2105376778085703,0.0,113.69034601662796,0.0,0.0,53.095953983372056,0.0,0.0,0.0
876,152.8856,0.2088009338179728,0.0056204599845560655,112.75250426170531,0.28102299922780327,0.0,39.8520727390669,0.0,0.0,0.0
877,125.0886,0.1928829755874283,0.16017989023276324,104.15680681721129,8.008994511638162,0.0,12.922798671150545,0.0,0.0,0.0
878,111.1879,0.15742307963051935,0.3514414962868175,85.00846300048045,17.572074814340873,0.0,8.607362185178673,0.0,0.0,0.0
879,111.1879,0.10878958701481009,0.5183782073822394,58.74637698799745,25.91891036911197,0.0,26.52261264289058,0.0,0.0,0.0
880,138.9893,0.053014504155568395,0.570543892015444,28.627832244006935,28.527194600772198,0.0,60.0,21.834273155220856,0.0,0.0
881,152.8856,0.006514334924969135,0.6398897868814116,3.5177408594833333,31.99448934407058,0.0,60.0,57.3733697964461,0.0,0.0
882,166.7863,0.0,0.806778237564258,0.0,40.338911878212905,0.0,60.0,66.4473881217871,0.0,0.0
883,152.8856,0.0,0.8774152268814119,0.0,43.870761344070594,0.0,60.0,49.014838655929424,0.0,0.0
884,125.0886,0.0,0.8964277894142306,0.0,44.82138947071153,0.0,60.0,20.267210529288462,0.0,0.0
885,97.2916,0.0,0.8937026031902922,0.0,44.68513015951461,0.0,52.606469840485396,0.0,0.0,0.0
886,55.5939,0.0,0.8572092533127416,0.0,42.86046266563708,0.0,12.733437334362918,0.0,0.0,0.0
887,41.6977,0.0,0.806778237564258,0.0,40.338911878212905,0.0,1.358788121787093,0.0,0.0,0.0
888,50.0345,0.0,0.7382360898223937,0.0,36.91180449111969,0.0,13.122695508880312,0.0,0.0,0.0
889,41.6977,0.0,0.677941551020408,0.0,33.8970775510204,0.0,7.8006224489795954,0.0,0.0,0.0
890,33.3564,0.0,0.6643599577804742,0.0,33.21799788902371,0.0,0.0,0.13840211097629407,0.0,0.0
891,27.797,0.0,0.6350302614451182,0.0,31.75151307225591,0.0,0.0,0.0,0.0,0.07481511217781453
892,27.797,0.0,0.5471839110777715,0.0,27.359195553888576,0.437804446111425,0.0,0.0,0.0,0.04559893292446618
893,27.797,0.0,0.5035713594528408,0.0,25.178567972642043,0.6833000098731257,1.9351320174848323,0.0,0.0,0.0
894,41.6977,0.0018256924869963248,0.40532363169111996,0.9858739429780156,20.266181584555998,0.0,20.445644472465982,0.0,0.0,0.0
895,83.3909,0.032579963404240284,0.22183628556425827,17.593180238289754,11.091814278212913,0.0,54.70590548349733,0.0,0.0,0.0
896,138.9893,0.08584731481485397,0.07874245559845575,46.35755000002114,3.9371227799227873,0.0,60.0,28.69462722005605,0.0,0.0
897,152.8856,0.13612970016984272,0.0482730900474353,73.51003809171506,2.4136545023717653,0.0,60.0,16.96190740591318,0.0,0.0
898,166.7863,0.1764845622372728,0.1402329266409267,95.30166360812731,7.011646332046335,0.0,60.0,4.472990059826358,0.0,0.0
899,166.7863,0.20507064232865446,0.30533268516712636,110.73814685747341,15.266634258356317,0.0,40.78151888417028,0.0,0.0,0.0
900,152.8856,0.20350713233789683,0.49000749541312766,109.8938514624643,24.500374770656382,0.0,18.49137376687932,0.0,0.0,0.0
901,125.0886,0.18686354779661363,0.7078787383210148,100.90631581017136,35.39393691605074,0.0,0.0,0.0,0.0,0.21211234887447242
902,111.1879,0.14810453926879932,0.9376713083552122,79.97645120515163,46.88356541776061,0.0,0.0,0.0,0.0,0.5086118525511906
903,111.1879,0.10069500239312476,1.0670192548571429,54.375301292287375,53.35096274285714,3.461635964855489,0.0,0.0,0.0,0.2776051148230965
904,138.9893,0.048811967564045086,1.1468404967501378,26.358462484584347,57.34202483750689,4.159912645624101,51.12890003228465,0.0,0.0,0.0
905,152.8856,0.0061225119595746755,1.3357856944291226,3.306156458170325,66.78928472145613,0.0,60.0,22.790158820373563,0.0,0.0
906,166.7863,0.0,1.4613179703210153,0.0,73.06589851605077,0.0,60.0,33.720401483949246,0.0,0.0
907,152.8856,0.0,1.4646444247192498,0.0,73.2322212359625,0.0,60.0,19.653378764037512,0.0,0.0
908,125.0886,0.0,1.3841089332597905,0.0,69.20544666298952,0.0,55.883153337010484,0.0,0.0,0.0
909,97.2916,0.0,1.2678124192123554,0.0,63.390620960617774,0.0,33.90097903938223,0.0,0.0,0.0
910,55.5939,0.0,1.1830606297804742,0.0,59.15303148902371,0.0,0.0,0.0,0.0,0.0673349200626108
911,41.6977,0.0,1.155852376710425,0.0,57.792618835521246,0.0,0.0,0.0,0.0,0.3718333845184182
912,50.0345,0.0,1.1860997884258138,0.0,59.304989421290685,0.0,0.0,0.0,0.0,0.5472210222185122
913,41.6977,0.0,1.2243606713822395,0.0,61.218033569111974,0.0,0.0,0.0,0.0,0.9165246302827929
914,33.3564,0.0,1.2044022116183126,0.0,60.22011058091563,0.0,0.0,0.0,0.0,1.4247569926244399
915,27.797,0.0,1.3230248077837836,0.0,66.15124038918918,0.0,0.0,0.0,0.0,2.1503777567442355
916,27.797,0.0,1.2382580127346938,0.0,61.91290063673469,0.0,0.0,0.0,0.0,2.7958137147365134
917,27.797,0.0,1.025099861003861,0.0,51.25499305019305,0.0,0.0,0.0,0.0,3.2396135832536794
918,41.6977,0.0020198717229278555,0.8424993744555985,1.090730730381042,42.124968722779926,0.0,0.0,0.0,0.0,3.268332491826995
919,83.3909,0.035579077127031435,0.661899971953668,19.212701648596976,33.0949985976834,31.08319975371963,0.0,0.0,0.0,1.1940448873078338
920,138.9893,0.09162544643257345,0.5092524108814119,49.47774107358966,25.462620544070596,17.892762636307886,46.15617574603184,0.0,0.0,0.0
921,152.8856,0.1418745780521952,0.7053679651583014,76.6122721481854,35.26839825791507,0.0,41.00492959389955,0.0,0.0,0.0
922,166.7863,0.1779740277948833,1.2506662615686706,96.10597500923699,62.53331307843353,0.0,8.147011912329504,0.0,0.0,0.0
923,166.7863,0.20911235282556415,1.7834434690965253,112.92067052580464,89.17217345482626,0.0,0.0,0.0,0.0,0.6679616428768007
924,152.8856,0.20984490833135144,2.2975748493061223,113.31625049892979,114.87874246530612,0.0,0.0,0.0,0.0,2.0927339422001827
925,125.0886,0.18728071427139806,2.84729864556867,101.13158570655494,142.36493227843349,0.0,0.0,0.0,9.519029096099544,4.152794002260243
926,111.1879,0.15513399492805163,3.385971260116932,83.77235726114789,169.2985630058466,0.0,0.0,0.0,32.99413137810561,6.212854062320303
927,111.1879,0.10779402871546692,3.623068266572532,58.20877550635213,181.1534133286266,0.0,0.0,0.0,19.285399946089882,8.272914122380364
928,138.9893,0.05318141807412609,3.39609645788417,28.717965760028086,169.8048228942085,0.0,0.0,0.0,19.285399946089882,9.399223367190245
929,152.8856,0.006958853342288615,2.980219211861004,3.7577808048358525,149.01096059305019,0.1168586021139788,0.0,0.0,0.0,9.391424995344135
930,166.7863,0.0,2.6594764016679546,0.0,132.97382008339773,33.812479916602285,0.0,0.0,0.0,7.135003245821126
931,152.8856,0.0,2.4441784681478214,0.0,122.20892340739107,30.676676592608942,0.0,0.0,0.0,5.087844314048757
932,125.0886,0.0,2.2504080615642583,0.0,112.52040307821292,12.568196921787077,0.0,0.0,0.0,4.249125800749653
933,97.2916,0.0,2.045178445661334,0.0,102.2589222830667,0.0,0.0,0.0,0.0,4.343102168267131
934,55.5939,0.0,1.858855736904578,0.0,92.9427868452289,0.0,0.0,0.0,0.0,5.049702730203894
935,41.6977,0.0,1.7508029101467173,0.0,87.54014550733586,0.0,0.0,0.0,0.0,5.9169922398021395
936,50.0345,0.0,1.7980416591285167,0.0,89.90208295642583,0.0,0.0,0.0,0.0,6.6712438092480335
937,41.6977,0.0,1.91497930879647,0.0,95.7489654398235,0.0,0.0,0.0,0.0,7.693835317569018
938,33.3564,0.0,1.9699963277837833,0.0,98.49981638918916,0.0,0.0,0.0,0.0,8.926278330337462
939,27.797,0.0,1.8886885970744616,0.0,94.43442985372307,0.0,0.0,0.0,0.0,10.186986462705196
940,27.797,0.0,1.704155348333149,0.0,85.20776741665745,0.0,0.0,0.0,0.0,11.27313611653385
941,27.797,0.0,1.6004745172509642,0.0,80.02372586254822,0.0,0.0,0.0,0.0,12.261209308528006
942,41.6977,0.0019146217953238843,1.4930550518610037,1.0338957694748976,74.65275259305018,0.0,0.0,0.0,0.0,12.90424346673794
943,83.3909,0.03361058035051888,1.2662496130965255,18.149713389280194,63.312480654826274,1.9287059558935338,0.0,0.0,0.0,12.775534360572205
944,138.9893,0.08629051450446511,1.017938775510204,46.59687783241116,50.8969387755102,41.495483392078626,0.0,0.0,0.0,10.00639966640613
945,152.8856,0.13817430866374883,1.0467001389961388,74.61412667842437,52.33500694980694,25.936466371768702,0.0,0.0,0.0,8.275571079701512
946,166.7863,0.17263364228413763,1.4233045787181469,93.22216683343433,71.16522893590734,2.39890423065836,0.0,0.0,0.0,8.115484043955208
947,166.7863,0.1945506875159265,2.0238339768339775,105.05737125860031,101.19169884169888,0.0,0.0,0.0,0.0,8.862076991798705
948,152.8856,0.1987418392268276,2.5235434875763927,107.3205931824869,126.17717437881963,0.0,0.0,0.0,0.0,10.387172053769369
949,125.0886,0.1824442267540954,2.94492674033315,98.51988244721151,147.2463370166575,0.0,0.0,0.0,11.788730574980107,12.447232113829429
950,111.1879,0.15205489866563976,3.1967237058929947,82.10964527944547,159.83618529464974,0.0,0.0,0.0,21.869041685206327,14.507292173889489
951,111.1879,0.10575610997924227,2.907528613348043,57.108299388790826,145.37643066740216,0.0,0.0,0.0,21.869041685206327,16.234529499276924
952,138.9893,0.05240297989434424,2.2320854980694977,28.29760914294589,111.60427490347489,0.0,0.0,0.0,21.869041685206327,16.251794602857856
953,152.8856,0.006904616966885775,1.6510609868108115,3.7284931621183186,82.55304934054057,66.60405749734113,0.0,0.0,0.0,11.807079387820075
954,166.7863,0.0,1.288203027027027,0.0,64.41015135135135,77.4,24.97614864864866,0.0,0.0,6.641914222654909
955,152.8856,0.0,1.0208008730899063,0.0,51.040043654495314,77.4,24.445556345504684,0.0,0.0,1.4767490574897426
956,125.0886,0.0,0.9937364831594042,0.0,49.68682415797021,22.12908462648379,53.272691215546004,0.0,0.0,0.0
957,97.2916,0.0,1.040922876858246,0.0,52.046143842912294,0.0,45.24545615708771,0.0,0.0,0.0
958,55.5939,0.0,1.072852971984556,0.0,53.642648599227805,0.0,1.9512514007721933,0.0,0.0,0.0
959,41.6977,0.0,1.1140420702393825,0.0,55.70210351196913,0.0,0.0,0.0,0.0,0.2649481745507673
960,50.0345,0.0,1.1244362269652515,0.0,56.22181134826258,0.0,0.0,0.0,0.0,0.3820054162746539
961,41.6977,0.0,1.199815751730833,0.0,59.99078758654165,0.0,0.0,0.0,0.0,0.7280908571011175
962,33.3564,0.0,1.2725057209045785,0.0,63.625286045228926,0.0,0.0,0.0,0.0,1.3007454579567999
963,27.797,0.0,1.3405845982393823,0.0,67.02922991196911,0.0,0.0,0.0,0.0,2.0429768346697292
964,27.797,0.0,1.4003822393822392,0.0,70.01911196911196,0.0,0.0,0.0,0.0,2.8417735475988746
965,27.797,0.0,1.285057040555985,0.0,64.25285202779925,0.0,0.0,0.0,0.0,3.5314788562329147
966,41.6977,0.002274044378820746,0.9810142199316052,1.2279839645632027,49.05071099658026,0.0,0.0,0.0,0.0,3.6938220041464396
967,83.3909,0.03710713906606543,0.7471698841698843,20.037855095675333,37.358494208494214,25.994550695830455,0.0,0.0,0.0,1.9591172530066028
968,138.9893,0.09166388041735195,0.5309989303210152,49.49849542537005,26.54994651605076,29.357372036303943,33.58348602227524,0.0,0.0,0.0
969,152.8856,0.14329140020357156,0.3514414962868175,77.37735610992864,17.572074814340873,0.0,57.936169075730504,0.0,0.0,0.0
970,166.7863,0.18071220228296783,0.32975800297407626,97.58458923280263,16.48790014870381,0.0,52.71381061849357,0.0,0.0,0.0
971,166.7863,0.20574784896211037,0.46762189594263665,111.1038384395396,23.381094797131833,0.0,32.30136676332859,0.0,0.0,0.0
972,152.8856,0.20701287462585763,0.7204764051274133,111.78695229796313,36.02382025637066,0.0,5.074827445666216,0.0,0.0,0.0
973,125.0886,0.1925721213470364,0.8869029256613348,103.98894552739966,44.34514628306674,0.0,0.0,0.0,0.0,0.43977957479260793
974,111.1879,0.15473584501341453,0.9473938223938223,83.55735630724385,47.36969111969111,0.0,0.0,0.0,0.0,0.8132229044913775
975,111.1879,0.1061704884414161,1.0423660192123554,57.3320637583647,52.118300960617766,1.7375352810175428,0.0,0.0,0.0,0.6972712674531697
976,138.9893,0.052128191393539365,1.2105287633756205,28.149223352511257,60.52643816878103,10.448609942785748,39.86502853592195,0.0,0.0,0.0
977,152.8856,0.007047417482964645,1.3309941963331497,3.805605440800908,66.54970981665748,0.0,60.0,22.530284742541625,0.0,0.0
978,166.7863,0.0,1.3341877058223939,0.0,66.70938529111969,0.0,60.0,40.076914708880324,0.0,0.0
979,152.8856,0.0,1.1363628978621068,0.0,56.81814489310534,0.0,60.0,36.06745510689467,0.0,0.0
980,125.0886,0.0,0.9767873848339768,0.0,48.83936924169884,0.0,60.0,16.249230758301167,0.0,0.0
981,97.2916,0.0,0.9838359740011029,0.0,49.191798700055145,0.0,48.09980129994486,0.0,0.0,0.0
982,55.5939,0.0,0.9279863432895756,0.0,46.39931716447878,0.0,9.194582835521217,0.0,0.0,0.0
983,41.6977,0.0,0.8398346285184775,0.0,41.991731425923874,0.0,0.0,0.0,0.0,0.005562756706667928
984,50.0345,0.0,0.7446136945879757,0.0,37.23068472939878,0.08335790924941888,12.720457361351801,0.0,0.0,0.0
985,41.6977,0.0,0.6301822072939876,0.0,31.509110364699378,0.0,10.18858963530062,0.0,0.0,0.0
986,33.3564,0.0,0.568195222557088,0.0,28.4097611278544,0.0,4.946638872145602,0.0,0.0,0.0
987,27.797,0.0,0.477661334804192,0.0,23.8830667402096,0.0,3.913933259790401,0.0,0.0,0.0
988,27.797,0.0,0.41825565708990636,0.0,20.91278285449532,0.0,6.884217145504682,0.0,0.0,0.0
989,27.797,0.0,0.3765810795102041,0.0,18.829053975510206,0.0,8.967946024489795,0.0,0.0,0.0
990,41.6977,0.002262266557446447,0.2902583569156094,1.2216239410210814,14.512917845780471,0.0,25.963158213198447,0.0,0.0,0.0
991,83.3909,0.036994248635175746,0.09513773128295629,19.976894262994904,4.756886564147814,0.0,58.657119172857286,0.0,0.0,0.0
992,138.9893,0.0923593755639176,0.0,49.8740628045155,0.0,0.0,60.0,29.115237195484482,0.0,0.0
993,152.8856,0.14317256550081686,0.0,77.31318537044112,0.0,0.0,60.0,15.572414629558892,0.0,0.0
994,166.7863,0.17997370330597587,0.08648143369884173,97.18579978522698,4.324071684942086,0.0,60.0,5.276428529830952,0.0,0.0
995,166.7863,0.21148380112965048,0.1841419206883619,114.20125261001127,9.207096034418095,0.0,43.377951355570644,0.0,0.0,0.0
996,152.8856,0.21302883749074536,0.29827972875013786,115.0355722450025,14.913986437506892,0.0,22.936041317490606,0.0,0.0,0.0
997,125.0886,0.19641234057501575,0.4587446340694983,106.0626639105085,22.937231703474914,0.0,0.0,0.0,0.0,0.07399748458887564
998,111.1879,0.15633472777797566,0.6533127413127411,84.42075300010686,32.66563706563706,0.0,0.0,0.0,0.0,0.1855905398867335
999,111.1879,0.10751450403018105,0.8398346285184775,58.057832176297765,41.991731425923874,2.7810742402027016,8.357262157575658,0.0,0.0,0.0
1000,138.9893,0.05331240145092012,0.9376713083552122,28.788696783496867,46.88356541776061,0.0,60.0,3.3170377987425184,0.0,0.0
1001,152.8856,0.00732441855299361,0.8545279538621069,3.95518601861655,42.72639769310535,0.0,60.0,46.20401628827811,0.0,0.0
1002,166.7863,0.0,0.8424993744555985,0.0,42.124968722779926,0.0,60.0,64.66133127722009,0.0,0.0
1003,152.8856,0.0,0.9252260969972422,0.0,46.261304849862114,0.0,60.0,46.6242951501379,0.0,0.0
1004,125.0886,0.0,0.9880744053480418,0.0,49.40372026740209,0.0,60.0,15.684879732597906,0.0,0.0
1005,97.2916,0.0,1.0467001389961388,0.0,52.33500694980694,0.0,44.956593050193064,0.0,0.0,0.0
1006,55.5939,0.0,1.2212812647501377,0.0,61.064063237506886,0.0,0.0,0.0,0.0,0.10348957476364383
1007,41.6977,0.0,1.385732528926641,0.0,69.28662644633205,0.0,0.0,0.0,0.0,0.6254422372618178
1008,50.0345,0.0,1.4913771031439604,0.0,74.56885515719802,0.0,0.0,0.0,0.0,1.0896057132088073
1009,41.6977,0.0,1.3389841404258136,0.0,66.94920702129068,0.0,0.0,0.0,0.0,1.5673369271251174
1010,33.3564,0.0,1.0308427580011033,0.0,51.54213790005516,0.0,0.0,0.0,0.0,1.9113914279369717
1011,27.797,0.0,0.921091460024269,0.0,46.05457300121345,0.0,0.0,0.0,0.0,2.256804971203172
1012,27.797,0.0,0.9032540578312188,0.0,45.16270289156094,0.0,0.0,0.0,0.0,2.5853452961786494
1013,27.797,0.0,0.8438328745372311,0.0,42.19164372686156,0.0,0.0,0.0,0.0,2.857676393713868
1014,41.6977,0.0023903896456675166,0.7382360898223937,1.290810408660459,36.91180449111969,3.495085100219846,0.0,0.0,0.0,2.6244374814536178
1015,83.3909,0.035719107704045204,0.6061135313756209,19.28831816018441,30.305676568781042,33.79690527103455,0.0,0.0,0.0,0.3690550809841784
1016,138.9893,0.09057273359456693,0.49677697210810806,48.909276141066144,24.838848605405403,5.530290388547913,59.71088486498053,0.0,0.0,0.0
1017,152.8856,0.14320829318398168,0.5882489835102042,77.33247831935012,29.412449175510208,0.0,46.14067250513969,0.0,0.0,0.0
1018,166.7863,0.17974515552282755,0.9432224281698841,97.06238398232688,47.1611214084942,0.0,22.562794609178923,0.0,0.0,0.0
1019,166.7863,0.21185192690623175,1.2429050272829565,114.40004052936514,62.145251364147825,0.0,0.0,0.0,0.0,0.18462957636375862
1020,152.8856,0.21230240410413798,1.4746439448428024,114.6432982162345,73.73219724214012,0.0,0.0,0.0,0.0,0.8560600309816566
1021,125.0886,0.19457086992403427,1.8440245162713729,105.06826975897852,92.20122581356864,0.0,0.0,0.0,0.0,2.22164454181363
1022,111.1879,0.15396517296024878,2.2770069606795373,83.14119339853434,113.85034803397687,0.0,0.0,0.0,0.0,3.8449566770233017
1023,111.1879,0.10556390391331678,2.378684464679536,57.004508113191065,118.9342232339768,0.0,0.0,0.0,0.0,5.0699724052129636
1024,138.9893,0.052428895695106476,2.2831675278543853,28.3116036753575,114.15837639271926,0.0,0.0,0.0,0.0,5.135823109203605
1025,152.8856,0.007454823262120326,2.20575219372973,4.025604561544976,110.2876096864865,38.572385751968525,0.0,0.0,0.0,2.561756659289122
1026,166.7863,0.0,2.1316575664644235,0.0,106.58287832322118,38.38792353944749,21.81549813733134,0.0,0.0,0.0
1027,152.8856,0.0,1.960456807077772,0.0,98.0228403538886,0.0,54.862759646111414,0.0,0.0,0.0
1028,125.0886,0.0,1.7256117683397691,0.0,86.28058841698845,0.0,38.80801158301155,0.0,0.0,0.0
1029,97.2916,0.0,1.5437865489156095,0.0,77.18932744578048,0.0,20.102272554219525,0.0,0.0,0.0
1030,55.5939,0.0,1.4563345819393272,0.0,72.81672909696636,0.0,0.0,0.0,0.0,0.32583730723990406
1031,41.6977,0.0,1.4134607298223936,0.0,70.67303649111967,0.0,0.0,0.0,0.0,0.87401934896379
1032,50.0345,0.0,1.4298838277153891,0.0,71.49419138576945,0.0,0.0,0.0,0.0,1.2800135103161852
1033,41.6977,0.0,1.4480457024247109,0.0,72.40228512123554,0.0,0.0,0.0,0.0,1.8609110666638844
1034,33.3564,0.0,1.418378902804192,0.0,70.9189451402096,0.0,0.0,0.0,0.0,2.571553812559742
1035,27.797,0.0,1.277206352061776,0.0,63.8603176030888,0.0,0.0,0.0,0.0,3.2538327942398007
1036,27.797,0.0,1.0322804324324326,0.0,51.61402162162163,0.0,0.0,0.0,0.0,3.704425095189399
1037,27.797,0.0,0.7897733264026475,0.0,39.488666320132374,0.0,0.0,0.0,0.0,3.9256187823270388
1038,41.6977,0.0025605752317058167,0.6916107928428019,1.382710625121141,34.580539642140096,5.73444973273876,0.0,0.0,0.0,3.542939454149611
1039,83.3909,0.03777644243021954,0.6472006133480418,20.39927891231855,32.36003066740209,30.63159042027936,0.0,0.0,0.0,1.4987892759527899
1040,138.9893,0.09397532344509239,0.45653217044897954,50.746674660349896,22.82660852244898,22.459357300152558,42.95665951704855,0.0,0.0,0.0
1041,152.8856,0.14596784091191944,0.3882319296458909,78.8226340924365,19.411596482294545,0.0,54.65136942526897,0.0,0.0,0.0
1042,166.7863,0.18386157730365435,0.6362440668416989,99.28525174397335,31.812203342084942,0.0,35.68884491394172,0.0,0.0,0.0
1043,166.7863,0.2122394633096234,0.8531884343210151,114.60931018719664,42.65942171605076,0.0,9.517568096752626,0.0,0.0,0.0
1044,152.8856,0.2126153102894425,1.038038937239934,114.81226755629895,51.90194686199669,0.0,0.0,0.0,0.0,0.2616224349407279
1045,125.0886,0.19537668155110016,1.2413552123552127,105.5034080375941,62.067760617760634,0.0,0.0,0.0,0.0,1.0653467067987905
1046,111.1879,0.15787965081950492,1.4167386784335358,85.25501144253265,70.83693392167679,0.0,0.0,0.0,0.0,1.9148827001757258
1047,111.1879,0.10992323341683687,1.53018362588417,59.358546045091906,76.50918129420849,0.0,0.0,0.0,0.0,2.3817983525408684
1048,138.9893,0.05515606874217784,1.6230618225879763,29.784277120776036,81.15309112939882,28.05193174982513,0.0,0.0,0.0,0.5097975684350871
1049,152.8856,0.007974115830084004,1.767087693661335,4.3060225482453625,88.35438468306674,7.639316562999778,52.58587620568812,0.0,0.0,0.0
1050,166.7863,0.0,1.8793413824247103,0.0,93.96706912123551,0.0,60.0,12.8192308787645,0.0,0.0
1051,152.8856,0.0,1.9357591082713737,0.0,96.78795541356868,0.0,56.09764458643133,0.0,0.0,0.0
1052,125.0886,0.0,1.8980580722868168,0.0,94.90290361434084,0.0,30.185696385659156,0.0,0.0,0.0
1053,97.2916,0.0,1.7130802943011578,0.0,85.6540147150579,0.0,11.637585284942105,0.0,0.0,0.0
1054,55.5939,0.0,1.5098809494451186,0.0,75.49404747225593,0.0,0.0,0.0,0.0,0.3764892765021392
1055,41.6977,0.0,1.406914827190292,0.0,70.3457413595146,0.0,0.0,0.0,0.0,0.9184792481686319
1056,50.0345,0.0,1.348599243931605,0.0,67.42996219658025,0.0,0.0,0.0,0.0,1.247582587022853
1057,41.6977,0.0,1.2522209418378376,0.0,62.611047091891884,0.0,0.0,0.0,0.0,1.6432405049775642
1058,33.3564,0.0,1.1453413075521235,0.0,57.26706537760617,0.0,0.0,0.0,0.0,2.0956044445538975
1059,27.797,0.0,1.036598139552124,0.0,51.8299069776062,0.0,0.0,0.0,0.0,2.55028106304915
1060,27.797,0.0,0.9529664313822394,0.0,47.64832156911197,0.0,0.0,0.0,0.0,2.9258466062485655
1061,27.797,0.0,0.7179510259856591,0.0,35.89755129928295,0.0,0.0,0.0,0.0,3.079100279478243
1062,41.6977,0.0028030369055945313,0.5425456306409266,1.513639929021047,27.127281532046332,13.056778538932619,0.0,0.0,0.0,2.2077770536569137
1063,83.3909,0.03960983294074201,0.31039012843243236,21.389309788000684,15.519506421621617,33.08353914904885,13.398544641328847,0.0,0.0,0.0
1064,138.9893,0.09686023702229052,0.08993668702040829,52.30452799203688,4.496834351020414,0.0,60.0,22.187937656942694,0.0,0.0
1065,152.8856,0.1482920818214386,0.01938941684280195,80.07772418357685,0.9694708421400975,0.0,60.0,11.838404974283065,0.0,0.0
1066,166.7863,0.1855766962549197,0.25174868806177586,100.21141597765664,12.587434403088793,0.0,53.987449619254576,0.0,0.0,0.0
1067,166.7863,0.2115934618770086,0.6313931461400994,114.26046941358464,31.569657307004974,0.0,20.956173279410393,0.0,0.0,0.0
1068,152.8856,0.21502725665850234,0.9515721267115281,116.11471859559127,47.57860633557641,0.0,0.0,0.0,0.0,0.20447047167073998
1069,125.0886,0.19951044328313206,1.2059326414296747,107.73563937289131,60.296632071483735,0.0,0.0,0.0,0.0,1.0169183098075656
1070,111.1879,0.16260077141282497,1.3760033888582464,87.80441656292548,68.80016944291232,0.0,0.0,0.0,0.0,1.8761529099180105
1071,111.1879,0.11251016854673228,1.3214333944092662,60.75549101523543,66.0716697204633,0.0,0.0,0.0,0.0,2.172030815728527
1072,138.9893,0.056408100709659695,1.1095993212399338,30.460374383216234,55.47996606199669,32.54788177369197,20.50107778109509,0.0,0.0,0.0
1073,152.8856,0.008364679088626729,0.8666175574980691,4.516926707858434,43.33087787490346,0.0,60.0,45.03779541723813,0.0,0.0
1074,166.7863,0.0,0.8080915220474348,0.0,40.40457610237174,0.0,60.0,66.38172389762826,0.0,0.0
1075,152.8856,0.0,0.7910769325184774,0.0,39.553846625923875,0.0,60.0,53.33175337407613,0.0,0.0
1076,125.0886,0.0,0.7871683429806946,0.0,39.35841714903473,0.0,60.0,25.730182850965264,0.0,0.0
1077,97.2916,0.0,0.7767780956911201,0.0,38.83890478455601,0.0,58.452695215443995,0.0,0.0,0.0
1078,55.5939,0.0,0.7242699611428569,0.0,36.21349805714284,0.0,19.380401942857155,0.0,0.0,0.0
1079,41.6977,0.0,0.7433367032939878,0.0,37.16683516469939,0.0,4.530864835300605,0.0,0.0,0.0
1080,50.0345,0.0,0.8120358521787094,0.0,40.60179260893547,0.0,9.432707391064532,0.0,0.0,0.0
1081,41.6977,0.0,0.8080915220474348,0.0,40.40457610237174,0.0,1.2931238976282557,0.0,0.0,0.0
1082,33.3564,0.0,0.7871683429806946,0.0,39.35841714903473,0.0,0.0,0.0,0.0,0.11355167579254892
1083,27.797,0.0,0.728070107004964,0.0,36.4035053502482,0.0,0.0,0.0,0.0,0.27637745268913655
1084,27.797,0.0,0.6205204586254829,0.0,31.026022931274145,0.0,0.0,0.0,0.0,0.33746707571324197
1085,27.797,0.0,0.5081148128582462,0.0,25.40574064291231,2.3912593570876908,0.0,0.0,0.0,0.1778902083733894
1086,41.6977,0.0029579423419363107,0.3818668735752894,1.5972888646456078,19.09334367876447,2.66568477247524,18.341382684114677,0.0,0.0,0.0
1087,83.3909,0.04208062448303967,0.18786594816988422,22.723537220841422,9.393297408494211,0.0,51.27406537066437,0.0,0.0,0.0
1088,138.9893,0.10167054334752502,0.010460768123552027,54.902093407663514,0.5230384061776013,0.0,60.0,23.564168186158867,0.0,0.0
1089,152.8856,0.15659794394673035,0.0,84.56288973123439,0.0,0.0,60.0,8.322710268765618,0.0,0.0
1090,166.7863,0.19136239192148147,0.1565308412399337,103.3356916376,7.826542061996684,0.0,55.62406630040333,0.0,0.0,0.0
1091,166.7863,0.2156360244834322,0.4085475195763925,116.44345322105337,20.427375978819626,0.0,29.915470800126997,0.0,0.0,0.0
1092,152.8856,0.21818094354020337,0.5941860801235521,117.81770951170982,29.709304006177607,0.0,5.358586482112571,0.0,0.0,0.0
1093,125.0886,0.20102499779998517,0.7306072014296748,108.553498811992,36.53036007148374,0.0,0.0,0.0,0.0,0.37828868157927054
1094,111.1879,0.16174372645522864,0.9432224281698841,87.34161228582346,47.1611214084942,0.0,0.0,0.0,0.0,0.8193801298501454
1095,111.1879,0.11426259802696617,1.016508894393822,61.70180293456174,50.825444719691106,0.0,0.0,0.0,0.0,0.8447191395251993
1096,138.9893,0.05718947083348233,0.7268026591594045,30.88231425008046,36.34013295797022,12.658116305785109,59.1087364861642,0.0,0.0,0.0
1097,152.8856,0.008375244322606815,0.4356500519536681,4.52263193420768,21.782502597683408,0.0,60.0,66.58046546810893,0.0,0.0
1098,166.7863,0.0,0.4160935601632654,0.0,20.80467800816327,0.0,60.0,85.98162199183673,0.0,0.0
1099,152.8856,0.0,0.48663208426254817,0.0,24.33160421312741,0.0,60.0,68.5539957868726,0.0,0.0
1100,125.0886,0.0,0.568195222557088,0.0,28.4097611278544,0.0,60.0,36.678838872145604,0.0,0.0
1101,97.2916,0.0,0.6001409205868724,0.0,30.00704602934362,0.0,60.0,7.28455397065639,0.0,0.0
1102,55.5939,0.0,0.6362440668416989,0.0,31.812203342084942,0.0,23.781696657915056,0.0,0.0,0.0
1103,41.6977,0.0,0.6472006133480418,0.0,32.36003066740209,0.0,9.337669332597905,0.0,0.0,0.0
1104,50.0345,0.0,0.5635063430777717,0.0,28.175317153888585,0.0,21.859182846111416,0.0,0.0,0.0
1105,41.6977,0.0,0.46317778013899624,0.0,23.158889006949813,0.0,18.538810993050184,0.0,0.0,0.0
1106,33.3564,0.0,0.4620684657385552,0.0,23.10342328692776,0.0,10.25297671307224,0.0,0.0,0.0
1107,27.797,0.0,0.45321860702040845,0.0,22.660930351020422,0.0,5.1360696489795785,0.0,0.0,0.0
1108,27.797,0.0,0.4698480717308329,0.0,23.492403586541645,0.0,4.304596413458356,0.0,0.0,0.0
1109,27.797,0.0,0.45432244417870943,0.0,22.71612220893547,0.0,5.08087779106453,0.0,0.0,0.0
1110,41.6977,0.002989668010979682,0.3369534396999451,1.6144207259290284,16.847671984997255,0.0,23.235607289073712,0.0,0.0,0.0
1111,83.3909,0.04048168293027623,0.049945512842801965,21.86010878234916,2.497275642140098,0.0,59.03351557551074,0.0,0.0,0.0
1112,138.9893,0.09852180117266428,0.0,53.20177263323871,0.0,0.0,60.0,25.78752736676128,0.0,0.0
1113,152.8856,0.15052423487268576,0.0,81.28308683125032,0.0,0.0,60.0,11.602513168749695,0.0,0.0
1114,166.7863,0.18385365920768884,0.0,99.28097597215198,0.0,0.0,60.0,7.505324027848033,0.0,0.0
1115,166.7863,0.2151635690609,0.049945512842801965,116.188327292886,2.497275642140098,0.0,48.100697064973915,0.0,0.0,0.0
1116,152.8856,0.21827144659581751,0.40532363169111996,117.86658116174146,20.266181584555998,0.0,14.752837253702552,0.0,0.0,0.0
1117,125.0886,0.19524921757157376,0.6411064622173196,105.43457748864984,32.05532311086598,0.0,0.0,0.0,0.0,0.23461920053138013
1118,111.1879,0.15969329405637353,0.7356901911439604,86.23437879044171,36.78450955719802,0.0,0.0,0.0,0.0,0.45844870981105074
1119,111.1879,0.11193675667678757,0.6533127413127411,60.44584860546529,32.66563706563706,6.869853916518594,11.206560412379062,0.0,0.0,0.0
1120,138.9893,0.05622311861511952,0.39782482013899606,30.36048405216454,19.8912410069498,0.0,60.0,28.73757494088565,0.0,0.0
1121,152.8856,0.00838684742405318,0.27533047499613883,4.528897608988718,13.766523749806941,0.0,60.0,74.59017864120435,0.0,0.0
1122,166.7863,0.0,0.165672129976834,0.0,8.2836064988417,0.0,60.0,98.50269350115832,0.0,0.0
1123,152.8856,0.0,0.0659525471594044,0.0,3.2976273579702204,0.0,60.0,89.5879726420298,0.0,0.0
1124,125.0886,0.0,0.034153410718146586,0.0,1.7076705359073292,0.0,60.0,63.380929464092674,0.0,0.0
1125,97.2916,0.0,0.01938941684280195,0.0,0.9694708421400975,0.0,60.0,36.322129157859905,0.0,0.0
1126,55.5939,0.0,0.01694729216988404,0.0,0.847364608494202,0.0,54.746535391505795,0.0,0.0,0.0
1127,41.6977,0.0,0.02265380966795373,0.0,1.1326904833976865,0.0,40.56500951660231,0.0,0.0,0.0
1128,50.0345,0.0,0.06765006042581345,0.0,3.3825030212906726,0.0,46.65199697870933,0.0,0.0,0.0
1129,41.6977,0.0,0.1126325199426364,0.0,5.63162599713182,0.0,36.06607400286818,0.0,0.0,0.0
1130,33.3564,0.0,0.09513773128295629,0.0,4.756886564147814,0.0,28.599513435852188,0.0,0.0,0.0
1131,27.797,0.0,0.05497707712741331,0.0,2.7488538563706655,0.0,25.048146143629335,0.0,0.0,0.0
1132,27.797,0.0,0.0,0.0,0.0,0.0,27.797,0.0,0.0,0.0
1133,27.797,0.0,0.0,0.0,0.0,0.0,27.797,0.0,0.0,0.0
1134,41.6977,0.003200888334989154,0.0,1.728479700894143,0.0,0.0,39.96922029910586,0.0,0.0,0.0
1135,83.3909,0.04353746597099591,0.0,23.510231624337795,0.0,0.0,59.88066837566221,0.0,0.0,0.0
1136,138.9893,0.10267090881628162,0.0,55.442290760792076,0.0,0.0,60.0,23.54700923920791,0.0,0.0
1137,152.8856,0.1551245594022515,0.0,83.7672620772158,0.0,0.0,60.0,9.118337922784207,0.0,0.0
1138,166.7863,0.1907520867769544,0.0,103.00612685955538,0.0,0.0,60.0,3.7801731404446315,0.0,0.0
1139,166.7863,0.21859201995956115,0.0,118.039690778163,0.0,0.0,48.746609221837005,0.0,0.0,0.0
1140,152.8856,0.21609817116409671,0.047437771190292174,116.69301242861223,2.3718885595146086,0.0,33.820699011873174,0.0,0.0,0.0
1141,125.0886,0.19925022372322623,0.2536996591196911,107.59512081054217,12.684982955984555,0.0,4.808496233473278,0.0,0.0,0.0
1142,111.1879,0.16308530038820326,0.465398465976834,88.06606220962976,23.2699232988417,0.0,0.0,0.0,0.0,0.002801617727838577
1143,111.1879,0.11418801345375129,0.6025278309806951,61.661527265025704,30.126391549034754,0.041982241651661076,19.35799894428788,0.0,0.0,0.0
1144,138.9893,0.058351361796745806,0.548345233862107,31.509735370242733,27.41726169310535,0.0,60.0,20.062302936651903,0.0,0.0
1145,152.8856,0.009037297123274965,0.5263998149189192,4.880140446568481,26.319990745945958,0.0,60.0,61.68546880748556,0.0,0.0
1146,166.7863,0.0,0.6265536865570879,0.0,31.327684327854392,0.0,60.0,75.45861567214561,0.0,0.0
1147,152.8856,0.0,0.660671061568671,0.0,33.03355307843355,0.0,60.0,59.852046921566455,0.0,0.0
1148,125.0886,0.0,0.6398897868814116,0.0,31.99448934407058,0.0,60.0,33.09411065592943,0.0,0.0
1149,97.2916,0.0,0.570543892015444,0.0,28.527194600772198,0.0,60.0,8.764405399227797,0.0,0.0
1150,55.5939,0.0,0.4334662460011031,0.0,21.673312300055155,0.0,33.920587699944846,0.0,0.0,0.0
1151,41.6977,0.0,0.31140358156425796,0.0,15.570179078212899,0.0,26.1275209217871,0.0,0.0,0.0
1152,50.0345,0.0,0.21611758536789838,0.0,10.80587926839492,0.0,39.22862073160508,0.0,0.0,0.0
1153,41.6977,0.0,0.09080201315830119,0.0,4.54010065791506,0.0,37.157599342084936,0.0,0.0,0.0
1154,33.3564,0.0,0.0,0.0,0.0,0.0,33.3564,0.0,0.0,0.0
1155,27.797,0.0,0.0,0.0,0.0,0.0,27.797,0.0,0.0,0.0
1156,27.797,0.0,0.0,0.0,0.0,0.0,27.797,0.0,0.0,0.0
1157,27.797,0.0,0.0,0.0,0.0,0.0,27.797,0.0,0.0,0.0
1158,41.6977,0.0032202082484742082,0.0,1.7389124541760725,0.0,0.0,39.958787545823924,0.0,0.0,0.0
1159,83.3909,0.04206705872218584,0.0,22.716211709980357,0.0,0.0,60.0,0.6746882900196454,0.0,0.0
1160,138.9893,0.10085107996911312,0.0,54.45958318332109,0.0,0.0,60.0,24.5297168166789,0.0,0.0
1161,152.8856,0.15363185582750985,0.0,82.96120214685531,0.0,0.0,60.0,9.924397853144697,0.0,0.0
1162,166.7863,0.19375883230342544,0.0,104.62976944384974,0.0,0.0,60.0,2.1565305561502726,0.0,0.0
1163,166.7863,0.2218144780734773,0.0,119.77981815967773,0.0,0.0,47.00648184032228,0.0,0.0,0.0
1164,152.8856,0.22134518453385385,0.0,119.5263996482811,0.0,0.0,33.35920035171891,0.0,0.0,0.0
1165,125.0886,0.20292208876139775,0.0,109.57792793115479,0.0,0.0,15.51067206884521,0.0,0.0,0.0
1166,111.1879,0.16496243301365493,0.0,89.07971382737367,0.0,0.0,22.108186172626333,0.0,0.0,0.0
1167,111.1879,0.11405354901342214,0.0,61.588916467247955,0.0,0.0,49.598983532752044,0.0,0.0,0.0
1168,138.9893,0.05810452297531718,0.013699341661334664,31.376442406671277,0.6849670830667333,0.0,60.0,46.927890510261975,0.0,0.0
1169,152.8856,0.009156735819611954,0.1259138647192499,4.944637342590455,6.295693235962495,0.0,60.0,81.64526942144707,0.0,0.0
1170,166.7863,0.0,0.19066556646442376,0.0,9.533278323221188,0.0,60.0,97.25302167677881,0.0,0.0
1171,152.8856,0.0,0.2576093193601766,0.0,12.880465968008831,0.0,60.0,80.00513403199119,0.0,0.0
1172,125.0886,0.0,0.3205541745879759,0.0,16.027708729398796,0.0,60.0,49.0608912706012,0.0,0.0
1173,97.2916,0.0,0.2802902079470493,0.0,14.014510397352463,0.0,60.0,23.277089602647536,0.0,0.0
1174,55.5939,0.0,0.20003854826254822,0.0,10.001927413127412,0.0,45.591972586872586,0.0,0.0,0.0
1175,41.6977,0.0,0.08303585217870937,0.0,4.151792608935469,0.0,37.54590739106453,0.0,0.0,0.0
1176,50.0345,0.0,0.0,0.0,0.0,0.0,50.0345,0.0,0.0,0.0
1177,41.6977,0.0,0.0,0.0,0.0,0.0,41.6977,0.0,0.0,0.0
1178,33.3564,0.0,0.0,0.0,0.0,0.0,33.3564,0.0,0.0,0.0
1179,27.797,0.0,0.0,0.0,0.0,0.0,27.797,0.0,0.0,0.0
1180,27.797,0.0,0.0,0.0,0.0,0.0,27.797,0.0,0.0,0.0
1181,27.797,0.0,0.0,0.0,0.0,0.0,27.797,0.0,0.0,0.0
1182,41.6977,0.0032237118272743052,0.0,1.7408043867281249,0.0,0.0,39.956895613271875,0.0,0.0,0.0
1183,83.3909,0.04089033962174926,0.0,22.0807833957446,0.0,0.0,60.0,1.3101166042553984,0.0,0.0
1184,138.9893,0.09663325701595218,0.0,52.18195878861418,0.0,0.0,60.0,26.807341211385804,0.0,0.0
1185,152.8856,0.14906405028208589,0.0,80.49458715232637,0.0,0.0,60.0,12.391012847673636,0.0,0.0
1186,166.7863,0.18857919709022022,0.0,101.83276642871893,0.0,0.0,60.0,4.953533571281085,0.0,0.0
1187,166.7863,0.21452281420175418,0.0,115.84231966894727,0.0,0.0,50.94398033105274,0.0,0.0,0.0
1188,152.8856,0.21074460986760316,0.0,113.8020893285057,0.0,0.0,39.08351067149431,0.0,0.0,0.0
1189,125.0886,0.19349188050931063,0.0,104.48561547502774,0.0,0.0,20.602984524972257,0.0,0.0,0.0
1190,111.1879,0.15783214202935703,0.0,85.2293566958528,0.0,0.0,25.9585433041472,0.0,0.0,0.0
1191,111.1879,0.10714453451989407,0.0,57.858048640742794,0.0,0.0,53.329851359257205,0.0,0.0,0.0
1192,138.9893,0.054344920655909755,0.0,29.346257154191267,0.0,0.0,60.0,49.64304284580872,0.0,0.0
1193,152.8856,0.008792438166066082,0.19534418091560957,4.747916609675684,9.76720904578048,0.0,60.0,78.37047434454385,0.0,0.0
1194,166.7863,0.0,0.46873464050303365,0.0,23.43673202515168,0.0,60.0,83.34956797484833,0.0,0.0
1195,152.8856,0.0,0.6459803458223939,0.0,32.299017291119696,0.0,60.0,60.586582708880314,0.0,0.0
1196,125.0886,0.0,0.7703082769156094,0.0,38.51541384578047,0.0,60.0,26.573186154219528,0.0,0.0
1197,97.2916,0.0,0.870661013003861,0.0,43.53305065019305,0.0,53.758549349806955,0.0,0.0,0.0
1198,55.5939,0.0,0.8869029256613348,0.0,44.34514628306674,0.0,11.248753716933258,0.0,0.0,0.0
1199,41.6977,0.0,0.7548561241169331,0.0,37.742806205846655,0.0,3.9548937941533424,0.0,0.0,0.0
1200,50.0345,0.0,0.5344555984555983,0.0,26.722779922779914,0.0,23.311720077220087,0.0,0.0,0.0
1201,41.6977,0.0,0.2449405205250966,0.0,12.24702602625483,0.0,29.450673973745168,0.0,0.0,0.0
1202,33.3564,0.0,0.0,0.0,0.0,0.0,33.3564,0.0,0.0,0.0
1203,27.797,0.0,0.0,0.0,0.0,0.0,27.797,0.0,0.0,0.0
1204,27.797,0.0,0.0,0.0,0.0,0.0,27.797,0.0,0.0,0.0
1205,27.797,0.0,0.0,0.0,0.0,0.0,27.797,0.0,0.0,0.0
1206,41.6977,0.003251269190105915,0.0,1.7556853626571942,0.0,0.0,39.9420146373428,0.0,0.0,0.0
1207,83.3909,0.03701175805230341,0.0,19.98634934824384,0.0,0.0,60.0,3.4045506517561606,0.0,0.0
1208,138.9893,0.08874369821967347,0.0,47.92159703862367,0.0,0.0,60.0,31.067702961376312,0.0,0.0
1209,152.8856,0.137975570959826,0.0,74.50680831830604,0.0,0.0,60.0,18.37879168169397,0.0,0.0
1210,166.7863,0.17656921184949884,0.0,95.34737439872939,0.0,0.0,60.0,11.438925601270626,0.0,0.0
1211,166.7863,0.200006408062135,0.0,108.0034603535529,0.0,0.0,58.782839646447115,0.0,0.0,0.0
1212,152.8856,0.1972837720946557,0.0,106.53323693111408,0.0,0.0,46.352363068885936,0.0,0.0,0.0
1213,125.0886,0.1797572138893315,0.05078261720463308,97.06889550023901,2.539130860231654,0.0,25.48057363952934,0.0,0.0,0.0
1214,111.1879,0.13572147752983887,0.20758236812355216,73.289597866113,10.379118406177607,0.0,27.51918372770939,0.0,0.0,0.0
1215,111.1879,0.09115846176036403,0.43674297529398803,49.22556935059657,21.837148764699403,0.0,40.12518188470402,0.0,0.0,0.0
1216,138.9893,0.04609395037952143,0.7793712079426365,24.890733204941572,38.968560397131824,0.0,60.0,15.130006397926593,0.0,0.0
1217,152.8856,0.007425455130903761,1.3550258011428566,4.00974577068803,67.75129005714284,0.0,60.0,21.124564172169144,0.0,0.0
1218,166.7863,0.0,2.0141681809156085,0.0,100.70840904578043,0.0,60.0,6.077890954219583,0.0,0.0
1219,152.8856,0.0,2.4569599036999454,0.0,122.84799518499727,0.0,30.037604815002737,0.0,0.0,0.0
1220,125.0886,0.0,2.753675979861004,0.0,137.6837989930502,0.0,0.0,0.0,0.0,0.23828754851716602
1221,97.2916,0.0,2.930872586872587,0.0,146.54362934362933,0.0,0.0,0.0,0.0,1.170082698261505
1222,55.5939,0.0,3.179590441089907,0.0,158.97952205449536,0.0,0.0,0.0,0.0,3.1260268992924987
1223,41.6977,0.0,3.285627920061777,0.0,164.28139600308884,0.0,0.0,0.0,13.69480711419996,5.186086959352559
1224,50.0345,0.0,3.099489677167126,0.0,154.9744838583563,0.0,0.0,0.0,13.69480711419996,7.171438005321462
1225,41.6977,0.0,2.722084978409266,0.0,136.1042489204633,0.0,0.0,0.0,13.69480711419996,8.95750784976266
1226,33.3564,0.0,1.776165461250965,0.0,88.80827306254825,0.0,0.0,0.0,13.69480711419996,10.006597340135194
1227,27.797,0.0,1.0394805162713734,0.0,51.97402581356867,0.0,0.0,0.0,13.69480711419996,10.464000531202709
1228,27.797,0.0,1.10664144753668,0.0,55.332072376834,0.0,0.0,0.0,13.69480711419996,10.984934332926596
1229,27.797,0.0,1.2522209418378376,0.0,62.611047091891884,0.0,0.0,0.0,13.69480711419996,11.643578467097523
1230,41.6977,0.003129529090645176,1.2913522795102044,1.6899457089483951,64.56761397551021,0.0,0.0,0.0,13.69480711419996,12.108224461127822
1231,83.3909,0.03500849435301183,1.363077570718147,18.90458695062639,68.15387853590735,0.0,0.0,0.0,13.69480711419996,12.17761083519738
1232,138.9893,0.08411118841442108,1.359854384997242,45.42004174378739,67.9927192498621,25.576539006350487,0.0,0.0,0.0,10.470801425364181
1233,152.8856,0.13564790194121648,1.2351640520154443,73.2498670482569,61.758202600772215,17.877530350970886,0.0,0.0,0.0,9.277773040247672
1234,166.7863,0.17394802355860448,1.155852376710425,93.93193272164642,57.792618835521246,15.06174844283234,0.0,0.0,0.0,8.272651355707643
1235,166.7863,0.20470857856750702,1.055389514872587,110.54263242645379,52.76947574362934,3.4741918299168617,0.0,0.0,0.0,8.040806722413224
1236,152.8856,0.20736211411640235,0.9739733563022617,111.97554162285726,48.69866781511308,0.0,0.0,0.0,0.0,8.188158792861312
1237,125.0886,0.19245726198251537,0.9810142199316052,103.9269214705583,49.05071099658026,0.0,0.0,0.0,0.0,8.715789136834204
1238,111.1879,0.1553514397993327,1.0801628145879756,83.88977749163965,54.00814072939878,0.0,0.0,0.0,0.0,9.221113805880876
1239,111.1879,0.10799058661231663,1.1952365317153888,58.314916770650974,59.76182658576944,0.0,0.0,0.0,0.0,9.351443274786128
1240,138.9893,0.053921427645018026,1.4713074102857142,29.117570928309732,73.56537051428572,36.306358557404536,0.0,0.0,0.0,6.928596524208581
1241,152.8856,0.008829361714798381,2.0881971931428565,4.767855325991126,104.40985965714282,43.70788501686607,0.0,0.0,0.0,4.011820747307275
1242,166.7863,0.0,2.7265862506254823,0.0,136.32931253127413,30.456987468725885,0.0,0.0,0.0,1.9793224177293047
1243,152.8856,0.0,3.1844805689045783,0.0,159.22402844522892,0.0,0.0,0.0,0.0,2.09923863155796
1244,125.0886,0.0,3.42402625687369,0.0,171.2013128436845,0.0,0.0,0.0,0.0,2.9716413069790177
1245,97.2916,0.0,3.2707184228041926,0.0,163.53592114020964,0.0,0.0,0.0,0.0,4.2249122474694705
1246,55.5939,0.0,2.9991338109740764,0.0,149.95669054870382,0.0,0.0,0.0,0.0,6.010154230823327
1247,41.6977,0.0,2.6884497856458918,0.0,134.42248928229458,0.0,0.0,0.0,0.0,7.7644070010289
1248,50.0345,0.0,2.3369114613480417,0.0,116.84557306740209,0.0,0.0,0.0,0.0,9.028400275277047
1249,41.6977,0.0,2.0627237904026474,0.0,103.13618952013238,0.0,0.0,0.0,0.0,10.19075007700928
1250,33.3564,0.0,1.8237240837153879,0.0,91.1862041857694,0.0,0.0,0.0,0.0,11.28482745349681
1251,27.797,0.0,1.645794347490348,0.0,82.28971737451741,0.0,0.0,0.0,0.0,12.31577075517687
1252,27.797,0.0,1.363077570718147,0.0,68.15387853590735,0.0,0.0,0.0,0.0,13.07927926801836
1253,27.797,0.0,1.0467001389961388,0.0,52.33500694980694,0.0,0.0,0.0,0.0,13.543511831933625
1254,41.6977,0.003720593707649306,0.8358431420011034,2.009120602130625,41.79215710005517,0.0,0.0,0.0,0.0,13.583309247920923
1255,83.3909,0.040150878463321646,0.6866300005030338,21.68147437019369,34.33150002515169,27.37792560465462,0.0,0.0,0.0,11.756287185548242
1256,138.9893,0.09443358382633886,0.6941055483552122,50.99413526622299,34.70527741776061,53.289887316016376,0.0,0.0,0.0,8.20007181577738
1257,152.8856,0.1462836535315142,0.921091460024269,78.99317290701768,46.05457300121345,27.83785409176889,0.0,0.0,0.0,6.342357161672014
1258,166.7863,0.18603152324623196,1.1378573094054056,100.45702255296526,56.89286547027028,9.436411976764475,0.0,0.0,0.0,5.7126333060320755
1259,166.7863,0.21128499890224345,1.1860997884258138,114.09389940721147,59.304989421290685,0.0,0.0,0.0,0.0,5.837736337922657
1260,152.8856,0.21206398097685417,1.2028725868725867,114.51454972750126,60.143629343629335,0.0,0.0,0.0,0.0,6.249649996025127
1261,125.0886,0.194031580931947,1.1739623974760067,104.77705370325138,58.69811987380034,0.0,0.0,0.0,0.0,6.975882469104484
1262,111.1879,0.15985892801221693,1.121462501877551,86.32382112659714,56.07312509387755,0.0,0.0,0.0,0.0,7.5663238840864375
1263,111.1879,0.11068136050378775,1.0481464105372313,59.76793467204539,52.40732052686157,0.0,0.0,0.0,0.0,7.585003577038732
1264,138.9893,0.056903932980935074,1.121462501877551,30.72812380970494,56.07312509387755,52.188051096417496,0.0,0.0,0.0,4.1023174845183785
1265,152.8856,0.009734153522133419,1.2600065218929952,5.256442901952046,63.000326094649765,61.47322750550789,23.15560349789031,0.0,0.0,0.0
1266,166.7863,0.0,1.6230618225879763,0.0,81.15309112939882,0.0,60.0,25.633208870601194,0.0,0.0
1267,152.8856,0.0,2.0646778188108112,0.0,103.23389094054056,0.0,49.65170905945945,0.0,0.0,0.0
1268,125.0886,0.0,2.4612279845559852,0.0,123.06139922779926,0.0,2.027200772200743,0.0,0.0,0.0
1269,97.2916,0.0,2.534368752750138,0.0,126.7184376375069,0.0,0.0,0.0,0.0,0.5567239553041845
1270,55.5939,0.0,2.338991181661336,0.0,116.94955908306679,0.0,0.0,0.0,0.0,1.7175066947135562
1271,41.6977,0.0,2.1396070761478208,0.0,106.98035380739104,0.0,0.0,0.0,0.0,2.952583928907441
1272,50.0345,0.0,1.9093308637617206,0.0,95.46654318808604,0.0,0.0,0.0,0.0,3.812109070303663
1273,41.6977,0.0,1.6370338532818538,0.0,81.8516926640927,0.0,0.0,0.0,0.0,4.571779201786498
1274,33.3564,0.0,1.4447360144026473,0.0,72.23680072013236,0.0,0.0,0.0,0.0,5.307354350545759
1275,27.797,0.0,1.3262100982327634,0.0,66.31050491163816,0.0,0.0,0.0,0.0,6.035988227252427
1276,27.797,0.0,1.1095993212399338,0.0,55.47996606199669,0.0,0.0,0.0,0.0,6.559720017614527
1277,27.797,0.0,0.7858669652509651,0.0,39.29334826254826,0.0,0.0,0.0,0.0,6.777218498257332
1278,41.6977,0.0035040626740311985,0.5425456306409266,1.8921938439768473,27.127281532046332,12.678224623976817,0.0,0.0,0.0,5.931157462289576
1279,83.3909,0.0374751770869307,0.3797505482625484,20.236595626942577,18.98752741312742,44.166776959930004,0.0,0.0,0.0,2.9837582657643837
1280,138.9893,0.08982812896418983,0.32975800297407626,48.50718964066251,16.48790014870381,44.71161761247929,29.28259259815438,0.0,0.0,0.0
1281,152.8856,0.14281705288603724,0.31851611432101484,77.12120855846011,15.925805716050743,0.0,59.83858572548915,0.0,0.0,0.0
1282,166.7863,0.17767893440095905,0.3154639494142304,95.94662457651789,15.77319747071152,0.0,55.0664779527706,0.0,0.0,0.0
1283,166.7863,0.20135074546554851,0.285266159761721,108.7294025513962,14.26330798808605,0.0,43.79358946051775,0.0,0.0,0.0
1284,152.8856,0.1978855611946619,0.2381637683397683,106.85820304511743,11.908188416988414,0.0,34.11920853789417,0.0,0.0,0.0
1285,125.0886,0.1816742810269871,0.22088157998455576,98.10411175457304,11.044078999227787,0.0,15.940409246199167,0.0,0.0,0.0
1286,111.1879,0.1500559380134459,0.18042793439382246,81.03020652726079,9.021396719691124,0.0,21.136296753048086,0.0,0.0,0.0
1287,111.1879,0.10233977754059849,0.0659525471594044,55.26347987192319,3.2976273579702204,0.0,52.62679277010659,0.0,0.0,0.0
1288,138.9893,0.05163405046714668,0.02510828164589095,27.88238725225921,1.2554140822945477,0.0,60.0,49.85149866544623,0.0,0.0
1289,152.8856,0.008954755191157114,0.11616074385438495,4.8355678032248415,5.808037192719247,0.0,60.0,82.24199500405592,0.0,0.0
1290,166.7863,0.0,0.37131200204743536,0.0,18.565600102371768,0.0,60.0,88.22069989762824,0.0,0.0
1291,152.8856,0.0,0.6853866175752898,0.0,34.26933087876449,0.0,60.0,58.61626912123552,0.0,0.0
1292,125.0886,0.0,0.9725674998610035,0.0,48.62837499305018,0.0,60.0,16.460225006949827,0.0,0.0
1293,97.2916,0.0,1.1184919504555988,0.0,55.92459752277994,0.0,41.36700247722006,0.0,0.0,0.0
1294,55.5939,0.0,1.0308427580011033,0.0,51.54213790005516,0.0,4.051762099944838,0.0,0.0,0.0
1295,41.6977,0.0,0.7780742812664095,0.0,38.90371406332048,0.0,2.793985936679519,0.0,0.0,0.0
1296,50.0345,0.0,0.45542696525096527,0.0,22.771348262548262,0.0,27.26315173745174,0.0,0.0,0.0
1297,41.6977,0.0,0.20003854826254822,0.0,10.001927413127412,0.0,31.695772586872586,0.0,0.0,0.0
1298,33.3564,0.0,0.008844993482625544,0.0,0.4422496741312772,0.0,32.914150325868725,0.0,0.0,0.0
1299,27.797,0.0,0.0,0.0,0.0,0.0,27.797,0.0,0.0,0.0
1300,27.797,0.0,0.0,0.0,0.0,0.0,27.797,0.0,0.0,0.0
1301,27.797,0.0,0.0,0.0,0.0,0.0,27.797,0.0,0.0,0.0
1302,41.6977,0.0038481281236022024,0.0,2.077989186745189,0.0,0.0,39.619710813254805,0.0,0.0,0.0
1303,83.3909,0.03952305232819251,0.0,21.342448257223957,0.0,0.0,60.0,2.048451742776045,0.0,0.0
1304,138.9893,0.09130592098687954,0.0,49.30519733291495,0.0,0.0,60.0,29.68410266708503,0.0,0.0
1305,152.8856,0.14528710596402777,0.0,78.455037220575,0.0,0.0,60.0,14.430562779425017,0.0,0.0
1306,166.7863,0.18266723520300857,0.0,98.64030700962464,0.0,0.0,60.0,8.145992990375376,0.0,0.0
1307,166.7863,0.21215251939118393,0.0,114.56236047123933,0.0,0.0,52.22393952876068,0.0,0.0,0.0
1308,152.8856,0.20732557983289007,0.0,111.95581310976064,0.0,0.0,40.92978689023937,0.0,0.0,0.0
1309,125.0886,0.18273184779192428,0.0,98.67519780763912,0.0,0.0,26.413402192360877,0.0,0.0,0.0
1310,111.1879,0.14449635343084713,0.0,78.02803085265745,0.0,0.0,33.15986914734255,0.0,0.0,0.0
1311,111.1879,0.10098236107522102,0.0,54.530474980619346,0.0,0.0,56.65742501938065,0.0,0.0,0.0
1312,138.9893,0.052024598563822265,0.0,28.093283224464024,0.0,0.0,60.0,50.89601677553597,0.0,0.0
1313,152.8856,0.009242510168188282,0.0,4.990955490821673,0.0,0.0,60.0,87.89464450917833,0.0,0.0
1314,166.7863,0.0,0.08648143369884173,0.0,4.324071684942086,0.0,60.0,102.46222831505793,0.0,0.0
1315,152.8856,0.0,0.35873426144511866,0.0,17.936713072255934,0.0,60.0,74.94888692774407,0.0,0.0
1316,125.0886,0.0,0.6374585894054055,0.0,31.87292947027027,0.0,60.0,33.21567052972972,0.0,0.0
1317,97.2916,0.0,0.8345141476183118,0.0,41.72570738091559,0.0,55.565892619084416,0.0,0.0,0.0
1318,55.5939,0.0,0.9032540578312188,0.0,45.16270289156094,0.0,10.431197108439058,0.0,0.0,0.0
1319,41.6977,0.0,0.8278804245956976,0.0,41.394021229784876,0.0,0.0,0.3036787702151216,0.0,0.0
1320,50.0345,0.0,0.6217256745372312,0.0,31.08628372686156,0.0,18.948216273138442,0.0,0.0,0.0
1321,41.6977,0.0,0.35456298134804204,0.0,17.728149067402104,0.0,23.969550932597894,0.0,0.0,0.0
1322,33.3564,0.0,0.11351365912851613,0.0,5.675682956425806,0.0,27.680717043574194,0.0,0.0,0.0
1323,27.797,0.0,0.0,0.0,0.0,0.0,27.797,0.0,0.0,0.0
1324,27.797,0.0,0.0,0.0,0.0,0.0,27.797,0.0,0.0,0.0
1325,27.797,0.0,0.0,0.0,0.0,0.0,27.797,0.0,0.0,0.0
1326,41.6977,0.003730042810082803,0.0,2.014223117444714,0.0,0.0,39.68347688255528,0.0,0.0,0.0
1327,83.3909,0.037922469107935834,0.0,20.47813331828535,0.0,0.0,60.0,2.9127666817146505,0.0,0.0
1328,138.9893,0.08392265548931757,0.0,45.31823396423149,0.0,0.0,60.0,33.67106603576849,0.0,0.0
1329,152.8856,0.12791419039767762,0.0,69.07366281474592,0.0,0.0,60.0,23.811937185254095,0.0,0.0
1330,166.7863,0.16503561984898113,0.0,89.11923471844982,0.0,0.0,60.0,17.667065281550194,0.0,0.0
1331,166.7863,0.1929222235660826,0.0,104.17800072568461,0.0,0.0,60.0,2.6082992743153994,0.0,0.0
1332,152.8856,0.19406740344022239,0.04576891749806955,104.7963978577201,2.2884458749034775,0.0,45.80075626737644,0.0,0.0,0.0
1333,125.0886,0.1777815443727336,0.31851611432101484,96.00203396127614,15.925805716050743,0.0,13.160760322673113,0.0,0.0,0.0
1334,111.1879,0.1461821651621416,0.7574241001478214,78.93836918755648,37.87120500739107,0.0,0.0,0.0,0.0,0.1063559982827914
1335,111.1879,0.10057833897809315,1.0963138043552125,54.3123030481703,54.815690217760626,1.593744634267629,0.0,0.46616209980144485,0.0,0.0
1336,138.9893,0.051270437934224235,1.2243606713822395,27.686036484481086,61.218033569111974,0.0,50.085229946406926,0.0,0.0,0.0
1337,152.8856,0.009329025715409806,1.3453909134826256,5.037673886321295,67.26954567413128,0.0,60.0,20.57838043954743,0.0,0.0
1338,166.7863,0.0,1.371150001738555,0.0,68.55750008692775,0.0,60.0,38.228799913072265,0.0,0.0
1339,152.8856,0.0,1.5711556159470494,0.0,78.55778079735248,0.0,60.0,14.327819202647532,0.0,0.0
1340,125.0886,0.0,1.767087693661335,0.0,88.35438468306674,0.0,36.73421531693326,0.0,0.0,0.0
1341,97.2916,0.0,1.8644320748725864,0.0,93.22160374362932,0.0,4.069996256370686,0.0,0.0,0.0
1342,55.5939,0.0,1.2709404729045777,0.0,63.54702364522888,0.0,0.0,0.0,0.0,0.15046450139622217
1343,41.6977,0.0,0.6229316050744622,0.0,31.146580253723112,2.254710553422389,8.296409192854497,0.0,0.0,0.0
1344,50.0345,0.0,0.6121039389652511,0.0,30.605196948262552,0.0,19.42930305173745,0.0,0.0,0.0
1345,41.6977,0.0,0.7116503694826257,0.0,35.582518474131284,0.0,6.115181525868714,0.0,0.0,0.0
1346,33.3564,0.0,0.8305316648736901,0.0,41.526583243684506,0.0,0.0,0.0,0.0,0.15457103433997715
1347,27.797,0.0,0.9994109574142305,0.0,49.97054787071152,0.0,0.0,0.0,0.0,0.5740705886507356
1348,27.797,0.0,1.1906645458532814,0.0,59.53322729266407,0.0,0.0,0.0,0.0,1.1744856995930288
1349,27.797,0.0,1.2553327374826257,0.0,62.76663687413129,0.0,0.0,0.0,0.0,1.836073424238756
1350,41.6977,0.0042122724652424864,1.1348692818532817,2.2746271312309427,56.743464092664084,0.0,0.0,0.0,0.0,2.163756501447581
1351,83.3909,0.04159269747962194,0.8120358521787094,22.460056638995844,40.60179260893547,20.32905075206869,0.0,0.0,0.0,0.8071298246328535
1352,138.9893,0.09159487639584574,0.40210581325096534,49.461233253756696,20.105290662548267,12.09484042212331,57.327935661571715,0.0,0.0,0.0
1353,152.8856,0.13554368617398405,0.049945512842801965,73.1935905339514,2.497275642140098,0.0,60.0,17.19473382390852,0.0,0.0
1354,166.7863,0.1706679400648519,0.0,92.16068763502003,0.0,0.0,60.0,14.625612364979986,0.0,0.0
1355,166.7863,0.18872413537550384,0.0,101.91103310277208,0.0,0.0,60.0,4.875266897227931,0.0,0.0
1356,152.8856,0.18593126203610497,0.0,100.40288149949669,0.0,0.0,52.482718500503324,0.0,0.0,0.0
1357,125.0886,0.17743478691934866,0.03250352785438506,95.81478493644828,1.625176392719253,0.0,27.64863867083247,0.0,0.0,0.0
1358,111.1879,0.1493881421383724,0.10911406949806943,80.6695967547211,5.455703474903471,0.0,25.062599770375428,0.0,0.0,0.0
1359,111.1879,0.10160082319768515,0.09426937529398782,54.864444526749985,4.713468764699391,0.0,51.60998670855062,0.0,0.0,0.0
1360,138.9893,0.053353054691533106,0.1179285250965252,28.810649533427878,5.89642625482626,0.0,60.0,44.28222421174584,0.0,0.0
1361,152.8856,0.009660403923809076,0.3829260407104245,5.216618118856902,19.146302035521227,0.0,60.0,68.5226798456219,0.0,0.0
1362,166.7863,0.0,0.7382360898223937,0.0,36.91180449111969,0.0,60.0,69.87449550888033,0.0,0.0
1363,152.8856,0.0,0.9951539390270268,0.0,49.757696951351335,0.0,60.0,43.127903048648676,0.0,0.0
1364,125.0886,0.0,1.167912928688362,0.0,58.395646434418104,0.0,60.0,6.692953565581888,0.0,0.0
1365,97.2916,0.0,0.9432224281698841,0.0,47.1611214084942,0.0,50.1304785915058,0.0,0.0,0.0
1366,55.5939,0.0,0.7638569538929951,0.0,38.19284769464976,0.0,17.40105230535024,0.0,0.0,0.0
1367,41.6977,0.0,0.5870636911196915,0.0,29.353184555984573,0.0,12.344515444015425,0.0,0.0,0.0
1368,50.0345,0.0,0.41393416923993404,0.0,20.696708461996703,0.0,29.337791538003298,0.0,0.0,0.0
1369,41.6977,0.0,0.49000749541312766,0.0,24.500374770656382,0.0,17.197325229343615,0.0,0.0,0.0
1370,33.3564,0.0,0.5882489835102042,0.0,29.412449175510208,0.0,3.943950824489793,0.0,0.0,0.0
1371,27.797,0.0,0.5390742756183121,0.0,26.953713780915606,0.0,0.0,0.8432862190843942,0.0,0.0
1372,27.797,0.0,0.3861075625725317,0.0,19.305378128626586,0.0,8.491621871373415,0.0,0.0,0.0
1373,27.797,0.0,0.20663717782239396,0.0,10.331858891119698,0.0,17.465141108880303,0.0,0.0,0.0
1374,41.6977,0.004565115834939246,0.03250352785438506,2.465162550867193,1.625176392719253,0.0,37.60736105641355,0.0,0.0,0.0
1375,83.3909,0.04538353210197449,0.0,24.507107335066223,0.0,0.0,58.88379266493378,0.0,0.0,0.0
1376,138.9893,0.1013264583035557,0.0,54.71628748392008,0.0,0.0,60.0,24.273012516079916,0.0,0.0
1377,152.8856,0.15275918596715013,0.0,82.48996042226108,0.0,0.0,60.0,10.395639577738933,0.0,0.0
1378,166.7863,0.18847520865494713,0.0,101.77661267367145,0.0,0.0,60.0,5.00968732632856,0.0,0.0
1379,166.7863,0.22314730832696988,0.0,120.49954649656375,0.0,0.0,46.28675350343626,0.0,0.0,0.0
1380,152.8856,0.21816743715863415,0.10123322002426913,117.81041606566244,5.061661001213456,0.0,30.013522933124122,0.0,0.0,0.0
1381,125.0886,0.20822987930184716,0.19722003602426896,112.44413482299747,9.861001801213447,0.0,2.7834633757890828,0.0,0.0,0.0
1382,111.1879,0.17252345645072012,0.18507198566795366,93.16266648338886,9.253599283397683,0.0,8.771634233213447,0.0,0.0,0.0
1383,111.1879,0.12012434905085868,0.09513773128295629,64.8671484874637,4.756886564147814,0.0,41.563864948388485,0.0,0.0,0.0
1384,138.9893,0.06110631164210488,0.0,32.997408286736636,0.0,0.0,60.0,45.99189171326336,0.0,0.0
1385,152.8856,0.011170486516568703,0.0,6.0320627189471,0.0,0.0,60.0,86.85353728105292,0.0,0.0
1386,166.7863,0.0,0.17303003114396032,0.0,8.651501557198015,0.0,60.0,98.13479844280201,0.0,0.0
1387,152.8856,0.0,0.5081148128582462,0.0,25.40574064291231,0.0,60.0,67.4798593570877,0.0,0.0
1388,125.0886,0.0,0.9923198020694981,0.0,49.61599010347491,0.0,60.0,15.472609896525086,0.0,0.0
1389,97.2916,0.0,1.3055643780165473,0.0,65.27821890082737,0.0,32.01338109917263,0.0,0.0,0.0
1390,55.5939,0.0,1.2398062075763925,0.0,61.99031037881962,0.0,0.0,0.0,0.0,0.12101316932901993
1391,41.6977,0.0,0.9515721267115281,0.0,47.57860633557641,0.0,0.0,0.0,0.0,0.23227355946154665
1392,50.0345,0.0,0.6001409205868724,0.0,30.00704602934362,3.480619288531276,16.546834682125105,0.0,0.0,0.0
1393,41.6977,0.0,0.2625108836183121,0.0,13.125544180915604,0.0,28.572155819084394,0.0,0.0,0.0
1394,33.3564,0.0,0.0,0.0,0.0,0.0,33.3564,0.0,0.0,0.0
1395,27.797,0.0,0.0,0.0,0.0,0.0,27.797,0.0,0.0,0.0
1396,27.797,0.0,0.0,0.0,0.0,0.0,27.797,0.0,0.0,0.0
1397,27.797,0.0,0.0,0.0,0.0,0.0,27.797,0.0,0.0,0.0
1398,41.6977,0.005031566474149421,0.0,2.717045896040687,0.0,0.0,38.98065410395931,0.0,0.0,0.0
1399,83.3909,0.046823663544967295,0.0,25.284778314282338,0.0,0.0,58.10612168571767,0.0,0.0,0.0
1400,138.9893,0.10186025108946398,0.0,55.00453558831055,0.0,0.0,60.0,23.98476441168944,0.0,0.0
1401,152.8856,0.15159208963711546,0.0,81.85972840404234,0.0,0.0,60.0,11.025871595957668,0.0,0.0
1402,166.7863,0.18397356647908644,0.0,99.34572589870668,0.0,0.0,60.0,7.440574101293336,0.0,0.0
1403,166.7863,0.21678619138493707,0.0,117.06454334786602,0.0,0.0,49.72175665213399,0.0,0.0,0.0
1404,152.8856,0.2193016056842464,0.0,118.42286706949305,0.0,0.0,34.46273293050696,0.0,0.0,0.0
1405,125.0886,0.19977110879480442,0.0,107.8763987491944,0.0,0.0,17.212201250805606,0.0,0.0,0.0
1406,111.1879,0.1639760664574635,0.13663837726640926,88.54707588703027,6.831918863320463,0.0,15.808905249649257,0.0,0.0,0.0
1407,111.1879,0.11670807343826176,0.19160003039382248,63.02235965666135,9.580001519691123,0.0,38.585538823647525,0.0,0.0,0.0
1408,138.9893,0.059047027028625056,0.16750786100386086,31.88539459545753,8.375393050193043,0.0,60.0,38.72851235434942,0.0,0.0
1409,152.8856,0.010878710624888556,0.17950100516712644,5.87450373743982,8.975050258356323,0.0,60.0,78.03604600420385,0.0,0.0
1410,166.7863,0.0,0.24882705053723128,0.0,12.441352526861564,0.0,60.0,94.34494747313846,0.0,0.0
1411,152.8856,0.0,0.2566309390049643,0.0,12.831546950248216,0.0,60.0,80.05405304975179,0.0,0.0
1412,125.0886,0.0,0.2654595597837838,0.0,13.272977989189192,0.0,60.0,51.81562201081081,0.0,0.0
1413,97.2916,0.0,0.22374760507446215,0.0,11.187380253723108,0.0,60.0,26.104219746276897,0.0,0.0
1414,55.5939,0.0,0.1647551995763929,0.0,8.237759978819645,0.0,47.35614002118035,0.0,0.0,0.0
1415,41.6977,0.0,0.09253448228571447,0.0,4.626724114285723,0.0,37.070975885714276,0.0,0.0,0.0
1416,49.9463,0.0,0.3277080992829563,0.0,16.385404964147813,0.0,33.560895035852184,0.0,0.0,0.0
1417,39.9557,0.0,0.1785747024555983,0.0,8.928735122779916,0.0,31.026964877220085,0.0,0.0,0.0
1418,33.2964,0.0,0.01694729216988404,0.0,0.847364608494202,0.0,32.449035391505795,0.0,0.0,0.0
1419,26.6371,0.0,0.0,0.0,0.0,0.0,26.6371,0.0,0.0,0.0
1420,26.6371,0.0,0.0,0.0,0.0,0.0,26.6371,0.0,0.0,0.0
1421,33.2964,0.0,0.0,0.0,0.0,0.0,33.2964,0.0,0.0,0.0
1422,83.2427,0.00606220412153798,0.0,3.2735902256305094,0.0,0.0,60.0,19.969109774369485,0.0,0.0
1423,133.189,0.05455724040256746,0.0,29.46090981738643,0.0,0.0,60.0,43.728090182613556,0.0,0.0
1424,166.4889,0.11506879928127582,0.0,62.13715161188894,0.0,0.0,60.0,44.35174838811106,0.0,0.0
1425,199.7853,0.16789019889357126,0.0,90.66070740252849,0.0,0.0,60.0,49.12459259747152,0.0,0.0
1426,233.0817,0.20402659009776916,0.0,110.17435865279535,0.0,0.0,60.0,62.907341347204664,0.0,0.0
1427,249.7316,0.23214065146793403,0.10298025785328202,125.35595179268438,5.149012892664101,0.0,60.0,59.2266353146515,0.0,0.0
1428,249.7316,0.23000914038819242,0.3154639494142304,124.2049358096239,15.77319747071152,0.0,60.0,49.75346671966457,0.0,0.0
1429,216.4318,0.21642852034379026,0.5858791072123549,116.87140098564676,29.293955360617748,0.0,60.0,10.266443653735507,0.0,0.0
1430,199.7853,0.17788798971176403,0.8679646204258139,96.05951444435257,43.3982310212907,0.0,60.0,0.3275545343567501,0.0,0.0
1431,183.1354,0.12522417487267196,1.0918995230358521,67.62105443124285,54.59497615179261,0.0,60.0,0.9193694169645426,0.0,0.0
1432,166.4889,0.06711673617666446,1.363077570718147,36.243037535398805,68.15387853590735,0.0,60.0,2.0919839286938497,0.0,0.0
1433,133.189,0.012896736987209431,1.7292000304644235,6.964237973093093,86.46000152322118,0.0,39.76476050368572,0.0,0.0,0.0
1434,183.1354,0.0,2.137618322321015,0.0,106.88091611605076,0.0,60.0,16.25448388394925,0.0,0.0
1435,199.7853,0.0,2.4569599036999454,0.0,122.84799518499727,0.0,60.0,16.937304815002733,0.0,0.0
1436,183.1354,0.0,2.5822848612818543,0.0,129.1142430640927,0.0,54.0211569359073,0.0,0.0,0.0
1437,149.839,0.0,2.446306332911196,0.0,122.31531664555979,0.0,27.52368335444021,0.0,0.0,0.0
1438,99.8926,0.0,2.230054299004963,0.0,111.50271495024815,0.0,0.0,0.0,0.0,0.21965082338307304
1439,66.5962,0.0,2.0180317845956983,0.0,100.90158922978492,0.0,0.0,0.0,0.0,0.8686717007033284
1440,49.9463,0.0,1.7834434690965253,0.0,89.17217345482626,0.0,0.0,0.0,0.0,1.6107828201189607
1441,39.9557,0.0,1.6195774120242687,0.0,80.97887060121344,0.0,0.0,0.0,0.0,2.3868968585202963
1442,33.2964,0.0,1.4497018025372312,0.0,72.48509012686156,0.0,0.0,0.0,0.0,3.1283045095690287
1443,26.6371,0.0,1.2044022116183126,0.0,60.22011058091563,0.0,0.0,0.0,0.0,3.7636587638025674
1444,26.6371,0.0,0.8558682267887477,0.0,42.793411339437384,0.0,0.0,0.0,0.0,4.069318708062194
1445,33.2964,0.0,0.48775653097407595,0.0,24.3878265487038,8.9085734512962,0.0,0.0,0.0,3.4748193119129644
1446,83.2427,0.0061885284100187,0.18786594816988422,3.3418053414100983,9.393297408494211,52.070167389015765,18.43742986107992,0.0,0.0,0.0
1447,133.189,0.05416620791719335,0.0,29.24975227528441,0.0,0.0,60.0,43.939247724715585,0.0,0.0
1448,166.4889,0.11496694600659565,0.0,62.08215084356166,0.0,0.0,60.0,44.40674915643834,0.0,0.0
1449,199.7853,0.16962051891280455,0.0,91.59508021291445,0.0,0.0,60.0,48.19021978708555,0.0,0.0
1450,233.0817,0.20564524420618724,0.0,111.04843187134111,0.0,0.0,60.0,62.033268128658904,0.0,0.0
1451,249.7316,0.23221005159228023,0.2792969646949805,125.39342785983133,13.964848234749025,0.0,60.0,50.373323905419625,0.0,0.0
1452,249.7316,0.23359754440321248,0.5183782073822394,126.14267397773474,25.91891036911197,0.0,60.0,37.670015653153285,0.0,0.0
1453,216.4318,0.21647690380877935,0.7369627733215665,116.89752805674084,36.84813866607832,0.0,60.0,2.6861332771808577,0.0,0.0
1454,199.7853,0.17871821614541925,0.9571539580540541,96.50783671852639,47.857697902702704,0.0,55.419765378770904,0.0,0.0,0.0
1455,183.1354,0.12661465937886762,1.0874923443397682,68.37191606458852,54.374617216988405,0.0,60.0,0.3888667184230883,0.0,0.0
1456,166.4889,0.06500371908110632,1.1800246795366798,35.10200830379741,59.00123397683399,0.0,60.0,12.385657719368595,0.0,0.0
1457,133.189,0.01330426957000836,1.5471957708814117,7.184305567804515,77.35978854407058,0.0,48.644905888124896,0.0,0.0,0.0
1458,183.1354,0.0,2.0803428205714294,0.0,104.01714102857147,0.0,60.0,19.11825897142853,0.0,0.0
1459,199.7853,0.0,2.4654998694054053,0.0,123.27499347027026,0.0,60.0,16.510306529729746,0.0,0.0
1460,183.1354,0.0,2.650594525158301,0.0,132.52972625791506,0.0,50.605673742084946,0.0,0.0,0.0
1461,149.839,0.0,2.4976604290965243,0.0,124.88302145482622,0.0,24.955978545173778,0.0,0.0,0.0
1462,99.8926,0.0,2.1996974930038604,0.0,109.98487465019302,0.0,0.0,0.0,0.0,0.19093492581446253
1463,66.5962,0.0,1.8943076092399334,0.0,94.71538046199667,0.0,0.0,0.0,0.0,0.7229194210414267
1464,49.9463,0.0,1.5540244161235526,0.0,77.70122080617763,0.0,0.0,0.0,0.0,1.2480125173745171
1465,39.9557,0.0,1.121462501877551,0.0,56.07312509387755,0.0,0.0,0.0,0.0,1.5529367759073356
1466,33.2964,0.0,0.6878741092818531,0.0,34.393705464092655,0.0,0.0,0.0,0.0,1.5736966090117912
1467,26.6371,0.0,0.4765430909740762,0.0,23.82715454870381,2.8099454512961906,0.0,0.0,0.0,1.3861793950447447
1468,26.6371,0.0,0.3164806812664095,0.0,15.824034063320475,10.813065936679525,0.0,0.0,0.0,0.6645867399443426
1469,33.2964,0.0,0.2625108836183121,0.0,13.125544180915604,9.958832298065973,10.212023521018422,0.0,0.0,0.0
1470,83.2427,0.0064979608871621386,0.22183628556425827,3.5088988790675546,11.091814278212913,0.0,60.0,8.641986842719533,0.0,0.0
1471,133.189,0.05458030864211591,0.18042793439382246,29.473366666742596,9.021396719691124,0.0,60.0,34.694236613566275,0.0,0.0
1472,166.4889,0.11445330853033771,0.19722003602426896,61.804786606382365,9.861001801213447,0.0,60.0,34.82311159240419,0.0,0.0
1473,199.7853,0.16576290985820596,0.24300110314396023,89.51197132343123,12.150055157198011,0.0,60.0,38.12327351937077,0.0,0.0
1474,233.0817,0.2022704835408132,0.3914235132399336,109.22606111203913,19.57117566199668,0.0,60.0,44.2844632259642,0.0,0.0
1475,249.7316,0.22359383418182194,0.522957802537231,120.74067045818386,26.14789012686155,0.0,60.0,42.843039414954575,0.0,0.0
1476,249.7316,0.22253350501096641,0.6217256745372312,120.16809270592188,31.08628372686156,0.0,60.0,38.477223567216555,0.0,0.0
1477,216.4318,0.20632244455891754,0.6928578071439601,111.41412006181547,34.642890357198006,0.0,60.0,10.374789580986544,0.0,0.0
1478,199.7853,0.16779675599290933,0.7420604473822395,90.61024823617103,37.103022369111976,0.0,60.0,12.072029394716992,0.0,0.0
1479,183.1354,0.11799272675781432,0.716689433239934,63.71607244921973,35.834471661996695,0.0,60.0,23.58485588878358,0.0,0.0
1480,166.4889,0.061419933698031955,0.7471698841698843,33.16676419693726,37.358494208494214,0.0,60.0,35.96364159456853,0.0,0.0
1481,133.189,0.011665992711642568,1.016508894393822,6.299636064286987,50.825444719691106,0.0,60.0,16.0639192160219,0.0,0.0
1482,183.1354,0.0,1.2646876205184774,0.0,63.23438102592387,0.0,60.0,59.90101897407614,0.0,0.0
1483,199.7853,0.0,1.3743847652818528,0.0,68.71923826409264,0.0,60.0,71.06606173590737,0.0,0.0
1484,183.1354,0.0,1.4947338437683402,0.0,74.73669218841701,0.0,60.0,48.398707811582995,0.0,0.0
1485,149.839,0.0,1.506509014239382,0.0,75.3254507119691,0.0,60.0,14.513549288030902,0.0,0.0
1486,99.8926,0.0,1.3246170423210148,0.0,66.23085211605074,0.0,33.66174788394926,0.0,0.0,0.0
1487,66.5962,0.0,1.1498412664092665,0.0,57.49206332046333,0.0,9.104136679536666,0.0,0.0,0.0
1488,49.9463,0.0,0.9994109574142305,0.0,49.97054787071152,0.0,0.0,0.0,0.0,0.0004587434999476697
1489,39.9557,0.0,0.7936863746188637,0.0,39.68431873094318,0.00687427134671583,0.0,0.2645069977101018,0.0,0.0
1490,33.2964,0.0,0.6338171730038609,0.0,31.690858650193043,0.0,1.6055413498069555,0.0,0.0,0.0
1491,26.6371,0.0,0.5195220616613346,0.0,25.976103083066732,0.0,0.0,0.6609969169332679,0.0,0.0
1492,26.6371,0.0,0.3797505482625484,0.0,18.98752741312742,0.0,7.64957258687258,0.0,0.0,0.0
1493,33.2964,0.0,0.281284099953668,0.0,14.0642049976834,0.0,19.2321950023166,0.0,0.0,0.0
1494,83.2427,0.006139880371277808,0.18786594816988422,3.3155354004900164,9.393297408494211,0.0,60.0,10.533867191015773,0.0,0.0
1495,133.189,0.04854070441805246,0.07788558487368993,26.211980385748326,3.8942792436844966,0.0,60.0,43.082740370567166,0.0,0.0
1496,166.4889,0.1036891786978519,0.027568054857142678,55.992156496840025,1.378402742857134,0.0,60.0,49.11834076030284,0.0,0.0
1497,199.7853,0.15259175110262294,0.1259138647192499,82.39954559541638,6.295693235962495,0.0,60.0,51.09006116862113,0.0,0.0
1498,233.0817,0.183246139324207,0.3818668735752894,98.95291523507177,19.09334367876447,0.0,60.0,55.03544108616377,0.0,0.0
1499,249.7316,0.2050971266566669,0.5241044428814119,110.75244839460012,26.205222144070596,0.0,60.0,52.77392946132926,0.0,0.0
1500,249.7316,0.20778306525286816,0.6037223529266409,112.2028552365488,30.186117646332043,0.0,60.0,47.34262711711915,0.0,0.0
1501,216.4318,0.19444174835630773,0.6520888763022615,104.99854411240618,32.60444381511308,0.0,60.0,18.82881207248076,0.0,0.0
1502,199.7853,0.16020984722292883,0.6791805832895751,86.51331750038156,33.95902916447876,0.0,60.0,19.312953335139696,0.0,0.0
1503,183.1354,0.1171112477314853,0.7179510259856591,63.24007377500207,35.89755129928295,0.0,60.0,23.997774925714992,0.0,0.0
1504,166.4889,0.06042571914511133,0.7484490828814121,32.62988833836012,37.422454144070606,0.0,60.0,36.43655751756927,0.0,0.0
1505,133.189,0.012001142820250409,0.8318584092664094,6.480617122935221,41.59292046332047,0.0,60.0,25.115462413744297,0.0,0.0
1506,183.1354,0.0,1.0394805162713734,0.0,51.97402581356867,0.0,60.0,71.16137418643132,0.0,0.0
1507,199.7853,0.0,1.17093606227027,0.0,58.546803113513505,0.0,60.0,81.2384968864865,0.0,0.0
1508,183.1354,0.0,1.1125603618312194,0.0,55.628018091560975,0.0,60.0,67.50738190843903,0.0,0.0
1509,149.839,0.0,0.9404453348041921,0.0,47.02226674020961,0.0,60.0,42.8167332597904,0.0,0.0
1510,99.8926,0.0,0.8558682267887477,0.0,42.793411339437384,0.0,57.09918866056262,0.0,0.0,0.0
1511,66.5962,0.0,0.8292056700540538,0.0,41.46028350270269,0.0,25.13591649729731,0.0,0.0,0.0
1512,49.9463,0.0,0.7819672854451182,0.0,39.09836427225591,0.0,10.847935727744094,0.0,0.0,0.0
1513,39.9557,0.0,0.6680553523397682,0.0,33.40276761698841,0.0,6.552932383011587,0.0,0.0,0.0
1514,33.2964,0.0,0.5635063430777717,0.0,28.175317153888585,0.0,5.121082846111413,0.0,0.0,0.0
1515,26.6371,0.0,0.49000749541312766,0.0,24.500374770656382,0.0,2.136725229343618,0.0,0.0,0.0
1516,26.6371,0.0,0.42475820083397686,0.0,21.237910041698843,0.0,5.399189958301157,0.0,0.0,0.0
1517,33.2964,0.0,0.37131200204743536,0.0,18.565600102371768,0.0,14.73079989762823,0.0,0.0,0.0
1518,83.2427,0.00607421772221667,0.3236161947181466,3.2800775699970015,16.18080973590733,0.0,60.0,3.781812694095663,0.0,0.0
1519,133.189,0.04798502016760957,0.19534418091560957,25.911910890509166,9.76720904578048,0.0,60.0,37.50988006371034,0.0,0.0
1520,166.4889,0.1037148137641485,0.08648143369884173,56.00599943264019,4.324071684942086,0.0,60.0,46.15882888241774,0.0,0.0
1521,199.7853,0.15079302543887843,0.08648143369884173,81.42823373699436,4.324071684942086,0.0,60.0,54.032994578063565,0.0,0.0
1522,233.0817,0.1855436601005231,0.1832124832829566,100.19357645428246,9.16062416414783,0.0,60.0,63.727499381569714,0.0,0.0
1523,249.7316,0.21098024710219393,0.30331428769111957,113.92933343518473,15.165714384555978,0.0,60.0,60.63655218025929,0.0,0.0
1524,249.7316,0.21212390377034593,0.47989988776172077,114.5469080359868,23.994994388086038,0.0,60.0,51.18969757592714,0.0,0.0
1525,216.4318,0.19737753156296015,0.7116503694826257,106.58386704399848,35.582518474131284,0.0,60.0,14.265414481870238,0.0,0.0
1526,199.7853,0.15696353720901096,0.9852480108725871,84.76031009286592,49.262400543629354,0.0,60.0,5.7625893635047305,0.0,0.0
1527,183.1354,0.10735449749916329,1.155852376710425,57.97142864954818,57.792618835521246,0.0,60.0,7.371352514930578,0.0,0.0
1528,166.4889,0.05573682028824616,1.285057040555985,30.097882955652928,64.25285202779925,0.0,60.0,12.138165016547816,0.0,0.0
1529,133.189,0.011222190631808184,1.8999346409266409,6.059982941176419,94.99673204633204,0.0,32.132285012491536,0.0,0.0,0.0
1530,183.1354,0.0,2.5300357735642587,0.0,126.50178867821293,0.0,56.63361132178707,0.0,0.0,0.0
1531,199.7853,0.0,3.032388674047436,0.0,151.61943370237182,0.0,48.165866297628185,0.0,0.0,0.0
1532,183.1354,0.0,3.2459512654296754,0.0,162.29756327148377,0.0,20.837836728516237,0.0,0.0,0.0
1533,149.839,0.0,3.0778353218929944,0.0,153.8917660946497,0.0,0.0,0.0,0.0,0.07667395314202158
1534,99.8926,0.0,2.787736465862107,0.0,139.38682329310535,0.0,0.0,0.0,0.0,0.8238619613899605
1535,66.5962,0.0,2.370299750618864,0.0,118.5149875309432,0.0,0.0,0.0,0.0,1.8061092930564535
1536,49.9463,0.0,1.9490390294451183,0.0,97.45195147225591,0.0,0.0,0.0,0.0,2.7048648614504844
1537,39.9557,0.0,1.5935537209045785,0.0,79.67768604522892,0.0,0.0,0.0,0.0,3.456361894738599
1538,33.2964,0.0,1.2913522795102044,0.0,64.56761397551021,0.0,0.0,0.0,0.0,4.0479794564374405
1539,26.6371,0.0,1.072852971984556,0.0,53.642648599227805,0.0,0.0,0.0,0.0,4.558895240747156
1540,26.6371,0.0,0.888261343382239,0.0,44.413067169111955,0.0,0.0,0.0,0.0,4.89519732232495
1541,33.2964,0.0,0.6484215999470488,0.0,32.42107999735244,0.8753200026475554,0.0,0.0,0.0,4.836784242401857
1542,83.2427,0.006385668962860901,0.3861075625725317,3.4482612399448866,19.305378128626586,60.48906063142853,0.0,0.0,0.0,0.8001435596238435
1543,133.189,0.04626497124949978,0.13933336371538896,24.98308447472988,6.966668185769448,11.990151240963295,60.0,29.249096098537365,0.0,0.0
1544,166.4889,0.09896985203409187,0.0,53.44372009840961,0.0,0.0,60.0,53.04517990159039,0.0,0.0
1545,199.7853,0.14558798178246915,0.0,78.61751016253334,0.0,0.0,60.0,61.16778983746667,0.0,0.0
1546,233.0817,0.17539682573692789,0.0,94.71428589794107,0.0,0.0,60.0,78.36741410205894,0.0,0.0
1547,249.7316,0.20584251590224145,0.0,111.15495858721039,0.0,0.0,60.0,78.5766414127896,0.0,0.0
1548,249.7316,0.2003167908071965,0.1126325199426364,108.17106703588611,5.63162599713182,0.0,60.0,75.92890696698205,0.0,0.0
1549,216.4318,0.19150422455024027,0.37763690014782125,103.41228125712975,18.881845007391064,0.0,60.0,34.1376737354792,0.0,0.0
1550,199.7853,0.16028011638073952,0.6301822072939876,86.55126284559935,31.509110364699378,0.0,60.0,21.72492678970127,0.0,0.0
1551,183.1354,0.11284187653784312,0.6049175863210147,60.93461333043529,30.245879316050733,0.0,60.0,31.95490735351399,0.0,0.0
1552,166.4889,0.060141028016285146,0.4301956357153887,32.47615512879398,21.509781785769437,0.0,60.0,52.50296308543659,0.0,0.0
1553,133.189,0.012846258143240596,0.6133041584291229,6.936979397349922,30.665207921456144,0.0,60.0,35.58681268119392,0.0,0.0
1554,183.1354,0.0,1.155852376710425,0.0,57.792618835521246,0.0,60.0,65.34278116447877,0.0,0.0
1555,199.7853,0.0,1.5883721090965246,0.0,79.41860545482623,0.0,60.0,60.36669454517377,0.0,0.0
1556,183.1354,0.0,1.7962138074440155,0.0,89.81069037220078,0.0,60.0,33.32470962779922,0.0,0.0
1557,149.839,0.0,1.8126961719845565,0.0,90.63480859922782,0.0,59.204191400772174,0.0,0.0,0.0
1558,99.8926,0.0,1.6828240686949814,0.0,84.14120343474907,0.0,15.751396565250928,0.0,0.0,0.0
1559,66.5962,0.0,1.4696404037683397,0.0,73.48202018841698,0.0,0.0,0.0,0.0,0.13027227383491596
1560,49.9463,0.0,1.1815422537142857,0.0,59.07711268571428,0.0,0.0,0.0,0.0,0.30301737869978074
1561,39.9557,0.0,0.8292056700540538,0.0,41.46028350270269,0.0,0.0,0.0,0.0,0.33148247199415587
1562,33.2964,0.0,0.5092524108814119,0.0,25.462620544070596,4.967264842832425,2.866514613096977,0.0,0.0,0.0
1563,26.6371,0.0,0.21706911389299524,0.0,10.853455694649762,0.0,15.783644305350238,0.0,0.0,0.0
1564,26.6371,0.0,0.0,0.0,0.0,0.0,26.6371,0.0,0.0,0.0
1565,33.2964,0.0,0.0,0.0,0.0,0.0,33.2964,0.0,0.0,0.0
1566,83.2427,0.007461751007218375,0.0,4.029345543897923,0.0,0.0,60.0,19.21335445610208,0.0,0.0
1567,133.189,0.053801437406966725,0.0,29.052776199762036,0.0,0.0,60.0,44.13622380023796,0.0,0.0
1568,166.4889,0.10974644453279131,0.0,59.263080047707305,0.0,0.0,60.0,47.225819952292696,0.0,0.0
1569,199.7853,0.157736913687637,0.0,85.17793339132398,0.0,0.0,60.0,54.60736660867603,0.0,0.0
1570,233.0817,0.18978541933980625,0.0,102.48412644349537,0.0,0.0,60.0,70.59757355650464,0.0,0.0
1571,249.7316,0.21222923982928282,0.04910900386100392,114.60378950781272,2.455450193050196,0.0,60.0,72.67236029913707,0.0,0.0
1572,249.7316,0.2139447724168304,0.05413699268836174,115.53017710508841,2.706849634418087,0.0,60.0,71.4945732604935,0.0,0.0
1573,216.4318,0.1963602207579138,0.0008011737804742456,106.03451920927344,0.040058689023712284,0.0,60.0,50.35722210170286,0.0,0.0
1574,199.7853,0.16667174825659195,0.0,90.00274405855966,0.0,0.0,60.0,49.78255594144035,0.0,0.0
1575,183.1354,0.11285672207159611,0.0,60.9426299186619,0.0,0.0,60.0,62.1927700813381,0.0,0.0
1576,166.4889,0.05936882259572862,0.0,32.059164201693456,0.0,0.0,60.0,74.42973579830655,0.0,0.0
1577,133.189,0.012563264031972398,0.0,6.784162577265095,0.0,0.0,60.0,66.4048374227349,0.0,0.0
1578,183.1354,0.0,0.0,0.0,0.0,0.0,60.0,123.1354,0.0,0.0
1579,199.7853,0.0,0.07020082956425806,0.0,3.5100414782129032,0.0,60.0,136.2752585217871,0.0,0.0
1580,183.1354,0.0,0.2381637683397683,0.0,11.908188416988414,0.0,60.0,111.22721158301158,0.0,0.0
1581,149.839,0.0,0.34418124658797566,0.0,17.209062329398783,0.0,60.0,72.62993767060121,0.0,0.0
1582,99.8926,0.0,0.4160935601632654,0.0,20.80467800816327,0.0,60.0,19.087921991836737,0.0,0.0
1583,66.5962,0.0,0.44770967252509625,0.0,22.385483626254814,0.0,44.210716373745186,0.0,0.0,0.0
1584,49.9463,0.0,0.42475820083397686,0.0,21.237910041698843,0.0,28.708389958301158,0.0,0.0,0.0
1585,39.9557,0.0,0.3702601902173192,0.0,18.51300951086596,0.0,21.44269048913404,0.0,0.0,0.0
1586,33.2964,0.0,0.2773124236072808,0.0,13.865621180364041,0.0,19.430778819635957,0.0,0.0,0.0
1587,26.6371,0.0,0.17950100516712644,0.0,8.975050258356323,0.0,17.662049741643678,0.0,0.0,0.0
1588,26.6371,0.0,0.16017989023276324,0.0,8.008994511638162,0.0,18.62810548836184,0.0,0.0,0.0
1589,33.2964,0.0,0.1860026784335355,0.0,9.300133921676775,0.0,23.996266078323224,0.0,0.0,0.0
1590,83.2427,0.007552072345390581,0.15380057804743527,4.078119066510913,7.690028902371764,0.0,60.0,11.474552031117327,0.0,0.0
1591,133.189,0.05405698764628791,0.012888819715388904,29.190773328995476,0.6444409857694452,0.0,60.0,43.35378568523507,0.0,0.0
1592,166.4889,0.11082167391394826,0.0,59.84370391353206,0.0,0.0,60.0,46.645196086467934,0.0,0.0
1593,199.7853,0.16113100048729395,0.0,87.01074026313874,0.0,0.0,60.0,52.774559736861264,0.0,0.0
1594,233.0817,0.19416170535759217,0.0040116977385547935,104.84732089309978,0.20058488692773968,0.0,60.0,68.03379421997249,0.0,0.0
1595,249.7316,0.2146498590863638,0.10911406949806943,115.91092390663646,5.455703474903471,0.0,60.0,68.36497261846006,0.0,0.0
1596,249.7316,0.2094452286467431,0.2713743484258133,113.10042346924128,13.568717421290666,0.0,60.0,63.06245910946804,0.0,0.0
1597,216.4318,0.19605527483759422,0.47096218983783794,105.86984841230088,23.548109491891896,0.0,60.0,27.013842095807235,0.0,0.0
1598,199.7853,0.15817349008822243,0.6767032431196911,85.41368464764011,33.835162155984555,0.0,60.0,20.536453196375334,0.0,0.0
1599,183.1354,0.11515608338384249,0.8292056700540538,62.184285027274946,41.46028350270269,0.0,60.0,19.49083147002237,0.0,0.0
1600,166.4889,0.06055342431571172,0.9781955573480414,32.69884913048433,48.90977786740207,0.0,60.0,24.880273002113597,0.0,0.0
1601,133.189,0.01249456664457637,1.2413552123552127,6.74706598807124,62.067760617760634,0.0,60.0,4.374173394168125,0.0,0.0
1602,183.1354,0.0,1.5540244161235526,0.0,77.70122080617763,0.0,60.0,45.434179193822374,0.0,0.0
1603,199.7853,0.0,1.736387020355213,0.0,86.81935101776065,0.0,60.0,52.965948982239354,0.0,0.0
1604,183.1354,0.0,1.8274071161081085,0.0,91.37035580540542,0.0,60.0,31.76504419459458,0.0,0.0
1605,149.839,0.0,1.7634627232123552,0.0,88.17313616061776,0.0,60.0,1.66586383938224,0.0,0.0
1606,99.8926,0.0,1.5267913778621076,0.0,76.33956889310538,0.0,23.553031106894622,0.0,0.0,0.0
1607,66.5962,0.0,1.2929281310358522,0.0,64.64640655179261,0.0,1.9497934482073873,0.0,0.0,0.0
1608,49.9463,0.0,1.0193694350049642,0.0,50.96847175024821,0.0,0.0,0.0,0.0,0.019338384464155367
1609,39.9557,0.0,0.5977568534451189,0.0,29.887842672255942,0.2897856911953682,9.77807163654869,0.0,0.0,0.0
1610,33.2964,0.0,0.21897407611693329,0.0,10.948703805846664,0.0,22.347696194153336,0.0,0.0,0.0
1611,26.6371,0.0,0.049945512842801965,0.0,2.497275642140098,0.0,24.1398243578599,0.0,0.0,0.0
1612,26.6371,0.0,0.0,0.0,0.0,0.0,26.6371,0.0,0.0,0.0
1613,33.2964,0.0,0.02102043732156631,0.0,1.0510218660783155,0.0,32.24537813392168,0.0,0.0,0.0
1614,83.2427,0.008961796003118683,0.08475743481081073,4.839369841684089,4.237871740540537,0.0,60.0,14.165458417775369,0.0,0.0
1615,133.189,0.061449956082108764,0.044935382239382364,33.182976284338736,2.246769111969118,0.0,60.0,37.75925460369214,0.0,0.0
1616,166.4889,0.1242055822105782,0.009652588302261431,67.07101439371223,0.48262941511307156,0.0,60.0,38.9352561911747,0.0,0.0
1617,199.7853,0.17450776154682032,0.035805659004964144,94.23419123528298,1.7902829502482072,0.0,60.0,43.76082581446882,0.0,0.0
1618,233.0817,0.20896913153683197,0.17764902604743518,112.84333102988926,8.88245130237176,0.0,60.0,51.35591766773899,0.0,0.0
1619,249.7316,0.23107285442029196,0.33798400000000006,124.77934138695765,16.899200000000004,0.0,60.0,48.05305861304234,0.0,0.0
1620,249.7316,0.22947461044780912,0.5953756278610038,123.91628964181693,29.76878139305019,0.0,60.0,36.046528965132865,0.0,0.0
1621,216.4318,0.2058283736260193,0.93074964887369,111.14732175805042,46.5374824436845,0.0,58.74699579826509,0.0,0.0,0.0
1622,199.7853,0.16569546931437767,1.2553327374826257,89.47555342976395,62.76663687413129,0.0,47.54310969610478,0.0,0.0,0.0
1623,183.1354,0.11737223907166983,1.4036468697804745,63.38100909870171,70.18234348902372,0.0,49.57204741227457,0.0,0.0,0.0
1624,166.4889,0.06270325668204903,1.486348314016547,33.85975860830648,74.31741570082735,0.0,58.31172569086617,0.0,0.0,0.0
1625,133.189,0.013580033855825754,1.6248053166949803,7.333218282145907,81.24026583474901,0.0,44.615515883105076,0.0,0.0,0.0
1626,183.1354,0.0,1.8366301608736904,0.0,91.83150804368452,0.0,60.0,31.303891956315482,0.0,0.0
1627,199.7853,0.0,2.010308194841698,0.0,100.5154097420849,0.0,60.0,39.26989025791511,0.0,0.0
1628,183.1354,0.0,2.2483685055752893,0.0,112.41842527876446,0.0,60.0,10.716974721235545,0.0,0.0
1629,149.839,0.0,2.3265269330744625,0.0,116.32634665372312,0.0,33.51265334627688,0.0,0.0,0.0
1630,99.8926,0.0,2.1475712731428573,0.0,107.37856365714286,0.0,0.0,0.0,0.0,0.14162633945945954
1631,66.5962,0.0,1.9661778223938224,0.0,98.30889111969113,0.0,0.0,0.0,0.0,0.7415961714536161
1632,49.9463,0.0,1.704155348333149,0.0,85.20776741665745,0.0,0.0,0.0,0.0,1.4087050144714597
1633,39.9557,0.0,1.4763134733061225,0.0,73.81567366530612,0.0,0.0,0.0,0.0,2.0492991108421164
1634,33.2964,0.0,1.201343766980695,0.0,60.06718834903475,0.0,0.0,0.0,0.0,2.5557734850130442
1635,26.6371,0.0,0.9994109574142305,0.0,49.97054787071152,0.0,0.0,0.0,0.0,2.9972170933778566
1636,26.6371,0.0,0.8693124388571428,0.0,43.46562194285714,0.0,0.0,0.0,0.0,3.3155945355400185
1637,33.2964,0.0,0.7677255296988418,0.0,38.38627648494209,0.0,0.0,0.0,0.0,3.41188949606595
1638,83.2427,0.00889139937340071,0.6265536865570879,4.801355661636383,31.327684327854392,47.11366001050922,0.0,0.0,0.0,0.26783477397657895
1639,133.189,0.05771656287608823,0.39568836183121886,31.166943953087642,19.784418091560944,4.013504088039035,60.0,18.22413386731236,0.0,0.0
1640,166.4889,0.11644318630378139,0.23912995515940422,62.87932060404196,11.956497757970212,0.0,60.0,31.65308163798784,0.0,0.0
1641,199.7853,0.1651185768221782,0.31140358156425796,89.16403148397623,15.570179078212899,0.0,60.0,35.05108943781087,0.0,0.0
1642,233.0817,0.19666294465279946,0.5206666121389958,106.19799011251172,26.03333060694979,0.0,60.0,40.850379280538505,0.0,0.0
1643,249.7316,0.2209937885697659,0.7204764051274133,119.33664582767359,36.02382025637066,0.0,60.0,34.37113391595574,0.0,0.0
1644,249.7316,0.2171345569545552,0.9046215936988415,117.2526607554598,45.231079684942074,0.0,60.0,27.247859559598112,0.0,0.0
1645,216.4318,0.19951389720190224,1.0904296745725317,107.7375044890272,54.521483728626585,0.0,54.17281178234623,0.0,0.0,0.0
1646,199.7853,0.16257593890799502,1.2646876205184774,87.7910070103173,63.23438102592387,0.0,48.75991196375884,0.0,0.0,0.0
1647,183.1354,0.11410250707125873,1.4813271059768343,61.61535381847972,74.06635529884171,0.0,47.453690882678586,0.0,0.0,0.0
1648,166.4889,0.06137861398053754,1.6651433316183128,33.14445154949028,83.25716658091564,0.0,50.08728186959408,0.0,0.0,0.0
1649,133.189,0.01346601897251629,2.0862322318543858,7.271650245158796,104.31161159271929,0.0,21.60573816212191,0.0,0.0,0.0
1650,183.1354,0.0,2.646159404302262,0.0,132.3079702151131,0.0,50.8274297848869,0.0,0.0,0.0
1651,199.7853,0.0,3.0252460761169337,0.0,151.2623038058467,0.0,48.52299619415331,0.0,0.0,0.0
1652,183.1354,0.0,3.1406157969156108,0.0,157.03078984578053,0.0,26.104610154219472,0.0,0.0,0.0
1653,149.839,0.0,2.776358447196911,0.0,138.81792235984557,0.0,11.02107764015443,0.0,0.0,0.0
1654,99.8926,0.0,2.3286019629961383,0.0,116.43009814980691,0.0,0.0,0.0,0.0,0.31287158661796854
1655,66.5962,0.0,1.9949043927192496,0.0,99.74521963596248,0.0,0.0,0.0,0.0,0.940015201352394
1656,49.9463,0.0,1.6405354665372316,0.0,82.02677332686157,0.0,0.0,0.0,0.0,1.5469430751038291
1657,39.9557,0.0,1.201343766980695,0.0,60.06718834903475,0.0,0.0,0.0,0.0,1.927430692518
1658,33.2964,0.0,0.8002229973215664,0.0,40.01114986607832,0.0,0.0,0.0,0.0,2.0544665007951575
1659,26.6371,0.0,0.5333026770744622,0.0,26.665133853723113,0.0,0.0,0.0,0.0,2.05499687100073
1660,26.6371,0.0,0.45432244417870943,0.0,22.71612220893547,3.92097779106453,0.0,0.0,0.0,1.7933366914168438
1661,33.2964,0.0,0.5024372297142855,0.0,25.121861485714277,8.174538514285722,0.0,0.0,0.0,1.2478219423820942
1662,83.2427,0.00827774138528393,0.5309989303210152,4.469980348053323,26.54994651605076,18.69861180659568,33.52416132930024,0.0,0.0,0.0
1663,133.189,0.054236093979978736,0.43674297529398803,29.287490749188514,21.837148764699403,0.0,60.0,22.06436048611208,0.0,0.0
1664,166.4889,0.10741925608430525,0.45653217044897954,58.00639828552484,22.82660852244898,0.0,60.0,25.655893192026184,0.0,0.0
1665,199.7853,0.1546036144994041,0.6061135313756209,83.48595182967821,30.305676568781042,0.0,60.0,25.993671601540754,0.0,0.0
1666,233.0817,0.1876299488476774,0.6557626319426367,101.3201723777458,32.78813159713184,0.0,60.0,38.97339602512238,0.0,0.0
1667,249.7316,0.21390365299973435,0.6631296039536678,115.50797261985655,33.15648019768339,0.0,60.0,41.06714718246005,0.0,0.0
1668,249.7316,0.21780806037739975,0.8028428578312187,117.61635260379586,40.14214289156094,0.0,60.0,31.973104504643203,0.0,0.0
1669,216.4318,0.20583041885773773,0.9473938223938223,111.14842618317839,47.36969111969111,0.0,57.913682697130525,0.0,0.0,0.0
1670,199.7853,0.16555445251357354,0.93074964887369,89.3994043573297,46.5374824436845,0.0,60.0,3.84841319898581,0.0,0.0
1671,183.1354,0.11546509100206664,0.7832664366949806,62.351149141116,39.163321834749034,0.0,60.0,21.620929024134966,0.0,0.0
1672,166.4889,0.06264450257370428,0.7204764051274133,33.828031389800316,36.02382025637066,0.0,60.0,36.637048353829016,0.0,0.0
1673,133.189,0.013658505982709753,0.9293676135642583,7.3755932306632666,46.46838067821292,0.0,60.0,19.345026091123813,0.0,0.0
1674,183.1354,0.0,1.263126441266409,0.0,63.156322063320445,0.0,60.0,59.97907793667956,0.0,0.0
1675,199.7853,0.0,1.5540244161235526,0.0,77.70122080617763,0.0,60.0,62.084079193822376,0.0,0.0
1676,183.1354,0.0,1.579753187618312,0.0,78.9876593809156,0.0,60.0,44.1477406190844,0.0,0.0
1677,149.839,0.0,1.5677225592939885,0.0,78.38612796469943,0.0,60.0,11.452872035300572,0.0,0.0
1678,99.8926,0.0,1.688145176710425,0.0,84.40725883552125,0.0,15.485341164478754,0.0,0.0,0.0
1679,66.5962,0.0,1.684596904595697,0.0,84.22984522978484,0.0,0.0,0.0,0.0,0.33360950434728087
1680,49.9463,0.0,1.5166349652509654,0.0,75.83174826254827,0.0,0.0,0.0,0.0,0.8233342012063023
1681,39.9557,0.0,1.2151321385372311,0.0,60.75660692686156,0.0,0.0,0.0,0.0,1.216864872795575
1682,33.2964,0.0,0.8398346285184775,0.0,41.991731425923874,0.0,0.0,0.0,0.0,1.3813711430157565
1683,26.6371,0.0,0.6829020284258134,0.0,34.14510142129067,0.0,0.0,0.0,0.0,1.5234144131482827
1684,26.6371,0.0,0.7129090397617209,0.0,35.645451988086045,0.0,0.0,0.0,0.0,1.6938426940039646
1685,33.2964,0.0,0.581147852178709,0.0,29.05739260893545,4.239007391064547,0.0,0.0,0.0,1.4109593178902142
1686,83.2427,0.007929423796556073,0.40962349862548275,4.281888850140279,20.481174931274136,21.14322537858486,37.336410840000724,0.0,0.0,0.0
1687,133.189,0.05212190104118193,0.281284099953668,28.14582656223824,14.0642049976834,0.0,60.0,30.978968440078347,0.0,0.0
1688,166.4889,0.10588552448856763,0.23334242471042482,57.178183223826515,11.667121235521241,0.0,60.0,37.64359554065224,0.0,0.0
1689,199.7853,0.15487130404274255,0.3002915931428573,83.63050418308097,15.014579657142866,0.0,60.0,41.14021615977617,0.0,0.0
1690,233.0817,0.1869218493396828,0.4389308637617207,100.93779864342872,21.946543188086036,0.0,60.0,50.19735816848525,0.0,0.0
1691,249.7316,0.21098591085770044,0.6049175863210147,113.93239186315824,30.245879316050733,0.0,60.0,45.553328820790995,0.0,0.0
1692,249.7316,0.2192948647808936,0.8186246707115277,118.41922698168254,40.93123353557638,0.0,60.0,30.381139482741077,0.0,0.0
1693,216.4318,0.20603006026859308,1.0830922625482626,111.25623254504026,54.15461312741313,0.0,51.02095432754663,0.0,0.0,0.0
1694,199.7853,0.17159693262419795,1.3437879845559848,92.6623436170669,67.18939922779924,0.0,39.93355715513388,0.0,0.0,0.0
1695,183.1354,0.12018558587266114,1.6792809961478223,64.90021637123702,83.96404980739112,0.0,34.27113382137185,0.0,0.0,0.0
1696,166.4889,0.06294111322808382,1.9130956006795357,33.98820114316526,95.65478003397678,0.0,36.84591882285795,0.0,0.0,0.0
1697,133.189,0.013976953202578534,2.171552123552123,7.547554729392409,108.57760617760614,0.0,17.063839093001448,0.0,0.0,0.0
1698,183.1354,0.0,2.3640211056679536,0.0,118.20105528339768,0.0,60.0,4.934344716602325,0.0,0.0
1699,199.7853,0.0,2.437800568833977,0.0,121.89002844169885,0.0,60.0,17.89527155830116,0.0,0.0
1700,183.1354,0.0,2.525706625482625,0.0,126.28533127413124,0.0,56.850068725868766,0.0,0.0,0.0
1701,149.839,0.0,2.4208345632123556,0.0,121.04172816061778,0.0,28.79727183938222,0.0,0.0,0.0
1702,99.8926,0.0,2.0901630668814124,0.0,104.50815334407062,0.0,0.0,0.0,0.0,0.08732127948241714
1703,66.5962,0.0,1.658095251027027,0.0,82.90476255135135,0.0,0.0,0.0,0.0,0.39586165207555096
1704,49.9463,0.0,1.1906645458532814,0.0,59.53322729266407,0.0,0.0,0.0,0.0,0.5772359522070334
1705,39.9557,0.0,0.7677255296988418,0.0,38.38627648494209,1.5694235150579132,0.0,0.0,0.0,0.4725029849025347
1706,33.2964,0.0,0.40962349862548275,0.0,20.481174931274136,7.080457228764482,5.73476783996138,0.0,0.0,0.0
1707,26.6371,0.0,0.32975800297407626,0.0,16.48790014870381,0.0,10.149199851296189,0.0,0.0,0.0
1708,26.6371,0.0,0.3882319296458909,0.0,19.411596482294545,0.0,7.225503517705455,0.0,0.0,0.0
1709,33.2964,0.0,0.4160935601632654,0.0,20.80467800816327,0.0,12.49172199183673,0.0,0.0,0.0
1710,83.2427,0.009678264866670092,0.4215038799426363,5.22626302800185,21.075193997131812,0.0,56.94124297486634,0.0,0.0,0.0
1711,133.189,0.05931945298480891,0.37869338966133465,32.03250461179681,18.93466948306673,0.0,60.0,22.221825905136456,0.0,0.0
1712,166.4889,0.12149882353576016,0.3421128515918369,65.60936470931048,17.105642579591844,0.0,60.0,23.773892711097673,0.0,0.0
1713,199.7853,0.17026328353838688,0.4731924875366795,91.94217311072892,23.659624376833975,0.0,60.0,24.183502512437116,0.0,0.0
1714,233.0817,0.20556534917272495,0.7858669652509651,111.00528855327148,39.29334826254826,0.0,60.0,22.783063184180264,0.0,0.0
1715,249.7316,0.22544288279600205,0.9767873848339768,121.73915670984111,48.83936924169884,0.0,60.0,19.15307404846004,0.0,0.0
1716,249.7316,0.22629736393925037,1.0655627900540543,122.20057652719521,53.278139502702714,0.0,60.0,14.252883970102062,0.0,0.0
1717,216.4318,0.20906118596906426,1.1664025619768337,112.8930404232947,58.320128098841685,0.0,45.218631477863624,0.0,0.0,0.0
1718,199.7853,0.17082283072721913,1.353417924271373,92.24432859269832,67.67089621356865,0.0,39.870075193733044,0.0,0.0,0.0
1719,183.1354,0.11993818539656861,1.597012406857142,64.76662011414706,79.8506203428571,0.0,38.518159542995846,0.0,0.0,0.0
1720,166.4889,0.06406871562918691,1.9795583367413125,34.59710643976093,98.97791683706562,0.0,32.913876723173445,0.0,0.0,0.0
1721,133.189,0.013876221393283402,2.4314312075366797,7.4931595523730365,121.57156037683399,0.0,4.124280070792963,0.0,0.0,0.0
1722,183.1354,0.0,2.8334943915984567,0.0,141.67471957992285,0.0,41.46068042007715,0.0,0.0,0.0
1723,199.7853,0.0,2.94492674033315,0.0,147.2463370166575,0.0,52.538962983342515,0.0,0.0,0.0
1724,183.1354,0.0,3.027625937862106,0.0,151.38129689310531,0.0,31.75410310689469,0.0,0.0,0.0
1725,149.839,0.0,3.058655596302261,0.0,152.93277981511304,0.0,0.0,0.0,0.0,0.058530969475111536
1726,99.8926,0.0,3.0395403132399346,0.0,151.97701566199672,0.0,0.0,0.0,0.0,1.0439118063236983
1727,66.5962,0.0,2.905199682965251,0.0,145.25998414826256,0.0,0.0,0.0,0.0,2.532145560480017
1728,49.9463,0.0,2.637300788915609,0.0,131.86503944578044,0.0,0.0,0.0,0.0,4.081959549994782
1729,39.9557,0.0,2.2199122117683388,0.0,110.99561058841694,0.0,0.0,0.0,0.0,5.425957858424291
1730,33.2964,0.0,1.7562232928582455,0.0,87.81116464291227,0.0,0.0,0.0,0.0,6.457318270587496
1731,26.6371,0.0,1.4134607298223936,0.0,70.67303649111967,0.0,0.0,0.0,0.0,7.290430582581652
1732,26.6371,0.0,1.1453413075521235,0.0,57.26706537760617,0.0,0.0,0.0,0.0,7.869916414049877
1733,33.2964,0.0,0.9767873848339768,0.0,48.83936924169884,0.0,0.0,0.0,0.0,8.163972588892827
1734,83.2427,0.010022174227685513,0.8869029256613348,5.411974082950177,44.34514628306674,33.48557963398308,0.0,0.0,0.0,5.929366006711774
1735,133.189,0.06047445953899985,0.8186246707115277,32.65620815105992,40.93123353557638,59.60155831336368,0.0,0.0,0.0,1.9519513711853356
1736,166.4889,0.11946927746883344,0.8491743938929951,64.51340983317006,42.45871969464975,29.24999129721225,30.266779174967933,0.0,0.0,2.220446049250313e-16
1737,199.7853,0.16761090698028028,0.8720103430777714,90.50988976935135,43.60051715388857,3.327338404801594e-15,60.0,5.6748930767601,0.0,0.0
1738,233.0817,0.2036614849263643,0.9473938223938223,109.97720186023672,47.36969111969111,0.0,60.0,15.734807020072196,0.0,0.0
1739,249.7316,0.22370425965315258,1.0022528474440158,120.8003002127024,50.11264237220079,0.0,60.0,18.818657415096794,0.0,0.0
1740,249.7316,0.2237422917199967,0.9979911759426366,120.82083752879824,49.89955879713183,0.0,60.0,19.011203674069918,0.0,0.0
1741,216.4318,0.20051702465077642,1.0136514664489797,108.27919331141926,50.68257332244899,0.0,57.47003336613176,0.0,0.0,0.0
1742,199.7853,0.16019198977950438,1.1633842276536128,86.50367448093237,58.16921138268064,0.0,55.112414136386974,0.0,0.0,0.0
1743,183.1354,0.11511350275493204,1.4596560019768339,62.161291487663306,72.9828000988417,0.0,47.991308413495005,0.0,0.0,0.0
1744,166.4889,0.06220040611788344,1.732791780571428,33.58821930365706,86.6395890285714,0.0,46.26109166777155,0.0,0.0,0.0
1745,133.189,0.014415908620487231,1.9452402834285714,7.784590655063105,97.26201417142858,0.0,28.14239517350832,0.0,0.0,0.0
1746,183.1354,0.0,2.103949749445118,0.0,105.1974874722559,0.0,60.0,17.937912527744103,0.0,0.0
1747,199.7853,0.0,2.213838078270271,0.0,110.69190391351356,0.0,60.0,29.09339608648645,0.0,0.0
1748,183.1354,0.0,2.2955138587887474,0.0,114.77569293943736,0.0,60.0,8.359707060562641,0.0,0.0
1749,149.839,0.0,2.260619789837838,0.0,113.0309894918919,0.0,36.8080105081081,0.0,0.0,0.0
1750,99.8926,0.0,2.105922930409267,0.0,105.29614652046335,0.0,0.0,0.0,0.0,0.1022292584952526
1751,66.5962,0.0,1.9719069296679543,0.0,98.59534648339772,0.0,0.0,0.0,0.0,0.7076185162892636
1752,49.9463,0.0,1.7725317231902922,0.0,88.6265861595146,0.0,0.0,0.0,0.0,1.439407713901702
1753,39.9557,0.0,1.4846737359426365,0.0,74.23368679713182,0.0,0.0,0.0,0.0,2.0879101668204125
1754,33.2964,0.0,1.17093606227027,0.0,58.546803113513505,0.0,0.0,0.0,0.0,2.5656204959949926
1755,26.6371,0.0,0.8173054125184777,0.0,40.865270625923884,0.0,0.0,0.0,0.0,2.8348021024313903
1756,26.6371,0.0,0.6350302614451182,0.0,31.75151307225591,0.0,0.0,0.0,0.0,2.931561268663259
1757,33.2964,0.0,0.6916107928428019,0.0,34.580539642140096,0.0,0.0,0.0,0.0,2.955855802433477
1758,83.2427,0.01053135727354952,0.7574241001478214,5.68693292771674,37.87120500739107,39.68456206489219,0.0,0.0,0.0,0.30757004568391455
1759,133.189,0.059305122733874525,0.6655910336458909,32.02476627629224,33.279551682294546,4.608937134573459,60.0,3.275744906839755,0.0,0.0
1760,166.4889,0.11656994743827258,0.5670219455752895,62.94777161666719,28.351097278764474,0.0,60.0,15.190031104568334,0.0,0.0
1761,199.7853,0.16919931464391857,0.5576610876999447,91.36762990771604,27.883054384997237,0.0,60.0,20.534615707286733,0.0,0.0
1762,233.0817,0.20536098111008044,0.6916107928428019,110.89492979944345,34.580539642140096,0.0,60.0,27.606230558416485,0.0,0.0
1763,249.7316,0.22899368904695075,0.8451671263099833,123.65659208535341,42.258356315499164,0.0,60.0,23.816651599147406,0.0,0.0
1764,249.7316,0.2254554797910622,0.9711624150204079,121.7459590871736,48.5581207510204,0.0,60.0,19.427520161805973,0.0,0.0
1765,216.4318,0.20918548615926985,1.0582922423210146,112.96016252600572,52.91461211605073,0.0,50.55702535794356,0.0,0.0,0.0
1766,199.7853,0.17087782445527508,1.0992606072939877,92.27402520584855,54.963030364699385,0.0,52.54824442945207,0.0,0.0,0.0
1767,183.1354,0.12207049989168578,1.0481464105372313,65.91806994151032,52.40732052686157,0.0,60.0,4.810009531628111,0.0,0.0
1768,166.4889,0.06499298636779739,0.9613484081632651,35.096212638610595,48.06742040816325,0.0,60.0,23.325266953226162,0.0,0.0
1769,133.189,0.014988789808884241,1.1184919504555988,8.093946496797491,55.92459752277994,0.0,60.0,9.17045598042256,0.0,0.0
1770,183.1354,0.0,1.4813271059768343,0.0,74.06635529884171,0.0,60.0,49.06904470115829,0.0,0.0
1771,199.7853,0.0,1.9055696978532817,0.0,95.27848489266408,0.0,60.0,44.506815107335925,0.0,0.0
1772,183.1354,0.0,2.345235975730832,0.0,117.26179878654159,0.0,60.0,5.873601213458414,0.0,0.0
1773,149.839,0.0,2.769543413127413,0.0,138.47717065637065,0.0,11.361829343629353,0.0,0.0,0.0
1774,99.8926,0.0,2.9191881698841704,0.0,145.95940849420853,0.0,0.0,0.0,0.0,0.8715342147552966
1775,66.5962,0.0,2.9707859172818525,0.0,148.53929586409262,0.0,0.0,0.0,0.0,2.421809001373265
1776,49.9463,0.0,2.746890343077772,0.0,137.3445171538886,0.0,0.0,0.0,0.0,4.0752887853657525
1777,39.9557,0.0,2.151558883618312,0.0,107.5779441809156,0.0,0.0,0.0,0.0,5.3546285401398315
1778,33.2964,0.0,1.7435879757308328,0.0,87.17939878654164,0.0,0.0,0.0,0.0,6.3740366252906195
1779,26.6371,0.0,1.441429674572532,0.0,72.07148372862659,0.0,0.0,0.0,0.0,7.233606047183555
1780,26.6371,0.0,1.0093711570744623,0.0,50.46855785372312,0.0,0.0,0.0,0.0,7.684471466037776
1781,33.2964,0.0,0.6133041584291229,0.0,30.665207921456144,2.6311920785438545,0.0,0.0,0.0,7.5088830724078885
1782,83.2427,0.009494540913373907,0.4323753629652509,5.127052093221909,21.618768148262546,56.49687975851555,0.0,0.0,0.0,3.738654192960738
1783,133.189,0.051755960088020345,0.2972747755102041,27.948218447530987,14.863738775510205,56.02373308151665,34.35330969544215,0.0,0.0,0.0
1784,166.4889,0.09889739639791567,0.21611758536789838,53.40459405487446,10.80587926839492,0.0,60.0,42.27842667673062,0.0,0.0
1785,199.7853,0.14863580090831024,0.25956801193160484,80.26333249048753,12.978400596580242,0.0,60.0,46.543566912932235,0.0,0.0
1786,233.0817,0.19107500418747142,0.35664729211693313,103.18050226123457,17.832364605846657,0.0,60.0,52.0688331329188,0.0,0.0
1787,249.7316,0.2110663726243909,0.46873464050303365,113.9758412171711,23.43673202515168,0.0,60.0,52.31902675767722,0.0,0.0
1788,249.7316,0.20963605011519215,0.5413878121478213,113.20346706220377,27.069390607391064,0.0,60.0,49.45874233040516,0.0,0.0
1789,216.4318,0.19455137192136213,0.6037223529266409,105.05774083753555,30.186117646332043,0.0,60.0,21.187941516132412,0.0,0.0
1790,199.7853,0.15774410464452124,0.7078787383210148,85.18181650804148,35.39393691605074,0.0,60.0,19.20954657590778,0.0,0.0
1791,183.1354,0.11761551223256106,0.9669517879845556,63.51237660558297,48.34758939922778,0.0,60.0,11.275433995189246,0.0,0.0
1792,166.4889,0.06305918250205604,1.256889853281853,34.05195855111026,62.844492664092655,0.0,60.0,9.592448784797085,0.0,0.0
1793,133.189,0.014497609839474082,1.518325584061776,7.828709313316004,75.9162792030888,0.0,49.444011483595176,0.0,0.0,0.0
1794,183.1354,0.0,1.6022068571428567,0.0,80.11034285714284,0.0,60.0,43.025057142857165,0.0,0.0
1795,199.7853,0.0,1.4381266812399338,0.0,71.90633406199669,0.0,60.0,67.87896593800332,0.0,0.0
1796,183.1354,0.0,1.2584477813480417,0.0,62.92238906740209,0.0,60.0,60.21301093259791,0.0,0.0
1797,149.839,0.0,1.0265344155675675,0.0,51.32672077837837,0.0,60.0,38.512279221621625,0.0,0.0
1798,99.8926,0.0,0.7962987912895751,0.0,39.814939564478756,0.0,60.0,0.07766043552124557,0.0,0.0
1799,66.5962,0.0,0.7819672854451182,0.0,39.09836427225591,0.0,27.49783572774409,0.0,0.0,0.0
1800,49.9463,0.0,0.8120358521787094,0.0,40.60179260893547,0.0,9.344507391064532,0.0,0.0,0.0
1801,39.9557,0.0,0.7923812818532815,0.0,39.619064092664075,0.0,0.0,0.33663590733592486,0.0,0.0
1802,33.2964,0.0,0.6903645052399339,0.0,34.51822526199669,0.0,0.0,0.0,0.0,0.023115613064802278
1803,26.6371,0.0,0.7420604473822395,0.0,37.103022369111976,0.0,0.0,0.0,0.0,0.22111954977773157
1804,26.6371,0.0,0.8318584092664094,0.0,41.59292046332047,0.0,0.0,0.0,0.0,0.5040675044891999
1805,33.2964,0.0,0.7677255296988418,0.0,38.38627648494209,0.0,0.0,0.0,0.0,0.6003624650151314
1806,83.2427,0.010769244507233842,0.5448633691428573,5.815392033906275,27.243168457142865,8.996431538251741,41.187707970699115,0.0,0.0,0.0
1807,133.189,0.056075164465547216,0.3914235132399336,30.280588811395496,19.57117566199668,0.0,60.0,23.337235526607813,0.0,0.0
1808,166.4889,0.11130340262330501,0.2615292817297298,60.10383741658471,13.076464086486489,0.0,60.0,33.308598496928795,0.0,0.0
1809,199.7853,0.1579097298986709,0.19722003602426896,85.27125414528228,9.861001801213447,0.0,60.0,44.653044053504274,0.0,0.0
1810,233.0817,0.18836793584414593,0.15471004491119697,101.7186853558388,7.735502245559848,0.0,60.0,63.62751239860137,0.0,0.0
1811,249.7316,0.21496006869608267,0.04243834027137341,116.07843709588464,2.1219170135686705,0.0,60.0,71.53124589054667,0.0,0.0
1812,249.7316,0.21543470598865833,0.03497923907777175,116.3347412338755,1.7489619538885874,0.0,60.0,71.6478968122359,0.0,0.0
1813,216.4318,0.20013562009672475,0.17395257921235516,108.07323485223138,8.697628960617758,0.0,60.0,39.66093618715087,0.0,0.0
1814,199.7853,0.16588097086357356,0.35456298134804204,89.57572426632973,17.728149067402104,0.0,60.0,32.48142666626818,0.0,0.0
1815,183.1354,0.11556797898133037,0.4444125052399341,62.4067086499184,22.220625261996705,0.0,60.0,38.5080660880849,0.0,0.0
1816,166.4889,0.06116882265091175,0.49903899778047467,33.03116423149235,24.951949889023734,0.0,60.0,48.50578587948392,0.0,0.0
1817,133.189,0.014216678082025895,0.5717192849156093,7.677006164293983,28.585964245780467,0.0,60.0,36.92602958992555,0.0,0.0
1818,183.1354,0.0,0.5529975420540539,0.0,27.649877102702696,0.0,60.0,95.4855228972973,0.0,0.0
1819,199.7853,0.0,0.5356092187887481,0.0,26.780460939437408,0.0,60.0,113.0048390605626,0.0,0.0
1820,183.1354,0.0,0.6217256745372312,0.0,31.08628372686156,0.0,60.0,92.04911627313845,0.0,0.0
1821,149.839,0.0,0.8028428578312187,0.0,40.14214289156094,0.0,60.0,49.69685710843906,0.0,0.0
1822,99.8926,0.0,1.0626522163397683,0.0,53.13261081698841,0.0,46.75998918301159,0.0,0.0,0.0
1823,66.5962,0.0,1.2913522795102044,0.0,64.56761397551021,0.0,2.0285860244897833,0.0,0.0,0.0
1824,49.9463,0.0,1.3582440312939879,0.0,67.91220156469939,0.0,0.0,0.0,0.0,0.3398954350078262
1825,39.9557,0.0,1.2945047996999448,0.0,64.72523998499724,0.0,0.0,0.0,0.0,0.8085083536429092
1826,33.2964,0.0,1.1274131274131274,0.0,56.37065637065637,0.0,0.0,0.0,0.0,1.2450483390337053
1827,26.6371,0.0,0.9349003471285163,0.0,46.74501735642582,0.0,0.0,0.0,0.0,1.6254683971282478
1828,26.6371,0.0,0.7078787383210148,0.0,35.39393691605074,0.0,0.0,0.0,0.0,1.7911382847292077
1829,33.2964,0.0,0.4765430909740762,0.0,23.82715454870381,9.469245451296189,0.0,0.0,0.0,1.1592233396977636
1830,83.2427,0.012045285865371121,0.3483259834528405,6.504454367300406,17.416299172642024,17.370961745370987,41.950984714686584,0.0,0.0,0.0
1831,133.189,0.06011360651288849,0.19347084627027017,32.46134751695978,9.673542313513508,0.0,60.0,31.054110169526695,0.0,0.0
1832,166.4889,0.11534555372272107,0.014510449667953553,62.28659901026938,0.7255224833976777,0.0,60.0,43.47677850633295,0.0,0.0
1833,199.7853,0.16140096660780132,0.0,87.15652196821272,0.0,0.0,60.0,52.62877803178729,0.0,0.0
1834,233.0817,0.19177046274316817,0.0,103.55604988131081,0.0,0.0,60.0,69.52565011868921,0.0,0.0
1835,249.7316,0.20307912196011488,0.0,109.66272585846204,0.0,0.0,60.0,80.06887414153795,0.0,0.0
1836,249.7316,0.2019070659638467,0.12858668930612255,109.02981562047722,6.429334465306128,0.0,60.0,74.27244991421662,0.0,0.0
1837,216.4318,0.17874885894510212,0.3829260407104245,96.52438383035515,19.146302035521227,0.0,60.0,40.76111413412363,0.0,0.0
1838,199.7853,0.14693868799544735,0.6953540166883622,79.34689151754158,34.76770083441811,0.0,60.0,25.67070764804032,0.0,0.0
1839,183.1354,0.10437140496519576,0.8465021299856592,56.36055868120571,42.32510649928296,0.0,60.0,24.449734819511335,0.0,0.0
1840,166.4889,0.056489337719448925,0.905989890788748,30.504242368502418,45.299494539437404,0.0,60.0,30.68516309206018,0.0,0.0
1841,133.189,0.013446735098238174,0.9796045023099837,7.2612369530486145,48.98022511549919,0.0,60.0,16.94753793145219,0.0,0.0
1842,183.1354,0.0,1.1289027689266407,0.0,56.44513844633203,0.0,60.0,66.69026155366797,0.0,0.0
1843,199.7853,0.0,1.1498412664092665,0.0,57.49206332046333,0.0,60.0,82.29323667953668,0.0,0.0
1844,183.1354,0.0,1.1724488295642579,0.0,58.62244147821289,0.0,60.0,64.51295852178711,0.0,0.0
1845,149.839,0.0,1.151342847293988,0.0,57.5671423646994,0.0,60.0,32.27185763530059,0.0,0.0
1846,99.8926,0.0,1.167912928688362,0.0,58.395646434418104,0.0,41.4969535655819,0.0,0.0,0.0
1847,66.5962,0.0,1.103686739027027,0.0,55.184336951351355,0.0,11.411863048648641,0.0,0.0,0.0
1848,49.9463,0.0,0.7845663298929949,0.0,39.22831649464975,0.0,10.717983505350254,0.0,0.0,0.0
1849,39.9557,0.0,0.3629161825570878,0.0,18.14580912785439,0.0,21.809890872145612,0.0,0.0,0.0
1850,33.2964,0.0,0.0,0.0,0.0,0.0,33.2964,0.0,0.0,0.0
1851,26.6371,0.0,0.0,0.0,0.0,0.0,26.6371,0.0,0.0,0.0
1852,26.6371,0.0,0.0,0.0,0.0,0.0,26.6371,0.0,0.0,0.0
1853,33.2964,0.0,0.0,0.0,0.0,0.0,33.2964,0.0,0.0,0.0
1854,83.2427,0.011146543654270877,0.0,6.019133573306274,0.0,0.0,60.0,17.223566426693722,0.0,0.0
1855,133.189,0.05688917937873318,0.0,30.720156864515918,0.0,0.0,60.0,42.46884313548408,0.0,0.0
1856,166.4889,0.11160112628697845,0.0,60.26460819496837,0.0,0.0,60.0,46.22429180503164,0.0,0.0
1857,199.7853,0.15549012106457255,0.0,83.96466537486918,0.0,0.0,60.0,55.82063462513082,0.0,0.0
1858,233.0817,0.1876424008624026,0.0,101.32689646569742,0.0,0.0,60.0,71.7548035343026,0.0,0.0
1859,249.7316,0.20091305085430233,0.0,108.49304746132326,0.0,0.0,60.0,81.23855253867674,0.0,0.0
1860,249.7316,0.20033418870213493,0.0,108.18046189915286,0.0,0.0,60.0,81.55113810084714,0.0,0.0
1861,216.4318,0.18246053773014675,0.0,98.52869037427925,0.0,0.0,60.0,57.90310962572076,0.0,0.0
1862,199.7853,0.1497326644662055,0.0,80.85563881175098,0.0,0.0,60.0,58.92966118824903,0.0,0.0
1863,183.1354,0.10647740885730254,0.06510468973855507,57.49780078294337,3.2552344869277534,0.0,60.0,62.38236473012887,0.0,0.0
1864,166.4889,0.05634202807778294,0.35560480451847765,30.424695162002788,17.780240225923883,0.0,60.0,58.28396461207333,0.0,0.0
1865,133.189,0.012818773170969557,0.7484490828814121,6.922137512323561,37.422454144070606,0.0,60.0,28.844408343605835,0.0,0.0
1866,183.1354,0.0,1.1110794455686706,0.0,55.55397227843353,0.0,60.0,67.58142772156648,0.0,0.0
1867,199.7853,0.0,1.498093958001103,0.0,74.90469790005515,0.0,60.0,64.88060209994485,0.0,0.0
1868,183.1354,0.0,1.6651433316183128,0.0,83.25716658091564,0.0,60.0,39.87823341908437,0.0,0.0
1869,149.839,0.0,1.506509014239382,0.0,75.3254507119691,0.0,60.0,14.513549288030902,0.0,0.0
1870,99.8926,0.0,1.3246170423210148,0.0,66.23085211605074,0.0,33.66174788394926,0.0,0.0,0.0
1871,66.5962,0.0,1.406914827190292,0.0,70.3457413595146,0.0,0.0,0.0,0.0,0.07093726896378989
1872,49.9463,0.0,1.3262100982327634,0.0,66.31050491163816,0.0,0.0,0.0,0.0,0.380530334859647
1873,39.9557,0.0,1.1170078643397683,0.0,55.850393216988415,0.0,0.0,0.0,0.0,0.6812407470729414
1874,33.2964,0.0,0.8199446765714287,0.0,40.99723382857143,0.0,0.0,0.0,0.0,0.8269321978837523
1875,26.6371,0.0,0.5740721881169334,0.0,28.70360940584667,0.0,0.0,0.0,0.0,0.8660283217781487
1876,26.6371,0.0,0.36920904578047425,0.0,18.460452289023713,8.176647710976287,0.0,0.0,0.0,0.3203728188768282
1877,33.2964,0.0,0.17764902604743518,0.0,8.88245130237176,4.800786690869271,19.61316200675897,0.0,0.0,0.0
1878,83.2427,0.01088799471413773,0.0,5.879517145634374,0.0,0.0,60.0,17.36318285436562,0.0,0.0
1879,133.189,0.05254498557120094,0.0,28.374292208448512,0.0,0.0,60.0,44.814707791551484,0.0,0.0
1880,166.4889,0.1004415716353187,0.0,54.2384486830721,0.0,0.0,60.0,52.250451316927894,0.0,0.0
1881,199.7853,0.14875997770732996,0.0,80.33038796195818,0.0,0.0,60.0,59.454912038041826,0.0,0.0
1882,233.0817,0.17540724527544135,0.0,94.71991244873833,0.0,0.0,60.0,78.36178755126167,0.0,0.0
1883,249.7316,0.19289958569895566,0.0,104.16577627743605,0.0,0.0,60.0,85.56582372256395,0.0,0.0
1884,249.7316,0.18284647948563656,0.0,98.73709892224375,0.0,0.0,60.0,90.99450107775624,0.0,0.0
1885,216.4318,0.16638741449709654,0.0,89.84920382843212,0.0,0.0,60.0,66.58259617156789,0.0,0.0
1886,199.7853,0.1443106007449247,0.0977464397308329,77.92772440225933,4.887321986541645,0.0,60.0,56.97025361119903,0.0,0.0
1887,183.1354,0.10900340730442733,0.29827972875013786,58.86183994439076,14.913986437506892,0.0,60.0,49.35957361810236,0.0,0.0
1888,166.4889,0.05939279814358653,0.6313931461400994,32.072110997536726,31.569657307004974,0.0,60.0,42.8471316954583,0.0,0.0
1889,133.189,0.014357780854727227,1.178507907035852,7.753201661552703,58.925395351792595,0.0,60.0,6.510402986654697,0.0,0.0
1890,183.1354,0.0,1.941445124518478,0.0,97.07225622592391,0.0,60.0,26.063143774076096,0.0,0.0
1891,199.7853,0.0,2.5495643743099827,0.0,127.47821871549914,0.0,60.0,12.307081284500867,0.0,0.0
1892,183.1354,0.0,2.933212455854384,0.0,146.6606227927192,0.0,36.474777207280795,0.0,0.0,0.0
1893,149.839,0.0,3.015736666510755,0.0,150.78683332553774,0.0,0.0,0.0,0.0,0.017931981834497852
1894,99.8926,0.0,2.875013887293988,0.0,143.7506943646994,0.0,0.0,0.0,0.0,0.8476797130585405
1895,66.5962,0.0,2.666147996169883,0.0,133.30739980849415,0.0,0.0,0.0,0.0,2.1097834932192407
1896,49.9463,0.0,2.366113045780475,0.0,118.30565228902374,0.0,0.0,0.0,0.0,3.4030685365250957
1897,39.9557,0.0,1.9509397481478217,0.0,97.54698740739109,0.0,0.0,0.0,0.0,4.492633433421684
1898,33.2964,0.0,1.4134607298223936,0.0,70.67303649111967,0.0,0.0,0.0,0.0,5.199758988659084
1899,26.6371,0.0,0.9852480108725871,0.0,49.262400543629354,0.0,0.0,0.0,0.0,5.62780521516018
1900,26.6371,0.0,0.7230047105482623,0.0,36.150235527413116,0.0,0.0,0.0,0.0,5.807783454867995
1901,33.2964,0.0,0.6013340202713738,0.0,30.066701013568693,3.2296989864313055,0.0,0.0,0.0,5.592254660311352
1902,83.2427,0.011344034997293782,0.5611661296679538,6.125778898538642,28.058306483397686,49.05861461806367,0.0,0.0,0.0,2.3184065042844133
1903,133.189,0.054493754486161186,0.5413878121478213,29.426627422527044,27.069390607391064,34.741321466701926,41.95166050337996,0.0,0.0,0.0
1904,166.4889,0.10676694440213319,0.5356092187887481,57.65414997715193,26.780460939437408,0.0,60.0,22.054289083410666,0.0,0.0
1905,199.7853,0.15516991423848475,0.5001710490899063,83.79175368878177,25.008552454495316,0.0,60.0,30.984993856722923,0.0,0.0
1906,233.0817,0.1835155774428333,0.33078394341312745,99.09841181912999,16.539197170656372,0.0,60.0,57.44409101021364,0.0,0.0
1907,249.7316,0.20299122227470703,0.212317816904578,109.61526002834181,10.615890845228899,0.0,60.0,69.50044912642926,0.0,0.0
1908,249.7316,0.19168168537064167,0.20003854826254822,103.5081101001465,10.001927413127412,0.0,60.0,76.22156248672607,0.0,0.0
1909,216.4318,0.18411574613200332,0.21897407611693329,99.4225029112818,10.948703805846664,0.0,60.0,46.06059328287155,0.0,0.0
1910,199.7853,0.1563635155151141,0.3043231595102043,84.43629837816162,15.216157975510214,0.0,60.0,40.13284364632817,0.0,0.0
1911,183.1354,0.11198331957503134,0.37869338966133465,60.47099257051692,18.93466948306673,0.0,60.0,43.72973794641635,0.0,0.0
1912,166.4889,0.06066710356832711,0.32975800297407626,32.760235926896634,16.48790014870381,0.0,60.0,57.24076392439956,0.0,0.0
1913,133.189,0.01460773269663036,0.410700152904578,7.888175656180394,20.5350076452289,0.0,60.0,44.7658166985907,0.0,0.0
1914,183.1354,0.0,0.7819672854451182,0.0,39.09836427225591,0.0,60.0,84.0370357277441,0.0,0.0
1915,199.7853,0.0,1.2740717832895754,0.0,63.70358916447877,0.0,60.0,76.08171083552122,0.0,0.0
1916,183.1354,0.0,1.7816226501400991,0.0,89.08113250700495,0.0,60.0,34.05426749299505,0.0,0.0
1917,149.839,0.0,2.0218990075763927,0.0,101.09495037881963,0.0,48.744049621180366,0.0,0.0,0.0
1918,99.8926,0.0,1.99682670776834,0.0,99.841335388417,0.0,0.0,0.05126461158300799,0.0,0.0
1919,66.5962,0.0,1.6828240686949814,0.0,84.14120343474907,0.0,0.0,0.0,0.0,0.33193249741417175
1920,49.9463,0.0,1.1830606297804742,0.0,59.15303148902371,0.0,0.0,0.0,0.0,0.5061139039632689
1921,39.9557,0.0,0.8225869321389961,0.0,41.12934660694981,0.0,0.0,0.0,0.0,0.5283180289596167
1922,33.2964,0.0,0.7433367032939878,0.0,37.16683516469939,0.0,0.0,0.0,0.0,0.6015424780214971
1923,26.6371,0.0,0.7612815975642584,0.0,38.06407987821292,0.0,0.0,0.0,0.0,0.8177285838255254
1924,26.6371,0.0,0.661899971953668,0.0,33.0949985976834,0.0,0.0,0.0,0.0,0.9399050437816978
1925,33.2964,0.0,0.5448633691428573,0.0,27.243168457142865,6.053231542857134,0.0,0.0,0.0,0.5359523215356428
1926,83.2427,0.01273583248164876,0.4787802669961389,6.87734954009033,23.939013349806945,8.031245538211607,44.395091571891115,0.0,0.0,0.0
1927,133.189,0.06093233728437128,0.29827972875013786,32.903462133560495,14.913986437506892,0.0,60.0,25.371551428932605,0.0,0.0
1928,166.4889,0.1180038314671897,0.15289173176833956,63.72206899228243,7.644586588416978,0.0,60.0,35.122244419300586,0.0,0.0
1929,199.7853,0.168686465304828,0.0056204599845560655,91.09069126460713,0.28102299922780327,0.0,60.0,48.413585736165075,0.0,0.0
1930,233.0817,0.20075119144035922,0.0,108.40564337779398,0.0,0.0,60.0,64.67605662220603,0.0,0.0
1931,249.7316,0.21772065579349553,0.0,117.5691541284876,0.0,0.0,60.0,72.16244587151238,0.0,0.0
1932,249.7316,0.2071404771272119,0.0,111.85585764869442,0.0,0.0,60.0,77.87574235130558,0.0,0.0
1933,216.4318,0.1934621004826908,0.0,104.46953426065303,0.0,0.0,60.0,51.962265739346975,0.0,0.0
1934,199.7853,0.16560743588460214,0.0,89.42801537768516,0.0,0.0,60.0,50.35728462231485,0.0,0.0
1935,183.1354,0.11888008151336353,0.0,64.19524401721631,0.0,0.0,60.0,58.94015598278369,0.0,0.0
1936,166.4889,0.06364486609581863,0.10911406949806943,34.36822769174206,5.455703474903471,0.0,60.0,66.66496883335446,0.0,0.0
1937,133.189,0.015912649754907835,0.5138097480154441,8.592830867650232,25.690487400772206,0.0,60.0,38.90568173157756,0.0,0.0
1938,183.1354,0.0,1.1588627207413125,0.0,57.94313603706562,0.0,60.0,65.19226396293439,0.0,0.0
1939,199.7853,0.0,1.666907512163265,0.0,83.34537560816325,0.0,60.0,56.439924391836755,0.0,0.0
1940,183.1354,0.0,1.8274071161081085,0.0,91.37035580540542,0.0,60.0,31.76504419459458,0.0,0.0
1941,149.839,0.0,1.6143572371274124,0.0,80.71786185637062,0.0,60.0,9.12113814362938,0.0,0.0
1942,99.8926,0.0,1.3103164755521237,0.0,65.51582377760619,0.0,34.376776222393815,0.0,0.0,0.0
1943,66.5962,0.0,1.0641071106188635,0.0,53.20535553094318,0.0,13.390844469056816,0.0,0.0,0.0
1944,49.9463,0.0,0.8094055525030338,0.0,40.47027762515169,0.0,9.476022374848313,0.0,0.0,0.0
1945,39.9557,0.0,0.5599970788041919,0.0,27.999853940209597,0.0,11.955846059790403,0.0,0.0,0.0
1946,33.2964,0.0,0.36815856852509654,0.0,18.407928426254827,0.0,14.888471573745171,0.0,0.0,0.0
1947,26.6371,0.0,0.2932614839845561,0.0,14.663074199227804,0.0,11.974025800772196,0.0,0.0,0.0
1948,26.6371,0.0,0.2684140461467183,0.0,13.420702307335915,0.0,13.216397692664085,0.0,0.0,0.0
1949,33.2964,0.0,0.22470421942857124,0.0,11.235210971428563,0.0,22.061189028571434,0.0,0.0,0.0
1950,83.2427,0.014658203233990886,0.15107590011693328,7.915429746355078,7.5537950058466645,0.0,60.0,7.77347524779826,0.0,0.0
1951,133.189,0.06643164072654253,0.058343383510204204,35.87308599233297,2.9171691755102103,0.0,60.0,34.39874483215681,0.0,0.0
1952,166.4889,0.12561763645946,0.0008011737804742456,67.8335236881084,0.040058689023712284,0.0,60.0,38.61531762286789,0.0,0.0
1953,199.7853,0.17372207978980853,0.0040116977385547935,93.80992308649661,0.20058488692773968,0.0,60.0,45.77479202657565,0.0,0.0
1954,233.0817,0.20897172458828964,0.06849971669498085,112.8447312776764,3.4249858347490427,0.0,60.0,56.81198288757457,0.0,0.0
1955,249.7316,0.2232049307119533,0.10385468942967468,120.53066258445479,5.1927344714837345,0.0,60.0,64.00820294406147,0.0,0.0
1956,249.7316,0.22516354904413965,0.1268041919470491,121.5883164838354,6.340209597352454,0.0,60.0,61.80307391881213,0.0,0.0
1957,216.4318,0.20348685354973398,0.1519835058621069,109.88290091685636,7.599175293105345,0.0,60.0,38.949723790038306,0.0,0.0
1958,199.7853,0.16722798496112962,0.14203390492664084,90.30311187901,7.101695246332042,0.0,60.0,42.38049287465796,0.0,0.0
1959,183.1354,0.11105948706036677,0.13753608923993377,59.97212301259806,6.876804461996688,0.0,60.0,56.28647252540526,0.0,0.0
1960,166.4889,0.059618731791242795,0.25467610909652505,32.194115167271114,12.733805454826253,0.0,60.0,61.56097937790264,0.0,0.0
1961,133.189,0.014522720753661515,0.660671061568671,7.8422692069772175,33.03355307843355,0.0,60.0,32.31317771458923,0.0,0.0
1962,183.1354,0.0,1.3008196499768339,0.0,65.04098249884169,0.0,60.0,58.09441750115832,0.0,0.0
1963,199.7853,0.0,1.7544156237308335,0.0,87.72078118654167,0.0,60.0,52.064518813458335,0.0,0.0
1964,183.1354,0.0,2.045178445661334,0.0,102.2589222830667,0.0,60.0,20.87647771693331,0.0,0.0
1965,149.839,0.0,2.12372273053723,0.0,106.1861365268615,0.0,43.652863473138495,0.0,0.0,0.0
1966,99.8926,0.0,1.9776441346188642,0.0,98.88220673094321,0.0,1.0103932690567916,0.0,0.0,0.0
1967,66.5962,0.0,1.6863706071969111,0.0,84.31853035984555,0.0,0.0,0.0,0.0,0.3352873311322132
1968,49.9463,0.0,1.2913522795102044,0.0,64.56761397551021,0.0,0.0,0.0,0.0,0.6119067847229469
1969,39.9557,0.0,0.8186246707115277,0.0,40.93123353557638,0.0,0.0,0.0,0.0,0.6303628245852028
1970,33.2964,0.0,0.4433148137760616,0.0,22.16574068880308,9.445986926409264,1.684672384787655,0.0,0.0,0.0
1971,26.6371,0.0,0.17026613628681742,0.0,8.51330681434087,0.0,18.12379318565913,0.0,0.0,0.0
1972,26.6371,0.0,0.0,0.0,0.0,0.0,26.6371,0.0,0.0,0.0
1973,33.2964,0.0,0.0,0.0,0.0,0.0,33.2964,0.0,0.0,0.0
1974,83.2427,0.01555061637869124,0.0,8.39733284449327,0.0,0.0,60.0,14.845367155506722,0.0,0.0
1975,133.189,0.06841368427109377,0.0,36.94338950639064,0.0,0.0,60.0,36.24561049360935,0.0,0.0
1976,166.4889,0.13177112850344183,0.0,71.15640939185859,0.0,0.0,60.0,35.33249060814141,0.0,0.0
1977,199.7853,0.179441396013021,0.0,96.89835384703134,0.0,0.0,60.0,42.88694615296866,0.0,0.0
1978,233.0817,0.20992899666257892,0.07702931651847765,113.36165819779261,3.8514658259238823,0.0,60.0,55.86857597628352,0.0,0.0
1979,249.7316,0.2309421256456053,0.1721081081081083,124.70874784862687,8.605405405405415,0.0,60.0,56.41744674596771,0.0,0.0
1980,249.7316,0.22664776941552,0.2703869344335355,122.38979548438081,13.519346721676776,0.0,60.0,53.82245779394239,0.0,0.0
1981,216.4318,0.2072805256891335,0.3400471032939878,111.93148387213208,17.002355164699388,0.0,60.0,27.497960963168538,0.0,0.0
1982,199.7853,0.17258198165157074,0.36815856852509654,93.1942700918482,18.407928426254827,0.0,60.0,28.183101481896983,0.0,0.0
1983,183.1354,0.12270358882796253,0.43674297529398803,66.25993796709977,21.837148764699403,0.0,60.0,35.038313268200824,0.0,0.0
1984,166.4889,0.06612940111153894,0.7638569538929951,35.70987660023103,38.19284769464976,0.0,60.0,32.58617570511922,0.0,0.0
1985,133.189,0.016378690520793736,1.286629625645891,8.844492881228618,64.33148128229455,0.0,60.0,0.01302583647682809,0.0,0.0
1986,183.1354,0.0,1.7798027093215656,0.0,88.99013546607829,0.0,60.0,34.14526453392172,0.0,0.0
1987,199.7853,0.0,2.1138247999470483,0.0,105.69123999735241,0.0,60.0,34.094060002647595,0.0,0.0
1988,183.1354,0.0,2.2565323080154447,0.0,112.82661540077224,0.0,60.0,10.308784599227764,0.0,0.0
1989,149.839,0.0,2.1555501710049634,0.0,107.77750855024817,0.0,42.06149144975183,0.0,0.0,0.0
1990,99.8926,0.0,1.9206357943210153,0.0,96.03178971605077,0.0,3.8608102839492346,0.0,0.0,0.0
1991,66.5962,0.0,1.6475490316072805,0.0,82.37745158036402,0.0,0.0,0.0,0.0,0.29856421908796815
1992,49.9463,0.0,1.285057040555985,0.0,64.25285202779925,0.0,0.0,0.0,0.0,0.5692287169111971
1993,39.9557,0.0,0.8787683397683399,0.0,43.938416988416996,0.0,0.0,0.0,0.0,0.6445774166920593
1994,33.2964,0.0,0.44551087871152784,0.0,22.27554393557639,9.658992589130508,1.3618634752931005,0.0,0.0,0.0
1995,26.6371,0.0,0.11351365912851613,0.0,5.675682956425806,0.0,20.961417043574194,0.0,0.0,0.0
1996,26.6371,0.0,0.0,0.0,0.0,0.0,26.6371,0.0,0.0,0.0
1997,33.2964,0.0,0.0,0.0,0.0,0.0,33.2964,0.0,0.0,0.0
1998,83.2427,0.01656337750861262,0.0,8.944223854650815,0.0,0.0,60.0,14.298476145349184,0.0,0.0
1999,133.189,0.07003435142396884,0.0,37.81854976894317,0.0,0.0,60.0,35.37045023105682,0.0,0.0
2000,166.4889,0.13223186569141865,0.0,71.40520747336606,0.0,0.0,60.0,35.08369252663394,0.0,0.0
2001,199.7853,0.17741599812541167,0.07788558487368993,95.80463898772231,3.8942792436844966,0.0,60.0,40.0863817685932,0.0,0.0
2002,233.0817,0.2109826752588168,0.19253512359183678,113.93064463976108,9.626756179591839,0.0,60.0,49.52429918064709,0.0,0.0
2003,249.7316,0.22695810852179193,0.2892586165868726,122.55737860176764,14.462930829343629,0.0,60.0,52.71129056888873,0.0,0.0
2004,249.7316,0.22764057069396168,0.39568836183121886,122.92590817473932,19.784418091560944,0.0,60.0,47.02127373369973,0.0,0.0
2005,216.4318,0.20880471197680092,0.514950819618312,112.7545444674725,25.747540980915602,0.0,60.0,17.92971455161191,0.0,0.0
2006,199.7853,0.17384815083173044,0.5953756278610038,93.87800144913444,29.76878139305019,0.0,60.0,16.13851715781537,0.0,0.0
2007,183.1354,0.12447209877765031,0.5894349845956978,67.21493333993116,29.471749229784887,0.0,60.0,26.44871743028395,0.0,0.0
2008,166.4889,0.06593765817835279,0.7318768484324325,35.60633541631051,36.59384242162162,0.0,60.0,34.28872216206787,0.0,0.0
2009,133.189,0.016322949755058012,1.2044022116183126,8.814392867731328,60.22011058091563,0.0,60.0,4.154496551353034,0.0,0.0
2010,183.1354,0.0,2.051018716169884,0.0,102.55093580849419,0.0,60.0,20.584464191505816,0.0,0.0
2011,199.7853,0.0,2.84729864556867,0.0,142.36493227843349,0.0,57.42036772156652,0.0,0.0,0.0
2012,183.1354,0.0,3.248423373167126,0.0,162.4211686583563,0.0,20.71423134164371,0.0,0.0,0.0
2013,149.839,0.0,3.160070613074463,0.0,158.00353065372315,0.0,0.0,0.0,0.0,0.15446409344881631
2014,99.8926,0.0,2.8982188498532815,0.0,144.91094249266408,0.0,0.0,0.0,0.0,1.00616246493165
2015,66.5962,0.0,2.6350885559845567,0.0,131.75442779922784,0.0,0.0,0.0,0.0,2.23888569356569
2016,49.9463,0.0,2.179575205348042,0.0,108.9787602674021,0.0,0.0,0.0,0.0,3.3557160229489726
2017,39.9557,0.0,1.659855975360177,0.0,82.99279876800884,0.0,0.0,0.0,0.0,4.169931405046437
2018,33.2964,0.0,1.1259242801632656,0.0,56.29621400816328,0.0,0.0,0.0,0.0,4.605063021417094
2019,26.6371,0.0,0.5390742756183121,0.0,26.953713780915606,0.0,0.0,0.0,0.0,4.611053011866849
2020,26.6371,0.0,0.0617192498621071,0.0,3.085962493105355,23.551137506894644,0.0,0.0,0.0,3.039405530592598
2021,33.2964,0.0,0.0,0.0,0.0,33.2964,0.0,0.0,0.0,0.8174235486106163
2022,83.2427,0.017375416860598524,0.0,9.382725104723203,0.0,12.249091875930084,60.0,1.6108830193467085,0.0,0.0
2023,133.189,0.07018091010421865,0.0,37.897691456278075,0.0,0.0,60.0,35.291308543721925,0.0,0.0
2024,166.4889,0.12786185650687623,0.0,69.04540251371317,0.0,0.0,60.0,37.44349748628683,0.0,0.0
2025,199.7853,0.17541848106622074,0.0,94.7259797757592,0.0,0.0,60.0,45.05932022424081,0.0,0.0
2026,233.0817,0.2047762553048114,0.0,110.57917786459815,0.0,0.0,60.0,62.50252213540186,0.0,0.0
2027,249.7316,0.21310460338071985,0.0,115.07648582558872,0.0,0.0,60.0,74.65511417441127,0.0,0.0
2028,249.7316,0.21337278760793207,0.0,115.22130530828332,0.0,0.0,60.0,74.51029469171667,0.0,0.0
2029,216.4318,0.19824574800350034,0.0,107.05270392189018,0.0,0.0,60.0,49.379096078109825,0.0,0.0
2030,199.7853,0.16019185936982677,0.11527777087258688,86.50360405970646,5.763888543629344,0.0,60.0,47.517807396664196,0.0,0.0
2031,183.1354,0.11631849711292887,0.32259486376172086,62.81198844098159,16.129743188086042,0.0,60.0,44.19366837093237,0.0,0.0
2032,166.4889,0.061720566464490444,0.7066229871196913,33.32910589082484,35.331149355984564,0.0,60.0,37.82864475319059,0.0,0.0
2033,133.189,0.015596799309913855,1.3421858795455044,8.422271627353481,67.10929397727521,0.0,57.6574343953713,0.0,0.0,0.0
2034,183.1354,0.0,2.082305045780474,0.0,104.1152522890237,0.0,60.0,19.020147710976303,0.0,0.0
2035,199.7853,0.0,2.6218354777804747,0.0,131.09177388902373,0.0,60.0,8.69352611097628,0.0,0.0
2036,183.1354,0.0,2.879646949877551,0.0,143.98234749387754,0.0,39.153052506122464,0.0,0.0,0.0
2037,149.839,0.0,2.7378565258378367,0.0,136.89282629189182,0.0,12.946173708108176,0.0,0.0,0.0
2038,99.8926,0.0,2.2749553032895746,0.0,113.74776516447874,0.0,0.0,0.0,0.0,0.2621247463550031
2039,66.5962,0.0,1.7652747703210139,0.0,88.2637385160507,0.0,0.0,0.0,0.0,0.672051150712719
2040,49.9463,0.0,1.3278039757308326,0.0,66.39019878654163,0.0,0.0,0.0,0.0,0.9831519385662093
2041,39.9557,0.0,0.9655497874285712,0.0,48.27748937142856,0.0,0.0,0.0,0.0,1.1405911969445874
2042,33.2964,0.0,0.6668228317617211,0.0,33.34114158808605,0.0,0.0,0.0,0.0,1.1414376594218911
2043,26.6371,0.0,0.5206666121389958,0.0,26.03333060694979,0.6037693930502108,0.0,0.0,0.0,1.1011460749674227
2044,26.6371,0.0,0.4466099344026475,0.0,22.330496720132377,4.306603279867623,0.0,0.0,0.0,0.8137517953633103
2045,33.2964,0.0,0.33592354001544383,0.0,16.796177000772193,12.194070653519203,4.306152345708602,0.0,0.0,0.0
2046,83.2427,0.014405037849232596,0.22088157998455576,7.778720438585602,11.044078999227787,0.0,60.0,4.419900562186612,0.0,0.0
2047,133.189,0.058126366545265616,0.17395257921235516,31.388237934443435,8.697628960617758,0.0,60.0,33.10313310493879,0.0,0.0
2048,166.4889,0.11000753382777878,0.1860026784335355,59.40406826700054,9.300133921676775,0.0,60.0,37.78469781132269,0.0,0.0
2049,199.7853,0.15840350735892633,0.1429353207104249,85.53789397382022,7.146766035521244,0.0,60.0,47.10063999065855,0.0,0.0
2050,233.0817,0.1936255813939947,0.1126325199426364,104.55781395275713,5.63162599713182,0.0,60.0,62.89226005011106,0.0,0.0
2051,249.7316,0.21752792418248243,0.13843441798565892,117.46507905854051,6.9217208992829455,0.0,60.0,65.34480004217653,0.0,0.0
2052,249.7316,0.21870772222170917,0.2972747755102041,118.10216999972296,14.863738775510205,0.0,60.0,56.76569122476681,0.0,0.0
2053,216.4318,0.19558704301457416,0.5529975420540539,105.61700322787004,27.649877102702696,0.0,60.0,23.164919669427263,0.0,0.0
2054,199.7853,0.158297838338224,0.8054656988416987,85.48083270264095,40.273284942084935,0.0,60.0,14.031182355274126,0.0,0.0
2055,183.1354,0.10907442905791112,1.154348402232763,58.900191691272006,57.71742011163815,0.0,60.0,6.517788197089857,0.0,0.0
2056,166.4889,0.05777671319333982,1.5677225592939885,31.199425124403504,78.38612796469943,0.0,56.90334691089707,0.0,0.0,0.0
2057,133.189,0.014707860734173364,2.0412894712939873,7.9422447964536165,102.06447356469937,0.0,23.182281638847,0.0,0.0,0.0
2058,183.1354,0.0,2.5278707207413125,0.0,126.39353603706563,0.0,56.741863962934374,0.0,0.0,0.0
2059,199.7853,0.0,2.7968565617385557,0.0,139.8428280869278,0.0,59.94247191307221,0.0,0.0,0.0
2060,183.1354,0.0,2.7718141102173197,0.0,138.59070551086597,0.0,44.54469448913403,0.0,0.0,0.0
2061,149.839,0.0,2.4654998694054053,0.0,123.27499347027026,0.0,26.56400652972974,0.0,0.0,0.0
2062,99.8926,0.0,2.0646778188108112,0.0,103.23389094054056,0.0,0.0,0.0,0.0,0.06321361238860519
2063,66.5962,0.0,1.688145176710425,0.0,84.40725883552125,0.0,0.0,0.0,0.0,0.40017959035792616
2064,49.9463,0.0,1.2913522795102044,0.0,64.56761397551021,0.0,0.0,0.0,0.0,0.67679904394866
2065,39.9557,0.0,0.880122209853282,0.0,44.0061104926641,0.0,0.0,0.0,0.0,0.7534284316477105
2066,33.2964,0.0,0.5564941470358522,0.0,27.82470735179261,5.471692648207387,0.0,0.0,0.0,0.3882837771126829
2067,26.6371,0.0,0.30836518728295664,0.0,15.418259364147833,5.818432400033553,5.400408235818614,0.0,0.0,0.0
2068,26.6371,0.0,0.15471004491119697,0.0,7.735502245559848,0.0,18.901597754440154,0.0,0.0,0.0
2069,33.2964,0.0,0.04243834027137341,0.0,2.1219170135686705,0.0,31.17448298643133,0.0,0.0,0.0
2070,83.2427,0.01539742555525713,0.0,8.31460979983885,0.0,0.0,60.0,14.92809020016115,0.0,0.0
2071,133.189,0.05919786493351452,0.0,31.966847064097845,0.0,0.0,60.0,41.222152935902145,0.0,0.0
2072,166.4889,0.11517599331633692,0.02510828164589095,62.19503639082194,1.2554140822945477,0.0,60.0,43.03844952688351,0.0,0.0
2073,199.7853,0.16011032736765665,0.2199275102393821,86.4595767785346,10.996375511969104,0.0,60.0,42.329347709496304,0.0,0.0
2074,233.0817,0.18536133209842764,0.41177748262548264,100.09511933315093,20.58887413127413,0.0,60.0,52.39770653557494,0.0,0.0
2075,249.7316,0.20475972021780853,0.5799668075102041,110.57024891761661,28.998340375510207,0.0,60.0,50.163010706873166,0.0,0.0
2076,249.7316,0.1977928956020769,0.7016072725956978,106.80816362512154,35.08036362978489,0.0,60.0,47.843072745093565,0.0,0.0
2077,216.4318,0.1811666801385867,0.8054656988416987,97.83000727483682,40.273284942084935,0.0,60.0,18.328507783078265,0.0,0.0
2078,199.7853,0.154095723249185,0.9866608212509654,83.21169055455991,49.33304106254827,0.0,60.0,7.240568382891837,0.0,0.0
2079,183.1354,0.1084019304318284,1.1815422537142857,58.537042433187345,59.07711268571428,0.0,60.0,5.521244881098369,0.0,0.0
2080,166.4889,0.05864949150978924,1.631787890232764,31.670725415286192,81.5893945116382,0.0,53.2287800730756,0.0,0.0,0.0
2081,133.189,0.014714958825131089,2.517059815854385,7.946077765570788,125.85299079271925,0.0,0.0,0.0,0.0,0.011541837589270996
2082,183.1354,0.0,3.6784335355763926,0.0,183.92167677881963,0.0,0.0,0.0,0.0,0.026417344215588254
2083,199.7853,0.0,4.551110107004963,0.0,227.55550535024813,0.0,0.0,0.0,0.0,0.5517996075986609
2084,183.1354,0.0,4.9269636708041915,0.0,246.34818354020956,0.0,0.0,0.0,0.0,1.747717134035058
2085,149.839,0.0,4.6230989415642565,0.0,231.1549470782128,0.0,0.0,0.0,0.0,3.286126943622868
2086,99.8926,0.0,3.976117586321016,0.0,198.8058793160508,0.0,0.0,0.0,0.0,5.1574592550076135
2087,66.5962,0.0,3.218825566464424,0.0,160.9412783232212,0.0,0.0,0.0,0.0,6.94236614220369
2088,49.9463,0.0,2.4039291639316054,0.0,120.19645819658027,0.0,0.0,0.0,0.0,8.27142318916602
2089,39.9557,0.0,1.6440405254142303,0.0,82.20202627071151,0.0,0.0,0.0,0.0,9.070678010503805
2090,33.2964,0.0,1.0963138043552125,0.0,54.815690217760626,0.0,0.0,0.0,0.0,9.477799717326302
2091,26.6371,0.0,0.7858669652509651,0.0,39.29334826254826,0.0,0.0,0.0,0.0,9.717242252023162
2092,26.6371,0.0,0.5894349845956978,0.0,29.471749229784887,0.0,0.0,0.0,0.0,9.770870750965038
2093,33.2964,0.0,0.42042046171428554,0.0,21.021023085714276,12.275376914285722,0.0,0.0,0.0,8.951693112374066
2094,83.2427,0.016906683511450048,0.34418124658797566,9.129609096183026,17.209062329398783,56.90402857441819,0.0,0.0,0.0,5.154293808108587
2095,133.189,0.061220342876215625,0.410700152904578,33.058985153156435,20.5350076452289,77.23709271450717,2.357914487107493,0.0,0.0,0.0
2096,166.4889,0.11434245488353607,0.660671061568671,61.74492563710949,33.03355307843355,0.0,60.0,11.71042128445697,0.0,0.0
2097,199.7853,0.1535524090760443,0.9571539580540541,82.91830090106393,47.857697902702704,0.0,60.0,9.009301196233366,0.0,0.0
2098,233.0817,0.18926606218156947,1.17093606227027,102.20367357804751,58.546803113513505,0.0,60.0,12.331223308439007,0.0,0.0
2099,249.7316,0.1944567739071348,1.3230248077837836,105.0066579098528,66.15124038918918,0.0,60.0,18.573701700957997,0.0,0.0
2100,249.7316,0.19711797548147758,1.5081945592939883,106.4437067599979,75.40972796469941,0.0,60.0,7.878165275302678,0.0,0.0
2101,216.4318,0.18017449712998773,1.7870877422702707,97.29422845019337,89.35438711351354,0.0,29.783184436293084,0.0,0.0,0.0
2102,199.7853,0.1517606120415433,2.1835922785570876,81.9507305024334,109.17961392785438,0.0,8.654955569712229,0.0,0.0,0.0
2103,183.1354,0.11007012588484943,2.5495643743099827,59.43786797781869,127.47821871549914,0.0,0.0,0.0,0.0,0.07152650500871548
2104,166.4889,0.05986012501832818,2.9355533205250963,32.32446750989722,146.77766602625482,0.0,0.0,0.0,0.0,0.3101552475845651
2105,133.189,0.01580525120315215,3.441865158001103,8.534835649702162,172.09325790005514,0.0,0.0,0.0,0.0,1.2076516120394332
2106,183.1354,0.0,4.129853003861004,0.0,206.4926501930502,0.0,0.0,0.0,0.0,1.649545534610653
2107,199.7853,0.0,4.599030503289574,0.0,229.9515251644787,0.0,0.0,0.0,0.0,2.220257902587277
2108,183.1354,0.0,4.674484582054054,0.0,233.7242291027027,0.0,0.0,0.0,0.0,3.177343858584355
2109,149.839,0.0,4.423748277127413,0.0,221.18741385637065,0.0,0.0,0.0,0.0,4.527178715326503
2110,99.8926,0.0,4.012158265575291,0.0,200.60791327876456,0.0,0.0,0.0,0.0,6.432603561140968
2111,66.5962,0.0,3.5240643219768337,0.0,176.2032160988417,0.0,0.0,0.0,0.7181272099528115,8.492663621201029
2112,49.9463,0.0,2.9355533205250963,0.0,146.77766602625482,0.0,0.0,0.0,0.7181272099528115,10.324608383859903
2113,39.9557,0.0,2.391289822146718,0.0,119.5644911073359,0.0,0.0,0.0,0.7181272099528115,11.830720648052745
2114,33.2964,0.0,1.9719069296679543,0.0,98.59534648339772,0.0,0.0,0.0,0.7181272099528115,13.066106122062973
2115,26.6371,0.0,1.6863706071969111,0.0,84.31853035984555,0.0,0.0,0.0,0.7181272099528115,14.15737642616816
2116,26.6371,0.0,1.53018362588417,0.0,76.50918129420849,0.0,0.0,0.0,0.7181272099528115,15.100902288491023
2117,33.2964,0.0,1.4696404037683397,0.0,73.48202018841698,0.0,0.0,0.0,0.7181272099528115,15.861170778542155
2118,83.2427,0.01841818787728945,1.5625793676072812,9.945821453736302,78.12896838036406,0.0,0.0,0.0,0.7181272099528115,15.952588694322431
2119,133.189,0.06570240590431481,1.7725317231902922,35.479299188329996,88.6265861595146,9.083114652155388,0.0,0.0,0.0,15.346441570388137
2120,166.4889,0.12063690580055925,2.1276883151285166,65.14392913230199,106.38441575642584,0.0,0.0,0.0,0.0,15.44178241963434
2121,199.7853,0.1650281623031248,2.6262493015686705,89.1152076436874,131.31246507843352,0.0,0.0,0.0,0.0,15.83231379545825
2122,233.0817,0.19279353824328482,3.0228672183210143,104.1085106513738,151.1433609160507,0.0,0.0,0.0,0.0,16.251749473760874
2123,249.7316,0.21441376129981024,3.288116428178709,115.78343110189753,164.40582140893545,0.0,0.0,0.0,0.0,16.827975332073933
2124,249.7316,0.21014883151733824,3.5059919251274136,113.48036901936266,175.29959625637068,0.0,0.0,0.0,0.0,17.56672818864186
2125,216.4318,0.19188204219432536,3.7476282872939874,103.6163027849357,187.38141436469937,0.0,0.0,0.0,0.0,18.97743472931063
2126,199.7853,0.16274505581265164,4.012158265575291,87.88233013883189,200.60791327876456,0.0,0.0,0.0,0.0,20.65563636153543
2127,183.1354,0.11446011676271121,4.183728873831219,61.80846305186406,209.18644369156095,0.0,0.0,0.0,0.0,22.317843245870495
2128,166.4889,0.061344946426331315,4.220819605003861,33.12627107021891,211.04098025019306,0.0,0.0,0.0,0.0,23.78743367625667
2129,133.189,0.016642865791469955,4.255222303947049,8.987147527393777,212.76111519735244,0.0,0.0,0.0,0.0,25.46287918726538
2130,183.1354,0.0,4.41200578742857,0.0,220.60028937142852,0.0,0.0,0.0,0.0,26.171674391589704
2131,199.7853,0.0,4.662364414270272,0.0,233.11822071351358,0.0,0.0,0.0,0.0,26.802297215899422
2132,183.1354,0.0,4.78438373888141,0.0,239.21918694407051,0.0,0.0,0.0,0.0,27.863341833760217
2133,149.839,0.0,4.662364414270272,0.0,233.11822071351358,0.0,0.0,0.0,0.0,29.438894658069934
2134,99.8926,0.0,4.491614393822394,0.0,224.58071969111967,0.0,0.0,0.0,15.799230802230781,31.498954718129994
2135,66.5962,0.0,4.169512642965252,0.0,208.4756321482626,0.0,0.0,0.0,32.99054325937371,33.559014778190054
2136,49.9463,0.0,3.736936194965252,0.0,186.8468097482626,0.0,0.0,0.0,28.011620859373693,35.619074838250114
2137,39.9557,0.0,3.31555783444898,0.0,165.777891722449,0.0,0.0,0.0,16.933302833560106,37.679134898310174
2138,33.2964,0.0,3.0538707382857138,0.0,152.6935369142857,0.0,0.0,0.0,10.508248025396796,39.739194958370234
2139,26.6371,0.0,2.884283975730832,0.0,144.2141987865416,0.0,0.0,0.0,8.688209897652712,41.799255018430294
2140,26.6371,0.0,2.728838351567568,0.0,136.4419175783784,0.0,0.0,0.0,0.9159286894895047,43.859315078490354
2141,33.2964,0.0,2.5779096281169327,0.0,128.89548140584662,0.0,0.0,0.0,0.9159286894895047,45.667946348330695
2142,83.2427,0.018199457219100726,2.4250703785372307,9.827706898314391,121.25351892686153,0.0,0.0,0.0,0.9159286894895047,46.572999539617804
2143,133.189,0.06194113912437321,2.4633634513756197,33.44821512716154,123.16817256878099,0.0,0.0,0.0,0.9159286894895047,47.01622038791942
2144,166.4889,0.11104168742167816,2.5235434875763927,59.962511207706214,126.17717437881963,0.0,0.0,0.0,0.9159286894895047,47.38799200712396
2145,199.7853,0.15221105792413975,2.393394017853282,82.19397127903547,119.66970089266411,0.0,0.0,0.0,0.9159286894895047,47.42731256172368
2146,233.0817,0.19046858316205362,2.318236185698841,102.85303490750896,115.91180928494205,14.316855807549018,0.0,0.0,0.0,46.47190009542078
2147,249.7316,0.19750992135520717,2.4998120952939877,106.65535753181189,124.99060476469938,18.085637703488715,0.0,0.0,0.0,45.26498399909187
2148,249.7316,0.198564254076598,2.762737204915609,107.22469720136291,138.13686024578044,4.370042552856631,0.0,0.0,0.0,44.973356201103435
2149,216.4318,0.1779460823555586,3.082640335143961,96.09088447200163,154.13201675719804,0.0,0.0,0.0,0.0,45.612647305439644
2150,199.7853,0.15276747785530895,3.42402625687369,82.49443804186683,171.2013128436845,0.0,0.0,0.0,0.0,46.63257475462575
2151,183.1354,0.10444028613739968,3.5525674363552118,56.397754514195825,177.62837181776058,0.0,0.0,0.0,0.0,47.59537227982493
2152,166.4889,0.05691751688838476,3.6625673172509643,30.73545911972777,183.1283658625482,0.0,0.0,0.0,0.0,48.491654644354476
2153,133.189,0.016036587890987306,4.215101242140101,8.659757461133145,210.75506210700502,0.0,0.0,0.0,0.0,50.12295393348141
2154,183.1354,0.0,5.339862392163266,0.0,266.99311960816334,0.0,0.0,0.0,0.0,51.709451331473694
2155,199.7853,0.0,6.453371883490347,0.0,322.66859417451735,0.0,0.0,0.0,13.99440528562846,53.769511391533754
2156,183.1354,0.0,7.168593411953668,0.0,358.4296705976834,0.0,0.0,0.0,66.40538170879452,55.829571451593814
2157,149.839,0.0,7.040443457482624,0.0,352.02217287413123,0.0,0.0,0.0,93.29428398524234,57.889631511653874
2158,99.8926,0.0,6.242877551020409,0.0,312.14387755102047,0.0,0.0,0.0,103.36238866213156,59.949691571713934
2159,66.5962,0.0,5.3825521235521245,0.0,269.12760617760625,0.0,0.0,0.0,93.64251728871736,62.009751631773995
2160,49.9463,0.0,4.638178425822395,0.0,231.90892129111975,0.0,0.0,0.0,73.07373240223086,64.06981169183405
2161,39.9557,0.0,4.098842308271373,0.0,204.94211541356867,0.0,0.0,0.0,56.09752652467978,66.12987175189411
2162,33.2964,0.0,3.64673917783122,0.0,182.336958891561,0.0,0.0,0.0,40.15167000267212,68.18993181195418
2163,26.6371,0.0,3.0610495355763923,0.0,153.05247677881962,0.0,0.0,0.0,17.526487889930735,70.24999187201425
2164,26.6371,0.0,2.6483764801235514,0.0,132.41882400617757,0.0,0.0,0.0,17.526487889930735,72.25126773159059
2165,33.2964,0.00018784422670196446,2.5322017841632647,0.10143588241906082,126.61008920816323,0.0,0.0,0.0,17.526487889930735,74.01858090897998
2166,83.2427,0.0158847651885015,2.476196235119691,8.57777320179081,123.80981175598455,0.0,0.0,0.0,17.526487889930735,74.94834900277573
2167,133.189,0.05695081460335011,2.569170709321567,30.753439885809062,128.45853546607836,0.0,0.0,0.0,17.526487889930735,75.44067556348712
2168,166.4889,0.10304153801306001,2.7130941467181477,55.64243052705241,135.65470733590737,0.0,0.0,0.0,17.526487889930735,75.91002060413771
2169,199.7853,0.1471918093447068,2.681749041667954,79.48357704614168,134.0874520833977,0.0,0.0,0.0,17.526487889930735,76.17083169577765
2170,233.0817,0.17226950140334743,2.8982188498532815,93.02553075780762,144.91094249266408,0.0,0.0,0.0,17.526487889930735,76.26267875727306
2171,249.7316,0.1956641451157038,3.191823395618312,105.65863836248005,159.5911697809156,0.0,0.0,0.0,17.526487889930735,76.55626647890487
2172,249.7316,0.203073757711204,3.4520816854980705,109.65982916405017,172.60408427490353,0.0,0.0,0.0,17.526487889930735,77.1717426791013
2173,216.4318,0.18847911235930015,3.6414715854296738,101.77872067402208,182.07357927148368,0.0,0.0,0.0,17.526487889930735,78.4472656510433
2174,199.7853,0.15838011553916598,3.793259861250966,85.52526239114962,189.6629930625483,0.0,0.0,0.0,17.526487889930735,79.87380805151867
2175,183.1354,0.11091514108357461,3.831070541837839,59.89417618513029,191.55352709189197,0.0,0.0,0.0,17.526487889930735,81.16620297838125
2176,166.4889,0.062240104392492536,3.83648919153668,33.60965637194597,191.82445957683402,0.0,0.0,0.0,17.526487889930735,82.28138273957438
2177,133.189,0.016604525308336796,4.255222303947049,8.966443666501869,212.76111519735244,0.0,0.0,0.0,17.526487889930735,83.95643655591758
2178,183.1354,0.0,5.05292474588417,0.0,252.64623729420853,0.0,0.0,0.0,17.526487889930735,85.27150645067287
2179,199.7853,0.0,5.488485684915611,0.0,274.42428424578054,0.0,0.0,0.0,17.526487889930735,86.68359534180927
2180,183.1354,0.0,5.622613569482627,0.0,281.13067847413134,0.0,0.0,0.0,17.526487889930735,88.53756006969823
2181,149.839,0.0,5.418830051618313,0.0,270.94150258091565,0.0,0.0,0.0,12.213613692026769,90.5976201297583
2182,99.8926,0.0,4.873988528926641,0.0,243.69942644633204,0.0,0.0,0.0,34.91793755744314,92.65768018981836
2183,66.5962,0.0,4.467941692858246,0.0,223.3970846429123,0.0,0.0,0.0,47.91199575402342,94.71774024987843
2184,49.9463,0.0,4.217959873306121,0.0,210.89799366530605,0.0,0.0,0.0,52.06280477641715,96.7778003099385
2185,39.9557,0.0,4.065163094557088,0.0,203.2581547278544,0.0,0.0,0.0,54.413565838965496,98.83786036999857
2186,33.2964,0.0,3.8067396127346935,0.0,190.33698063673467,0.0,0.0,0.0,48.151691747845774,100.89792043005863
2187,26.6371,0.0,3.4214819971671258,0.0,171.07409985835628,0.0,0.0,0.0,35.54811096946739,102.9579804901187
2188,26.6371,0.0,3.0086151426188628,0.0,150.43075713094314,0.0,0.0,0.0,14.904768242054246,105.01804055017877
2189,33.2964,0.0,2.619630015999999,0.0,130.98150079999996,0.0,0.0,0.0,14.904768242054246,106.8661370518004
2190,83.2427,0.020992179528377203,2.3327548360154444,11.335776945323689,116.63774180077222,0.0,0.0,0.0,14.904768242054246,107.71239578483464
2191,133.189,0.07218373006133225,2.117781225089907,38.979214233119414,105.88906125449536,0.0,0.0,0.0,14.904768242054246,107.93335505081654
2192,166.4889,0.12971373502522573,2.1655444870777725,70.0454169136219,108.27722435388863,0.0,0.0,0.0,14.904768242054246,108.15723664236404
2193,199.7853,0.18132394707720462,2.1996974930038604,97.9149314216905,109.98487465019302,0.0,0.0,0.0,14.904768242054246,108.31075432480507
2194,233.0817,0.2041519416466338,2.2831675278543853,110.24204848918225,114.15837639271926,8.681275118098483,0.0,0.0,0.0,107.73142331925963
2195,249.7316,0.21220539816837614,2.4998120952939877,114.59091501092311,124.99060476469938,10.15008022437749,0.0,0.0,0.0,107.05407395493681
2196,249.7316,0.20036056387697881,2.666147996169883,108.19470449356855,133.30739980849415,8.229495697937267,0.0,0.0,0.0,106.5048917261789
2197,216.4318,0.17718744790796323,2.7130941467181477,95.68122187030015,135.65470733590737,0.0,0.0,0.0,0.0,106.78686173818824
2198,199.7853,0.1536626062127401,2.7650049606883624,82.97780735487966,138.25024803441812,0.0,0.0,0.0,0.0,107.19253548879657
2199,183.1354,0.10502950630603398,3.020489364262549,56.715933405258355,151.02446821312745,0.0,0.0,0.0,0.0,107.65803551941468
2200,166.4889,0.05636703999090923,3.258322040586873,30.438201595090984,162.91610202934365,0.0,0.0,0.0,0.0,108.1662999123094
2201,133.189,0.01536005085870732,3.6784335355763926,8.294427463701954,183.92167677881963,0.0,0.0,0.0,0.0,109.28302891149224
2202,183.1354,0.0,4.240868559567566,0.0,212.0434279783783,0.0,0.0,0.0,0.0,109.82993754892102
2203,199.7853,0.0,4.599030503289574,0.0,229.9515251644787,0.0,0.0,0.0,0.0,110.40064991689765
2204,183.1354,0.0,4.602035107618312,0.0,230.10175538091562,0.0,0.0,0.0,0.0,111.28920258626633
2205,149.839,0.0,4.506446239382239,0.0,225.32231196911195,0.0,0.0,0.0,0.0,112.71726524514142
2206,99.8926,0.0,4.450234160432432,0.0,222.5117080216216,0.0,0.0,0.0,13.7302191327327,114.77732530520149
2207,66.5962,0.0,4.24373710314396,0.0,212.186855157198,0.0,0.0,0.0,36.701766268309115,116.83738536526155
2208,49.9463,0.0,3.6943378785570884,0.0,184.71689392785441,0.0,0.0,0.0,25.88170503896552,118.89744542532162
2209,39.9557,0.0,2.94492674033315,0.0,147.2463370166575,0.0,0.0,0.0,25.88170503896552,120.92726828779892
2210,33.2964,0.0,2.2749553032895746,0.0,113.74776516447874,0.0,0.0,0.0,25.88170503896552,122.44932114226204
2211,26.6371,0.0,1.8774746084324334,0.0,93.87373042162167,0.0,0.0,0.0,25.88170503896552,123.72136550159001
2212,26.6371,0.0,1.6616175634285708,0.0,83.08087817142854,0.0,0.0,0.0,25.88170503896552,124.78922076429272
2213,33.2964,0.0,1.538679087020408,0.0,76.93395435102039,0.0,0.0,0.0,25.88170503896552,125.61479611687959
2214,83.2427,0.020839794955100712,1.506509014239382,11.253489275754385,75.3254507119691,0.0,0.0,0.0,25.88170503896552,125.67791417070138
2215,133.189,0.06854493232910222,1.4249481389961387,37.0142634577152,71.24740694980693,24.92732959247786,0.0,0.0,0.0,124.01442871241123
2216,166.4889,0.12454265666367104,1.4150992875102042,67.25303459838237,70.75496437551021,28.480901026107404,0.0,0.0,0.0,122.11380134997496
2217,199.7853,0.17351045340696153,1.4513587403331494,93.69564483975923,72.56793701665747,33.521718143583314,0.0,0.0,0.0,119.87678312217494
2218,233.0817,0.2023014355593772,1.523402519545505,109.2427752020637,76.17012597727525,47.66879882066107,0.0,0.0,0.0,116.69568209977514
2219,249.7316,0.2173015626654043,1.6510609868108115,117.34284383931832,82.55304934054057,49.8357068201411,0.0,0.0,0.0,113.36997593893823
2220,249.7316,0.20781131675416195,1.9680866254296756,112.21811104724746,98.40433127148378,39.10915768126873,0.0,0.0,0.0,110.76008887312116
2221,216.4318,0.19007202246870952,2.272904578047436,102.63889213310316,113.64522890237181,0.14767896452502782,0.0,0.0,0.0,110.75023375370007
2222,199.7853,0.16303271878603282,2.4869164128582457,88.03766814445771,124.34582064291229,0.0,0.0,0.0,0.0,110.98857786589356
2223,183.1354,0.11195041246102644,2.558268694980695,60.45322272895427,127.91343474903476,0.0,0.0,0.0,0.0,111.08754760196362
2224,166.4889,0.06210205410671992,2.6262493015686705,33.53510921762876,131.31246507843352,1.6413257039377243,0.0,0.0,0.0,110.97801635712293
2225,133.189,0.016673702194217137,2.989668505239933,9.003799184877254,149.48342526199664,0.0,0.0,0.0,0.0,111.45663141422594
2226,183.1354,0.0,3.833779331035852,0.0,191.6889665517926,0.0,0.0,0.0,0.0,111.61845564628688
2227,199.7853,0.0,4.735357698788749,0.0,236.76788493943747,0.0,0.0,0.0,0.0,112.31812617216812
2228,183.1354,0.0,5.190401874321014,0.0,259.5200937160507,0.0,0.0,0.0,0.0,113.76324199922854
2229,149.839,0.0,5.135793191360176,0.0,256.7896595680088,0.0,0.0,0.0,0.0,115.7866328559206
2230,99.8926,0.0,4.802843762409266,0.0,240.1421881204633,0.0,0.0,0.0,31.360699231574387,117.84669291598067
2231,66.5962,0.0,4.4561321990777705,0.0,222.8066099538885,0.0,0.0,0.0,47.321521064999644,119.90675297604074
2232,49.9463,0.0,3.7798068129111977,0.0,188.99034064555988,0.0,0.0,0.0,30.15515175667099,121.9668130361008
2233,39.9557,0.0,3.032388674047436,0.0,151.61943370237182,0.0,0.0,0.0,2.774844813482929,124.02687309616087
2234,33.2964,0.0,2.3828824772906794,0.0,119.14412386453397,0.0,0.0,0.0,2.774844813482929,125.65101922332772
2235,26.6371,0.0,2.100006129738555,0.0,105.00030648692776,0.0,0.0,0.0,2.774844813482929,127.13356637308041
2236,26.6371,0.0,2.1415967479316045,0.0,107.07983739658022,0.0,0.0,0.0,2.774844813482929,128.6554559995022
2237,33.2964,0.0,2.3161658408736905,0.0,115.80829204368453,0.0,0.0,0.0,2.774844813482929,130.21649179492326
2238,83.2427,0.020325452264514397,2.5648070203022617,10.975744222837774,128.24035101511308,0.0,0.0,0.0,2.774844813482929,131.27544792104666
2239,133.189,0.06611114821784586,2.85652123576834,35.70002003763676,142.82606178841698,0.0,0.0,0.0,2.774844813482929,132.13317649613415
2240,166.4889,0.12064194720957504,3.2955881143210153,65.14665149317052,164.77940571605077,0.0,0.0,0.0,2.774844813482929,133.33333892982213
2241,199.7853,0.16351779797198107,3.3809148725868723,88.29961090486978,169.0457436293436,0.0,0.0,0.0,2.774844813482929,134.42231293452346
2242,233.0817,0.1886442763496973,3.1576352079426364,101.86790922883654,157.8817603971318,0.0,0.0,0.0,2.774844813482929,134.92684208960935
2243,249.7316,0.20900810025226052,2.8773299232829554,112.86437413622069,143.86649616414778,0.0,0.0,0.0,2.774844813482929,135.05926071691363
2244,249.7316,0.20365503294193588,2.5062728235984557,109.97371778864537,125.31364117992278,14.44424103143183,0.0,0.0,0.0,134.09534740150275
2245,216.4318,0.1775344364819152,2.1856021989806953,95.8685957002342,109.28010994903477,11.283094350731062,0.0,0.0,0.0,133.3423881522047
2246,199.7853,0.14935571844750942,2.36193010681081,80.65208796165508,118.0965053405405,1.0367066978044193,0.0,0.0,0.0,133.27320518938825
2247,183.1354,0.1088851259816047,2.8657596451583003,58.797968030066535,143.28798225791502,0.0,0.0,0.0,0.0,133.63172911375545
2248,166.4889,0.058186594929833996,3.544781285348041,31.42076126211036,177.23906426740206,0.0,0.0,0.0,0.0,134.42955743458407
2249,133.189,0.015326943392440734,4.414939737239934,8.276549431917996,220.74698686199673,0.0,0.0,0.0,0.0,136.24264325636082
2250,183.1354,0.0,5.356257933167127,0.0,267.81289665835635,0.0,0.0,0.0,0.0,137.8446499498973
2251,199.7853,0.0,5.834298628271372,0.0,291.7149314135686,0.0,0.0,0.0,0.0,139.58385919285672
2252,183.1354,0.0,5.980335964734695,0.0,299.01679823673476,0.0,0.0,0.0,6.992509347845868,141.6439192529168
2253,149.839,0.0,6.39488756714396,0.0,319.744378357198,0.0,0.0,0.0,61.01648946830912,143.70397931297686
2254,99.8926,0.0,6.630742221414231,0.0,331.53711107071155,0.0,0.0,0.0,122.75562218182264,145.76403937303692
2255,66.5962,0.0,6.296916191947048,0.0,314.8458095973524,0.0,0.0,0.0,139.3607207084635,147.824099433097
2256,49.9463,0.0,5.5151588174296755,0.0,275.75794087148375,0.0,0.0,0.0,116.92275198259486,149.88415949315706
2257,39.9557,0.0,4.509415972147822,0.0,225.47079860739112,0.0,0.0,0.0,76.62620971850222,151.94421955321712
2258,33.2964,0.0,3.470000679536679,0.0,173.50003397683395,0.0,0.0,0.0,31.314745087945056,154.0042796132772
2259,26.6371,0.0,2.6616992959470487,0.0,133.08496479735243,0.0,0.0,0.0,31.314745087945056,156.01815813647033
2260,26.6371,0.0,2.004524995035852,0.0,100.2262497517926,0.0,0.0,0.0,31.314745087945056,157.41038529393668
2261,33.2964,0.0,1.466308911196911,0.0,73.31544555984554,0.0,0.0,0.0,31.314745087945056,158.16750237209592
2262,83.2427,0.020717566421080243,1.1891421571671263,11.187485867383332,59.457107858356316,12.598106274260346,0.0,0.0,0.0,157.3267879060125
2263,133.189,0.06506128501828314,1.0655627900540543,35.13309390987289,53.278139502702714,44.777766587424395,0.0,0.0,0.0,154.3386152942391
2264,166.4889,0.1168306167191252,1.075774548262548,63.08853302832762,53.788727413127404,49.61163955854498,0.0,0.0,0.0,151.02786190361215
2265,199.7853,0.16377282572824384,1.1618762596183123,88.43732589325168,58.093812980915615,53.254161125832695,0.0,0.0,0.0,147.47403066398368
2266,233.0817,0.19066066851118044,1.3679185482625478,102.95676099603745,68.3959274131274,61.72901159083517,0.0,0.0,0.0,143.35464383776846
2267,249.7316,0.2093797661797155,1.5849219768339768,113.06507373704636,79.24609884169884,57.4204274212548,0.0,0.0,0.0,139.52278348266304
2268,249.7316,0.19894102239740055,1.7256117683397691,107.4281520945963,86.28058841698845,56.022859488415236,0.0,0.0,0.0,135.78418758754023
2269,216.4318,0.16933910944794528,1.816368613348042,91.44311910189046,90.8184306674021,34.17025023070744,0.0,0.0,0.0,133.50389060851404
2270,199.7853,0.13294677805061839,2.0335224092664093,71.79126014733393,101.67612046332046,26.317919389345604,0.0,0.0,0.0,131.7476063649808
2271,183.1354,0.08881598912386841,2.5084283103099825,47.96063412688894,125.42141551549912,9.753350357611936,0.0,0.0,0.0,131.09673213357527
2272,166.4889,0.04868502917806034,3.143044097306122,26.28991575615259,157.1522048653061,0.0,0.0,0.0,0.0,131.4174687399272
2273,133.189,0.01441426150401632,4.003824926640927,7.783701212168813,200.19124633204638,0.0,0.0,0.0,0.0,132.83233801779073
2274,183.1354,0.0,4.9739825841632666,0.0,248.69912920816333,0.0,0.0,0.0,0.0,134.07273289470194
2275,199.7853,0.0,5.595635331282957,0.0,279.78176656414786,0.0,0.0,0.0,0.0,135.58617955942907
2276,183.1354,0.0,5.731293082016548,0.0,286.5646541008274,0.0,0.0,0.0,0.0,137.54294923160688
2277,149.839,0.0,5.183959818872587,0.0,259.19799094362935,0.0,0.0,0.0,0.4701020547404653,139.60300929166695
2278,99.8926,0.0,4.272483207942637,0.0,213.62416039713185,0.0,0.0,0.0,4.842671508242958,141.66306935172702
2279,66.5962,0.0,3.4393136260165478,0.0,171.96568130082738,0.0,0.0,0.0,4.842671508242958,143.65654602498591
2280,49.9463,0.0,2.699637155618313,0.0,134.98185778091565,0.0,0.0,0.0,4.842671508242958,145.2653268478681
2281,39.9557,0.0,2.008379557877552,0.0,100.4189778938776,0.0,0.0,0.0,4.842671508242958,146.40922669991443
2282,33.2964,0.0,1.4579948725868728,0.0,72.89974362934363,0.0,0.0,0.0,4.842671508242958,147.15847914695607
2283,26.6371,0.0,1.154348402232763,0.0,57.71742011163815,0.0,0.0,0.0,4.842671508242958,147.7464852031222
2284,26.6371,0.0,1.0208008730899063,0.0,51.040043654495314,0.0,0.0,0.0,4.842671508242958,148.20816251550454
2285,33.2964,0.0,0.9404453348041921,0.0,47.02226674020961,0.0,0.0,0.0,4.842671508242958,148.46784107545446
2286,83.2427,0.023127093516344777,0.8398346285184775,12.48863049882618,41.991731425923874,28.762338075249943,0.0,0.0,0.0,146.54843246182418
2287,133.189,0.07327568064611382,0.7331472289111968,39.568867548901466,36.657361445559836,56.962771005538684,0.0,0.0,0.0,142.74711307540184
2288,166.4889,0.13121379970700828,0.6001409205868724,70.85545184178447,30.00704602934362,65.62640212887192,0.0,0.0,0.0,138.3676401271955
2289,199.7853,0.17687144487600753,0.510390703196911,95.51058023304408,25.519535159845553,77.4,1.355184607110374,0.0,0.0,133.20247496203032
2290,233.0817,0.2062877829774543,0.46762189594263665,111.39540280782532,23.381094797131833,77.4,20.905202395042863,0.0,0.0,128.03730979686515
2291,249.7316,0.2233106260827921,0.44002582931274153,120.58773808470774,22.001291465637077,77.4,29.742570449655176,0.0,0.0,122.87214463169998
2292,249.7316,0.21819939380839204,0.4466099344026475,117.82767265653169,22.330496720132377,77.4,32.17343062333592,0.0,0.0,117.70697946653482
2293,216.4318,0.20845691061928992,0.4933891227887478,112.56673173441655,24.66945613943739,77.4,1.795612126146068,0.0,0.0,112.54181430136966
2294,199.7853,0.17288163660754793,0.5787864700540543,93.35608376807588,28.939323502702713,77.4,0.0,0.08989272922141822,0.0,107.37664913620449
2295,183.1354,0.11731398227316558,0.6277624777142857,63.34955042750941,31.388123885714286,77.4,10.997725686776306,0.0,0.0,102.21148397103933
2296,166.4889,0.06387949358285908,0.7091352189740758,34.4949265347439,35.45676094870379,77.4,19.13721251655231,0.0,0.0,97.04631880587417
2297,133.189,0.018179350198718813,0.9073589493127415,9.81684910730816,45.36794746563707,77.4,0.0,0.604203427054756,0.0,91.881153640709
2298,183.1354,0.0,1.3055643780165473,0.0,65.27821890082737,77.4,40.45718109917263,0.0,0.0,86.71598847554384
2299,199.7853,0.0,1.7166563618312192,0.0,85.83281809156095,77.4,36.55248190843905,0.0,0.0,81.55082331037868
2300,183.1354,0.0,1.99682670776834,0.0,99.841335388417,77.4,5.894064611583005,0.0,0.0,76.38565814521351
2301,149.839,0.0,2.000674045564258,0.0,100.03370227821291,49.805297721787085,0.0,0.0,0.0,73.06198128690272
2302,99.8926,0.0,1.801700002841699,0.0,90.08500014208495,9.80759985791505,0.0,0.0,0.0,72.40748680189004
2303,66.5962,0.0,1.477983842841699,0.0,73.89919214208494,0.0,0.0,0.0,0.0,72.54565151809165
2304,49.9463,0.0,1.0772365165714288,0.0,53.86182582857144,0.0,0.0,0.0,0.0,72.61972903376733
2305,39.9557,0.0,0.6878741092818531,0.0,34.393705464092655,5.5619945359073455,0.0,0.0,0.0,72.24855822723364
2306,33.2964,0.0,0.46650983783783795,0.0,23.325491891891897,9.970908108108102,0.0,0.0,0.0,71.58316562742662
2307,26.6371,0.0,0.41285548799999977,0.0,20.64277439999999,5.9943256000000105,0.0,0.0,0.0,71.18314389903156
2308,26.6371,0.0,0.4280186254826256,0.0,21.40093127413128,5.236168725868719,0.0,0.0,0.0,70.83371655663124
2309,33.2964,0.0,0.5670219455752895,0.0,28.351097278764474,4.9453027212355245,0.0,0.0,0.0,70.50369969168393
2310,83.2427,0.02389297008158775,0.660671061568671,12.902203844057386,33.03355307843355,37.30694307750906,0.0,0.0,0.0,68.01408053402567
2311,133.189,0.07484927914851904,0.5776068395984557,40.418610740200286,28.880341979922786,63.89004727987693,0.0,0.0,0.0,63.75048044861513
2312,166.4889,0.13345547141015168,0.47096218983783794,72.0659545614819,23.548109491891896,70.8748359466262,0.0,0.0,0.0,59.02076166672482
2313,199.7853,0.1783145985289005,0.32259486376172086,96.28988320560627,16.129743188086042,77.4,9.96567360630769,0.0,0.0,53.85559650155966
2314,233.0817,0.20120352708528638,0.19440719864092684,108.64990462605465,9.720359932046343,77.4,37.31143544189902,0.0,0.0,48.6904313363945
2315,249.7316,0.21446849834799517,0.10560537896525082,115.8129891079174,5.280268948262541,77.4,51.23834194382002,0.0,0.0,43.52526617122933
2316,249.7316,0.21005731550499857,0.175799551293988,113.43095037269923,8.7899775646994,77.4,50.11067206260135,0.0,0.0,38.36010100606417
2317,216.4318,0.2008712971669272,0.29827972875013786,108.47050047014069,14.913986437506892,77.4,15.64731309235242,0.0,0.0,33.19493584089901
2318,199.7853,0.16896714434172533,0.49113401356425807,91.24225794453167,24.556700678212902,77.4,6.5863413772554225,0.0,0.0,28.02977067573384
2319,183.1354,0.11842191886174974,0.7741879469961389,63.947836185344855,38.70939734980695,77.4,3.078166464848195,0.0,0.0,22.864605510568673
2320,166.4889,0.06432222414316772,1.1259242801632656,34.73400103731057,56.29621400816328,75.45868495452615,0.0,0.0,0.0,17.828990898988682
2321,133.189,0.01803829841787888,1.486348314016547,9.740681145654595,74.31741570082735,49.13090315351805,0.0,0.0,0.0,14.550318683205028
2322,183.1354,0.0,1.9528413642625493,0.0,97.64206821312746,77.4,8.09333178687254,0.0,0.0,9.38515351803986
2323,199.7853,0.0,2.2708547847413127,0.0,113.54273923706563,77.4,8.842560762934369,0.0,0.0,4.219988352874695
2324,183.1354,0.0,2.254489962572532,0.0,112.72449812862659,63.23652546782729,7.17437640354612,0.0,0.0,0.0
2325,149.839,0.0,2.0412894712939873,0.0,102.06447356469937,0.0,47.77452643530063,0.0,0.0,0.0
2326,99.8926,0.0,1.91497930879647,0.0,95.7489654398235,0.0,4.143634560176508,0.0,0.0,0.0
2327,66.5962,0.0,1.8868173741467185,0.0,94.34086870733593,0.0,0.0,0.0,0.0,0.5248991377063555
2328,49.9463,0.0,1.8999346409266409,0.0,94.99673204633204,0.0,0.0,0.0,0.0,1.377204608853178
2329,39.9557,0.0,1.7816226501400991,0.0,89.08113250700495,0.0,0.0,0.0,0.0,2.306604683310028
2330,33.2964,0.0,1.4447360144026473,0.0,72.23680072013236,0.0,0.0,0.0,0.0,3.0433149672044246
2331,26.6371,0.0,1.0481464105372313,0.0,52.40732052686157,0.0,0.0,0.0,0.0,3.5308596798747787
2332,26.6371,0.0,0.656988657985659,0.0,32.849432899282945,0.0,0.0,0.0,0.0,3.6483903022936452
2333,33.2964,0.0,0.29827972875013786,0.0,14.913986437506892,18.382413562493106,0.0,0.0,0.0,2.4216693438356467
2334,83.2427,0.023683168640296324,0.15744217112851636,12.788911065760017,7.872108556425818,36.288715117377166,26.292965260437,0.0,0.0,0.0
2335,133.189,0.07138730861064045,0.22949684566133496,38.54914664974584,11.474842283066748,0.0,60.0,23.165011067187407,0.0,0.0
2336,166.4889,0.12462078615467465,0.3882319296458909,67.29522452352431,19.411596482294545,0.0,60.0,19.78207899418115,0.0,0.0
2337,199.7853,0.16877706208725526,0.5218118590270273,91.13961352711785,26.090592951351365,0.0,60.0,22.555093521530793,0.0,0.0
2338,233.0817,0.19159099986957148,0.6631296039536678,103.4591399295686,33.15648019768339,0.0,60.0,36.466079872748026,0.0,0.0
2339,249.7316,0.19130894282592031,0.8265559282868173,103.30682912599697,41.32779641434087,0.0,60.0,45.096974459662164,0.0,0.0
2340,249.7316,0.18189166353728703,0.9697581015686707,98.221498310135,48.487905078433535,0.0,60.0,43.02219661143144,0.0,0.0
2341,216.4318,0.175313320059217,1.094841587715389,94.66919283197717,54.74207938576945,0.0,60.0,7.020527782253396,0.0,0.0
2342,199.7853,0.14781403683018,1.2044022116183126,79.8195798882972,60.22011058091563,0.0,59.74560953078719,0.0,0.0,0.0
2343,183.1354,0.10491786118955222,1.253776433738555,56.6556450423582,62.68882168692775,0.0,60.0,3.7909332707140493,0.0,0.0
2344,166.4889,0.058017606213223716,1.3987511712829561,31.32950735514081,69.9375585641478,0.0,60.0,5.221834080711389,0.0,0.0
2345,133.189,0.017256724382177645,1.6916969173215664,9.31863116637593,84.58484586607831,0.0,39.285522967545745,0.0,0.0,0.0
2346,183.1354,0.0,2.1856021989806953,0.0,109.28010994903477,0.0,60.0,13.855290050965237,0.0,0.0
2347,199.7853,0.0,2.637300788915609,0.0,131.86503944578044,0.0,60.0,7.920260554219567,0.0,0.0
2348,183.1354,0.0,2.8982188498532815,0.0,144.91094249266408,0.0,38.22445750733593,0.0,0.0,0.0
2349,149.839,0.0,2.699637155618313,0.0,134.98185778091565,0.0,14.857142219084352,0.0,0.0,0.0
2350,99.8926,0.0,2.3120279601632645,0.0,115.60139800816323,0.0,0.0,0.0,0.0,0.29719347583011513
2351,66.5962,0.0,1.9795583367413125,0.0,98.97791683706562,0.0,0.0,0.0,0.0,0.9098205511259513
2352,49.9463,0.0,1.6863706071969111,0.0,84.31853035984555,0.0,0.0,0.0,0.0,1.5601059903662726
2353,39.9557,0.0,1.3824861668041923,0.0,69.12430834020962,0.0,0.0,0.0,0.0,2.1119445265324006
2354,33.2964,0.0,1.0050978416679537,0.0,50.254892083397685,0.0,0.0,0.0,0.0,2.4327808632453296
2355,26.6371,0.0,0.6754656593756206,0.0,33.77328296878103,0.0,0.0,0.0,0.0,2.567789730222268
2356,26.6371,0.0,0.40103455488141226,0.0,20.051727744070615,6.585372255929386,0.0,0.0,0.0,2.1283254488789654
2357,33.2964,0.0,0.19440719864092684,0.0,9.720359932046343,23.576040067953656,0.0,0.0,0.0,0.5550161350348775
2358,83.2427,0.02693474109297536,0.049945512842801965,14.544760190206695,2.497275642140098,8.316916783497637,57.88374738415556,0.0,0.0,0.0
2359,133.189,0.07758926289112694,0.0,41.89820196120855,0.0,0.0,60.0,31.29079803879145,0.0,0.0
2360,166.4889,0.1333447148583781,0.08648143369884173,72.00614602352418,4.324071684942086,0.0,60.0,30.158682291533736,0.0,0.0
2361,199.7853,0.1799098560086571,0.21136946013899618,97.15132224467484,10.568473006949809,0.0,60.0,32.06550474837536,0.0,0.0
2362,233.0817,0.2078915593150385,0.29526682588416975,112.26144203012079,14.763341294208487,0.0,60.0,46.056916675670735,0.0,0.0
2363,249.7316,0.2225742993712984,0.3914235132399336,120.19012166050115,19.57117566199668,0.0,60.0,49.97030267750216,0.0,0.0
2364,249.7316,0.21977398020246044,0.46873464050303365,118.67794930932862,23.43673202515168,0.0,60.0,47.61691866551968,0.0,0.0
2365,216.4318,0.1967043720805943,0.5263998149189192,106.22036092352093,26.319990745945958,0.0,60.0,23.891448330533137,0.0,0.0
2366,199.7853,0.16781730208872664,0.6205204586254829,90.62134312791238,31.026022931274145,0.0,60.0,18.137933940813483,0.0,0.0
2367,183.1354,0.1200047431743594,0.8159869017804744,64.80256131415408,40.79934508902372,0.0,60.0,17.53349359682221,0.0,0.0
2368,166.4889,0.06409573579742042,1.1244362269652515,34.61169733060703,56.22181134826258,0.0,60.0,15.655391321130395,0.0,0.0
2369,133.189,0.018978640597554317,1.5745920843331496,10.248465922679332,78.72960421665748,0.0,44.210929860663185,0.0,0.0,0.0
2370,183.1354,0.0,2.0901630668814124,0.0,104.50815334407062,0.0,60.0,18.627246655929383,0.0,0.0
2371,199.7853,0.0,2.491211157250964,0.0,124.56055786254821,0.0,60.0,15.224742137451798,0.0,0.0
2372,183.1354,0.0,2.7153403910777714,0.0,135.76701955388856,0.0,47.368380446111445,0.0,0.0,0.0
2373,149.839,0.0,2.690685312741312,0.0,134.5342656370656,0.0,15.304734362934397,0.0,0.0,0.0
2374,99.8926,0.0,2.6152219916072807,0.0,130.76109958036403,0.0,0.0,0.0,0.0,0.5839986407095897
2375,66.5962,0.0,2.501964716302262,0.0,125.0982358151131,0.0,0.0,0.0,0.0,1.6907939128874054
2376,49.9463,0.0,2.2422554131274124,0.0,112.11277065637061,0.0,0.0,0.0,0.0,2.8669163307106333
2377,39.9557,0.0,1.7907355305372308,0.0,89.53677652686154,0.0,0.0,0.0,0.0,3.804936697435041
2378,33.2964,0.0,1.286629625645891,0.0,64.33148128229455,0.0,0.0,0.0,0.0,4.392086883856829
2379,26.6371,0.0,0.8950648164324325,0.0,44.753240821621624,0.0,0.0,0.0,0.0,4.734824683184806
2380,26.6371,0.0,0.6037223529266409,0.0,30.186117646332043,0.0,0.0,0.0,0.0,4.801968260277574
2381,33.2964,0.0007728494585514846,0.43674297529398803,0.4173387076178017,21.837148764699403,11.041912527682793,0.0,0.0,0.0,4.065103894065843
2382,83.2427,0.025035234354547926,0.31140358156425796,13.51902655145588,15.570179078212899,54.15349437033122,0.0,0.0,0.0,0.4512570892389349
2383,133.189,0.0776600942308156,0.20097931440926628,41.93645088464043,10.048965720463315,6.762087482245439,60.0,14.441495912650808,0.0,0.0
2384,166.4889,0.13839443225099177,0.08648143369884173,74.73299341553556,4.324071684942086,0.0,60.0,27.431834899522357,0.0,0.0
2385,199.7853,0.18074442600693313,0.0608743862857141,97.6019900437439,3.043719314285705,0.0,60.0,39.1395906419704,0.0,0.0
2386,233.0817,0.1993575052711424,0.02265380966795373,107.6530528464169,1.1326904833976865,0.0,60.0,64.29595667018543,0.0,0.0
2387,249.7316,0.20796813929073837,0.0,112.30279521699872,0.0,0.0,60.0,77.42880478300128,0.0,0.0
2388,249.7316,0.21215837896547676,0.09513773128295629,114.56552464135746,4.756886564147814,0.0,60.0,70.4091887944947,0.0,0.0
2389,216.4318,0.20463809256870358,0.2507741665570876,110.50456998709994,12.538708327854382,0.0,60.0,33.38852168504569,0.0,0.0
2390,199.7853,0.17107400289763697,0.4150135265570877,92.37996156472396,20.750676327854382,0.0,60.0,26.65466210742167,0.0,0.0
2391,183.1354,0.12013702480636389,0.6533127413127411,64.8739933954365,32.66563706563706,0.0,60.0,25.595769538926447,0.0,0.0
2392,166.4889,0.06490414096586175,1.0065215033822392,35.048236121565346,50.32607516911196,0.0,60.0,21.114588709322703,0.0,0.0
2393,133.189,0.019175687130456975,1.5677225592939885,10.354871050446768,78.38612796469943,0.0,44.44800098485379,0.0,0.0,0.0
2394,183.1354,0.0,2.351489223942636,0.0,117.5744611971318,0.0,60.0,5.560938802868208,0.0,0.0
2395,199.7853,0.0,3.097079598455598,0.0,154.8539799227799,0.0,44.93132007722011,0.0,0.0,0.0
2396,183.1354,0.0,3.531825328503033,0.0,176.59126642515167,0.0,6.544133574848331,0.0,0.0,0.0
2397,149.839,0.0,3.3986303466254837,0.0,169.9315173312742,0.0,0.0,0.0,0.0,0.3801287062673497
2398,99.8926,0.0,2.9684300918610043,0.0,148.4215045930502,0.0,0.0,0.0,0.0,1.2982431174872184
2399,66.5962,0.0,2.448435147190292,0.0,122.4217573595146,0.0,0.0,0.0,0.0,2.3544023107753325
2400,49.9463,0.0,1.9055696978532817,0.0,95.27848489266408,0.0,0.0,0.0,0.0,3.212038241177085
2401,39.9557,0.0,1.4003822393822392,0.0,70.01911196911196,0.0,0.0,0.0,0.0,3.780805494646771
2402,33.2964,0.0,0.9087287694826255,0.0,45.43643847413127,0.0,0.0,0.0,0.0,4.010481898211417
2403,26.6371,0.0,0.5275485470358521,0.0,26.377427351792605,0.25967264820739544,0.0,0.0,0.0,3.9931530594922044
2404,26.6371,0.0,0.2792969646949805,0.0,13.964848234749025,12.672251765250975,0.0,0.0,0.0,3.1474906126953424
2405,33.2964,0.0008323122806313806,0.1583541224489797,0.44944863154094555,7.917706122448985,24.92924524601007,0.0,0.0,0.0,1.4838773163316406
2406,83.2427,0.026056957165249084,0.08217596642912317,14.070756869234506,4.108798321456159,22.235901585229634,42.8272432240797,0.0,0.0,0.0
2407,133.189,0.07944324481603299,0.027568054857142678,42.89935220065781,1.378402742857134,0.0,60.0,28.911245056485058,0.0,0.0
2408,166.4889,0.1371116395752262,0.0008011737804742456,74.04028537062214,0.040058689023712284,0.0,60.0,32.40855594035415,0.0,0.0
2409,199.7853,0.18268368540418486,0.0,98.64919011825982,0.0,0.0,60.0,41.13610988174018,0.0,0.0
2410,233.0817,0.2116486954649796,0.027568054857142678,114.29029555108899,1.378402742857134,0.0,60.0,57.41300170605389,0.0,0.0
2411,249.7316,0.2261910964256014,0.1294788598610039,122.14319206982475,6.473942993050195,0.0,60.0,61.114464937125035,0.0,0.0
2412,249.7316,0.22550187043376724,0.2556532023210147,121.77101003423431,12.782660116050733,0.0,60.0,55.17792984971496,0.0,0.0
2413,216.4318,0.20550453595036025,0.3946211414980695,110.97244941319454,19.731057074903475,0.0,60.0,25.728293511901995,0.0,0.0
2414,199.7853,0.17210357558845504,0.6133041584291229,92.93593081776572,30.665207921456144,0.0,60.0,16.18416126077814,0.0,0.0
2415,183.1354,0.12433753969523917,0.8977915223474903,67.14227143542915,44.88957611737451,0.0,60.0,11.103552447196336,0.0,0.0
2416,166.4889,0.0681548058593172,1.2960822857142855,36.803595164031286,64.80411428571428,0.0,60.0,4.881190550254445,0.0,0.0
2417,133.189,0.019828480496025525,1.8812090457804747,10.707379467853784,94.06045228902373,0.0,28.42116824312248,0.0,0.0,0.0
2418,183.1354,0.0,2.760470429158302,0.0,138.0235214579151,0.0,45.111878542084895,0.0,0.0,0.0
2419,199.7853,0.0,3.5525674363552118,0.0,177.62837181776058,0.0,22.156928182239426,0.0,0.0,0.0
2420,183.1354,0.0,3.951273524138996,0.0,197.5636762069498,0.0,0.0,0.0,0.0,0.2729673876990501
2421,149.839,0.0,3.7905671161787087,0.0,189.52835580893543,0.0,0.0,0.0,0.0,1.0238470921924232
2422,99.8926,0.0,3.218825566464424,0.0,160.9412783232212,0.0,0.0,0.0,0.0,2.1788220874966084
2423,66.5962,0.0,2.5779096281169327,0.0,128.89548140584662,0.0,0.0,0.0,0.0,3.357457141120734
2424,49.9463,0.0,1.8514330370965255,0.0,92.57165185482627,0.0,0.0,0.0,0.0,4.163882716752582
2425,39.9557,0.0,1.1453413075521235,0.0,57.26706537760617,0.0,0.0,0.0,0.0,4.491395034707293
2426,33.2964,0.0,0.5764279159316049,0.0,28.821395796580244,4.475004203419754,0.0,0.0,0.0,4.192762788900168
2427,26.6371,0.0,0.20192071194263672,0.0,10.096035597131836,16.541064402868166,0.0,0.0,0.0,3.0889213205739643
2428,26.6371,0.0,0.0,0.0,0.0,26.6371,0.0,0.0,0.0,1.31133706965638
2429,33.2964,0.000935606014720776,0.0,0.505227247949219,0.0,19.650385988800853,13.140786763249924,0.0,0.0,0.0
2430,83.2427,0.027206988397019162,0.0,14.691773734390347,0.0,0.0,60.0,8.550926265609647,0.0,0.0
2431,133.189,0.08100185074858669,0.0,43.74099940423682,0.0,0.0,60.0,29.448000595763176,0.0,0.0
2432,166.4889,0.1378455678238757,0.0,74.43660662489287,0.0,0.0,60.0,32.052293375107126,0.0,0.0
2433,199.7853,0.18745629862551536,0.0,101.22640125777829,0.0,0.0,60.0,38.558898742221714,0.0,0.0
2434,233.0817,0.21073410453852212,0.0,113.79641645080194,0.0,0.0,60.0,59.28528354919807,0.0,0.0
2435,249.7316,0.233042624925264,0.0,125.84301745964257,0.0,0.0,60.0,63.88858254035742,0.0,0.0
2436,249.7316,0.23153507081058872,0.14474000661886363,125.02893823771791,7.237000330943181,0.0,60.0,57.4656614313389,0.0,0.0
2437,216.4318,0.20888857725542723,0.42693113871814686,112.7998317179307,21.346556935907344,0.0,60.0,22.285411346161965,0.0,0.0
2438,199.7853,0.16962153044837575,0.6582154047964698,91.5956264421229,32.91077023982349,0.0,60.0,15.278903318053608,0.0,0.0
2439,183.1354,0.12214970731567053,0.7976061156183119,65.96084195046208,39.88030578091559,0.0,60.0,17.29425226862233,0.0,0.0
2440,166.4889,0.06804968077543716,0.8950648164324325,36.74682761873607,44.753240821621624,0.0,60.0,24.988831559642307,0.0,0.0
2441,133.189,0.020648970516655873,1.1363628978621068,11.150444078994171,56.81814489310534,0.0,60.0,5.220411027900482,0.0,0.0
2442,183.1354,0.0,1.5267913778621076,0.0,76.33956889310538,0.0,60.0,46.795831106894624,0.0,0.0
2443,199.7853,0.0,1.911212785738555,0.0,95.56063928692775,0.0,60.0,44.224660713072254,0.0,0.0
2444,183.1354,0.0,2.109872035618312,0.0,105.4936017809156,0.0,60.0,17.641798219084407,0.0,0.0
2445,149.839,0.0,2.0725030336458903,0.0,103.62515168229451,0.0,46.213848317705484,0.0,0.0,0.0
2446,99.8926,0.0,1.97573083287369,0.0,98.7865416436845,0.0,1.1060583563155006,0.0,0.0,0.0
2447,66.5962,0.0,1.7980416591285167,0.0,89.90208295642583,0.0,0.0,0.0,0.0,0.4409221099864348
2448,49.9463,0.0,1.3841089332597905,0.0,69.20544666298952,0.0,0.0,0.0,0.0,0.8052843441511013
2449,39.9557,0.0,0.9100993515102039,0.0,45.5049675755102,0.0,0.0,0.0,0.0,0.9102704874715646
2450,33.2964,0.0,0.42693113871814686,0.0,21.346556935907344,11.949843064092654,0.0,0.0,0.0,0.11281682954079009
2451,26.6371,0.0,0.12502415151020418,0.0,6.251207575510209,1.6905601906687393,18.69533223382105,0.0,0.0,0.0
2452,26.6371,0.0,0.0,0.0,0.0,0.0,26.6371,0.0,0.0,0.0
2453,33.2964,0.0010774622687869427,0.0,0.5818296251449491,0.0,0.0,32.71457037485505,0.0,0.0,0.0
2454,83.2427,0.029333390714919635,0.0,15.840030986056602,0.0,0.0,60.0,7.402669013943395,0.0,0.0
2455,133.189,0.08617930529249279,0.0,46.53682485794611,0.0,0.0,60.0,26.652175142053892,0.0,0.0
2456,166.4889,0.14453188186026292,0.0,78.04721620454197,0.0,0.0,60.0,28.441683795458033,0.0,0.0
2457,199.7853,0.18990719814796447,0.0,102.54988699990082,0.0,0.0,60.0,37.235413000099186,0.0,0.0
2458,233.0817,0.22055278892529598,0.028389158301158453,119.09850601965984,1.4194579150579227,0.0,60.0,52.56373606528226,0.0,0.0
2459,249.7316,0.23403409870937816,0.13933336371538896,126.3784133030642,6.966668185769448,0.0,60.0,56.386518511166344,0.0,0.0
2460,249.7316,0.2339933412821935,0.31851611432101484,126.3564042923845,15.925805716050743,0.0,60.0,47.44938999156474,0.0,0.0
2461,216.4318,0.2151740422412094,0.6447607971583009,116.19398281025306,32.23803985791505,0.0,60.0,7.999777331831893,0.0,0.0
2462,199.7853,0.18152147372236657,1.036598139552124,98.02159581007795,51.8299069776062,0.0,49.93379721231585,0.0,0.0,0.0
2463,183.1354,0.1267066726080337,1.3760033888582464,68.4216032083382,68.80016944291232,0.0,45.913627348749486,0.0,0.0,0.0
2464,166.4889,0.07025607102026876,1.7220269925030345,37.93827835094513,86.10134962515173,0.0,42.44927202390315,0.0,0.0,0.0
2465,133.189,0.02158644361630523,2.1775680521389957,11.656679552804825,108.87840260694979,0.0,12.653917840245384,0.0,0.0,0.0
2466,183.1354,0.0,2.8819649672895755,0.0,144.09824836447876,0.0,39.03715163552124,0.0,0.0,0.0
2467,199.7853,0.0,3.5629636559426374,0.0,178.14818279713188,0.0,21.637117202868126,0.0,0.0,0.0
2468,183.1354,0.0,4.152489362321015,0.0,207.62446811605076,0.0,0.0,0.0,0.0,0.46330669408744685
2469,149.839,0.0,4.093218199510204,0.0,204.6609099755102,0.0,0.0,0.0,0.0,1.5004779638943968
2470,99.8926,0.0,3.544781285348041,0.0,177.23906426740206,0.0,0.0,0.0,0.0,2.9637894500344357
2471,66.5962,0.0,2.9637214374054066,0.0,148.18607187027033,0.0,0.0,0.0,0.0,4.507381620553064
2472,49.9463,0.0,2.2872792372597908,0.0,114.36396186298954,0.0,0.0,0.0,0.0,5.726094142285298
2473,39.9557,0.0,1.603940053780475,0.0,80.19700268902376,0.0,0.0,0.0,0.0,6.487416085050612
2474,33.2964,0.0,1.074313366804192,0.0,53.7156683402096,0.0,0.0,0.0,0.0,6.873726567162686
2475,26.6371,0.0,0.7458914214760068,0.0,37.29457107380034,0.0,0.0,0.0,0.0,7.075354398288638
2476,26.6371,0.0,0.46317778013899624,0.0,23.158889006949813,3.4782109930501868,0.0,0.0,0.0,6.84324155257291
2477,33.2964,0.0012146199027002953,0.20852819129398772,0.6558947474581595,10.426409564699386,22.214095687842452,0.0,0.0,0.0,5.3608194179154225
2478,83.2427,0.03160222548367678,0.04910900386100392,17.06520176118546,2.455450193050196,63.72204804576434,0.0,0.0,0.0,1.108430492605823
2479,133.189,0.08902133273178663,0.0008011737804742456,48.07151967516478,0.040058689023712284,16.60983093169826,60.0,8.467590704113249,0.0,0.0
2480,166.4889,0.14712592888838766,0.08993668702040829,79.44800159972934,4.496834351020414,0.0,60.0,22.544064049250252,0.0,0.0
2481,199.7853,0.19440447515276607,0.27632112534804204,104.97841658249368,13.816056267402102,0.0,60.0,20.990827150104224,0.0,0.0
2482,233.0817,0.2206513662440342,0.514950819618312,119.15173777177846,25.747540980915602,0.0,60.0,28.182421247305967,0.0,0.0
2483,249.7316,0.23131138770565327,0.8107203291428571,124.90814936105278,40.53601645714286,0.0,60.0,24.287434181804343,0.0,0.0
2484,249.7316,0.22926934990902353,1.164892995035852,123.80544895087272,58.2446497517926,0.0,60.0,7.681501297334677,0.0,0.0
2485,216.4318,0.20968452933597556,1.525096525096525,113.2296458414268,76.25482625482624,0.0,26.947327903746952,0.0,0.0,0.0
2486,199.7853,0.17734280457711188,1.8644320748725864,95.76511447164042,93.22160374362932,0.0,10.798581784730288,0.0,0.0,0.0
2487,183.1354,0.12557601039392974,2.145578846217319,67.81104561272205,107.27894231086594,0.0,8.045412076411992,0.0,0.0,0.0
2488,166.4889,0.06936754180184991,2.4229519972818543,37.45847257299895,121.14759986409271,0.0,7.882827562908346,0.0,0.0,0.0
2489,133.189,0.020646233418939394,2.6772867413215673,11.148966046227272,133.86433706607838,0.0,0.0,0.0,0.0,0.2237030318544316
2490,183.1354,0.0,2.996765982640926,0.0,149.8382991320463,3.3521899323386575,29.944910935615045,0.0,0.0,0.0
2491,199.7853,0.0,3.2707184228041926,0.0,163.53592114020964,0.0,36.24937885979037,0.0,0.0,0.0
2492,183.1354,0.0,3.260799267618311,0.0,163.03996338091557,0.0,20.09543661908444,0.0,0.0,0.0
2493,149.839,0.0,3.0490899062327634,0.0,152.45449531163817,0.0,0.0,0.0,0.0,0.049482343733695124
2494,99.8926,0.0,2.851907964116934,0.0,142.5953982058467,0.0,0.0,0.0,0.0,0.857373120601065
2495,66.5962,0.0,2.7265862506254823,0.0,136.32931253127413,0.0,0.0,0.0,0.0,2.176648222544089
2496,49.9463,0.0,2.49550971749807,0.0,124.7754858749035,0.0,0.0,0.0,0.0,3.5923355228801013
2497,39.9557,0.0,2.135630486239382,0.0,106.7815243119691,0.0,0.0,0.0,0.0,4.856607874728165
2498,33.2964,0.0,1.7634627232123552,0.0,88.17313616061776,0.0,0.0,0.0,0.0,5.894816396685798
2499,26.6371,0.0,1.4118230051583012,0.0,70.59115025791506,0.0,0.0,0.0,0.0,6.72637950967338
2500,26.6371,0.0,1.24911239271925,0.0,62.4556196359625,0.0,0.0,0.0,0.0,7.40402717846186
2501,33.2964,0.001244851738330897,1.17093606227027,0.6722199386986843,58.546803113513505,0.0,0.0,0.0,0.0,7.8944551821523605
2502,83.2427,0.02734758543084796,1.0860248621467181,14.7676961326579,54.30124310733591,14.17376076000619,0.0,0.0,0.0,6.9485919349047
2503,133.189,0.07812922608738634,1.0670192548571429,42.18978208718863,53.35096274285714,37.64825516995421,0.0,0.0,0.0,4.436195860833681
2504,166.4889,0.13134135702992397,1.1937117329156095,70.92433279615895,59.685586645780475,35.87898055806056,0.0,0.0,0.0,2.041869497266076
2505,199.7853,0.18405740780775287,1.2506662615686706,99.39100021618655,62.53331307843353,30.597414416532146,7.263572288847783,0.0,0.0,0.0
2506,233.0817,0.21368057764921175,1.196762134309983,115.38751193057435,59.83810671549915,0.0,57.85608135392653,0.0,0.0,0.0
2507,249.7316,0.22582707617209885,1.1603690907181463,121.94662113293339,58.01845453590732,0.0,60.0,9.766524331159275,0.0,0.0
2508,249.7316,0.22004055551388882,1.1952365317153888,118.82189997749997,59.76182658576944,0.0,60.0,11.147873436730578,0.0,0.0
2509,216.4318,0.19953691789782418,1.3792431206795364,107.74993566482506,68.96215603397681,0.0,39.719708301198125,0.0,0.0,0.0
2510,199.7853,0.16732401098380634,1.6475490316072805,90.35496593125544,82.37745158036402,0.0,27.052882488380533,0.0,0.0,0.0
2511,183.1354,0.11858715280598389,1.99106246925979,64.0370625152313,99.5531234629895,0.0,19.545214021779202,0.0,0.0,0.0
2512,166.4889,0.0669996819171705,2.4890633081787095,36.17982823527207,124.45316540893548,0.0,5.855906355792456,0.0,0.0,0.0
2513,133.189,0.020710223034723068,3.2385410807104256,11.183520438750456,161.92705403552128,0.0,0.0,0.0,0.0,0.7552730305943304
2514,183.1354,0.0,4.121382425698841,0.0,206.06912128494207,0.0,0.0,0.0,0.0,1.1891542440932343
2515,199.7853,0.0,4.729249938321014,0.0,236.4624969160507,0.0,0.0,0.0,0.0,1.8830471587212205
2516,183.1354,0.0,5.011784613348041,0.0,250.58923066740206,0.0,0.0,0.0,0.0,3.1592007118882863
2517,149.839,0.0,4.659337204138996,0.0,232.9668602069498,0.0,0.0,0.0,0.0,4.731889959046796
2518,99.8926,0.0,4.1951216210744615,0.0,209.75608105372308,0.0,0.0,0.0,0.974592164834192,6.7919500191068565
2519,66.5962,0.0,3.782495287598455,0.0,189.12476437992277,0.0,0.0,0.0,13.639675491033884,8.852010079166917
2520,49.9463,0.0,3.2732007744247094,0.0,163.66003872123548,0.0,0.0,0.0,4.824849832346587,10.912070139226977
2521,39.9557,0.0,2.697397734301158,0.0,134.8698867150579,0.0,0.0,0.0,4.824849832346587,12.707743941944289
2522,33.2964,0.0,1.9795583367413125,0.0,98.97791683706562,0.0,0.0,0.0,4.824849832346587,13.95036723345634
2523,26.6371,0.0,1.3971209343011584,0.0,69.85604671505791,0.0,0.0,0.0,4.824849832346587,14.768022982119598
2524,26.6371,0.0,1.0279697497804743,0.0,51.398487489023715,0.0,0.0,0.0,4.824849832346587,15.236481664344371
2525,33.2964,0.0012590598713642753,0.7832664366949806,0.6798923305367087,39.163321834749034,0.0,0.0,0.0,4.824849832346587,15.360340310714642
2526,83.2427,0.02734005957237589,0.7230047105482623,14.763632169082982,36.150235527413116,32.3288323035039,0.0,0.0,0.0,13.202927410914583
2527,133.189,0.077092536311842,1.022233089976834,41.62996960839468,51.111654498841695,40.44737589276362,0.0,0.0,0.0,10.503736493813241
2528,166.4889,0.13393579174885234,1.3453909134826256,72.32532754438027,67.26954567413128,26.894026781488435,0.0,0.0,0.0,8.70900664519873
2529,199.7853,0.17800288594913832,1.2044022116183126,96.1215584125347,60.22011058091563,43.44363100654968,0.0,0.0,0.0,5.809865436887106
2530,233.0817,0.20315552801529335,0.7677255296988418,109.70398512825841,38.38627648494209,77.4,7.591438386799524,0.0,0.0,0.6447002717219403
2531,249.7316,0.217164288335293,0.46873464050303365,117.26871570105823,23.43673202515168,9.660833571753274,60.0,39.3653187020368,0.0,0.0
2532,249.7316,0.2102628726785689,0.6459803458223939,113.54195124642722,32.299017291119696,0.0,60.0,43.89063146245306,0.0,0.0
2533,216.4318,0.19218985298253194,1.0438099435455046,103.78252061056725,52.19049717727523,0.0,60.0,0.45878221215753,0.0,0.0
2534,199.7853,0.16190170622063974,1.406914827190292,87.42692135914547,70.3457413595146,0.0,42.01263728133995,0.0,0.0,0.0
2535,183.1354,0.11547081307425541,1.7889111969111977,62.354239060097925,89.44555984555988,0.0,31.335601094342195,0.0,0.0,0.0
2536,166.4889,0.06215259110006184,2.2852229159536672,33.5623991940334,114.26114579768335,0.0,18.665355008283257,0.0,0.0,0.0
2537,133.189,0.019066559019928122,2.9472725866254823,10.295941870761185,147.36362933127413,0.0,0.0,0.0,0.0,0.4629567524709387
2538,183.1354,0.0,3.896377590857144,0.0,194.8188795428572,0.0,0.0,0.0,0.0,0.6839955546331017
2539,199.7853,0.0,4.95828080068836,0.0,247.914040034418,0.0,0.0,0.0,0.0,1.5945392850139828
2540,183.1354,0.0,5.872339697738553,0.0,293.61698488692764,0.0,0.0,0.0,1.5926959980387494,3.654599345074043
2541,149.839,0.0,5.9244501842250425,0.0,296.22250921125215,0.0,0.0,0.0,37.49462032236326,5.714659405134103
2542,99.8926,0.0,5.277827706810811,0.0,263.8913853405405,0.0,0.0,0.0,55.10989645165162,7.774719465194163
2543,66.5962,0.0,4.426686687947049,0.0,221.33433439735245,0.0,0.0,0.0,45.849245508463554,9.834779525254223
2544,49.9463,0.0,3.609954680163266,0.0,180.4977340081633,0.0,0.0,0.0,21.662545119274398,11.894839585314283
2545,39.9557,0.0,2.8220179795521227,0.0,141.10089897760614,0.0,0.0,0.0,21.662545119274398,13.808397403809535
2546,33.2964,0.0,2.1276883151285166,0.0,106.38441575642584,0.0,0.0,0.0,21.662545119274398,15.191143647850023
2547,26.6371,0.0,1.6405354665372316,0.0,82.02677332686157,0.0,0.0,0.0,21.662545119274398,16.239056386466324
2548,26.6371,0.0,1.5557337039426362,0.0,77.78668519713182,0.0,0.0,0.0,21.662545119274398,17.206751241547195
2549,33.2964,0.0013731265491944286,1.673972882285715,0.7414883365649915,83.69864411428574,0.0,0.0,0.0,21.662545119274398,18.174335368995724
2550,83.2427,0.02578554767321397,1.7816226501400991,13.924195743535545,89.08113250700495,0.0,0.0,0.0,21.662545119274398,18.548222930492436
2551,133.189,0.07220728646443371,1.8403255687413127,38.9919346907942,92.01627843706564,2.180786872140146,0.0,0.0,0.0,18.402691607693626
2552,166.4889,0.1251889668466193,2.049071051190293,67.60204209717442,102.45355255951465,0.0,0.0,0.0,0.0,18.470169614712066
2553,199.7853,0.1728842946673452,2.2118152189740763,93.3575191203664,110.59076094870382,0.0,0.0,0.0,0.0,18.548928697099882
2554,233.0817,0.20461775527676876,2.3078938232939876,110.49358784945512,115.39469116469938,7.193420985845506,0.0,0.0,0.0,18.068887256603016
2555,249.7316,0.2058221776053058,2.2688059231594035,111.14397590686514,113.44029615797018,25.147327935164668,0.0,0.0,0.0,16.39072056089633
2556,249.7316,0.19229396282708178,2.051018716169884,103.83873992662416,102.55093580849419,43.34192426488164,0.0,0.0,0.0,13.498366589265924
2557,216.4318,0.1824854206366357,2.0412894712939873,98.54212714378329,102.06447356469937,15.825199291517348,0.0,0.0,0.0,12.442297233809311
2558,199.7853,0.15314682089137902,2.0646778188108112,82.69928328134466,103.23389094054056,13.852125778114782,0.0,0.0,0.0,11.517897782483667
2559,183.1354,0.10483578538906152,2.2585755836999444,56.61132411009322,112.92877918499723,13.595296704909572,0.0,0.0,0.0,10.610637408448994
2560,166.4889,0.05830404486704512,2.630666993738554,31.48418422820437,131.5333496869277,3.4713660848679524,0.0,0.0,0.0,10.378981346729411
2561,133.189,0.01833311600868424,3.2558458378378377,9.899882644689491,162.7922918918919,0.0,0.0,0.0,0.0,11.126338702826896
2562,183.1354,0.0,3.9678264990358527,0.0,198.39132495179263,0.0,0.0,0.0,0.0,11.414964310022972
2563,199.7853,0.0,4.397352754974076,0.0,219.8676377487038,0.0,0.0,0.0,0.0,11.794900429593044
2564,183.1354,0.0,4.548124650996139,0.0,227.40623254980696,0.0,0.0,0.0,0.0,12.632456721075878
2565,149.839,0.0,4.232269541348041,0.0,211.61347706740204,0.0,0.0,0.0,0.0,13.801163043972673
2566,99.8926,0.0,3.831070541837839,0.0,191.55352709189197,0.0,0.0,0.0,0.0,15.535288691657115
2567,66.5962,0.0,3.429117891282956,0.0,171.4558945641478,0.0,0.0,0.0,0.0,17.51912075097883
2568,49.9463,0.0,3.041926203128516,0.0,152.0963101564258,0.0,0.0,0.0,0.0,19.451688510694993
2569,39.9557,0.0,2.8357926329045777,0.0,141.7896316452289,0.0,0.0,0.0,0.0,21.37827640668581
2570,33.2964,0.0,2.722084978409266,0.0,136.1042489204633,0.0,0.0,0.0,0.0,23.32328976464052
2571,26.6371,0.0,2.439925586321016,0.0,121.99627931605079,0.0,0.0,0.0,0.0,25.127382346295537
2572,26.6371,0.0,2.0921298532818526,0.0,104.60649266409263,0.0,0.0,0.0,0.0,26.602478964264858
2573,33.2964,0.0014059749106634346,1.9853063474903472,0.7592264517582547,99.26531737451737,0.0,0.0,0.0,0.0,27.864903306924127
2574,83.2427,0.02873472217278362,1.9452402834285714,15.516749973303154,97.26201417142858,0.0,0.0,0.0,0.0,28.423693709662295
2575,133.189,0.0799331866566324,1.8662926292509656,43.1639207945815,93.31463146254828,0.0,0.0,0.0,0.0,28.48592848209448
2576,166.4889,0.13750823904378104,1.8999346409266409,74.25444908364176,94.99673204633204,0.0,0.0,0.0,0.0,28.538187854823715
2577,199.7853,0.18429069564810396,2.1415967479316045,99.51697564997613,107.07983739658022,0.0,0.0,0.0,0.0,28.667054317866672
2578,233.0817,0.21093971167776226,2.448435147190292,113.90744430599163,122.4217573595146,0.0,0.0,0.0,0.0,28.728493538565438
2579,249.7316,0.22864910143135872,2.6616992959470487,123.47051477293371,133.08496479735243,0.0,0.0,0.0,0.0,28.857593962868147
2580,249.7316,0.2246858697736141,2.7922945482625474,121.33036967775162,139.61472741312738,0.0,0.0,0.0,0.0,29.06974120512802
2581,216.4318,0.2025129055028361,2.966075265306122,109.3569689715315,148.3037632653061,0.0,0.0,0.0,0.0,29.849748031230355
2582,199.7853,0.17219697011950402,3.2682370965250964,92.98636386453217,163.41185482625482,0.0,0.0,0.0,0.0,30.920803249704704
2583,183.1354,0.11955383611122564,3.5395957594440155,64.55907150006185,176.97978797220077,0.0,0.0,0.0,0.0,32.025733564044806
2584,166.4889,0.06472392031543713,3.7102803919426353,34.95091697033605,185.51401959713175,0.0,0.0,0.0,0.0,33.04690182342933
2585,133.189,0.020146567369905468,4.053971559077771,10.879146379748953,202.69857795388856,0.0,0.0,0.0,0.0,34.56776958109274
2586,183.1354,0.0,4.78438373888141,0.0,239.21918694407051,0.0,0.0,0.0,0.0,35.628814198953535
2587,199.7853,0.0,5.385844208750137,0.0,269.29221043750687,0.0,0.0,0.0,0.0,36.94380980182529
2588,183.1354,0.0,5.646282317096524,0.0,282.31411585482624,0.0,0.0,0.0,0.0,38.82016388556524
2589,149.839,0.0,5.258325927077771,0.0,262.9162963538886,0.0,0.0,0.0,4.188407464999699,40.8802239456253
2590,99.8926,0.0,4.689660294001103,0.0,234.48301470005518,0.0,0.0,0.0,25.701525811166306,42.94028400568536
2591,66.5962,0.0,4.249477497822393,0.0,212.47387489111964,0.0,0.0,0.0,36.98878600223074,45.00034406574542
2592,49.9463,0.0,3.8202460938378375,0.0,191.01230469189187,0.0,0.0,0.0,32.17711580300298,47.06040412580548
2593,39.9557,0.0,3.436763133564258,0.0,171.8381566782129,0.0,0.0,0.0,22.993567789324004,49.12046418586554
2594,33.2964,0.0,2.982580034788749,0.0,149.12900173943743,0.0,0.0,0.0,6.943712850548536,51.180524245925604
2595,26.6371,0.0,2.7378565258378367,0.0,136.89282629189182,0.0,0.0,0.0,1.3668374030029327,53.240584305985664
2596,26.6371,0.0,2.7718141102173197,0.0,138.59070551086597,0.0,0.0,0.0,3.064716621977084,55.300644366045724
2597,33.2964,0.0015446294072450093,2.9849418578532814,0.834099879912305,149.24709289266406,0.0,0.0,0.0,7.895903883687481,57.360704426105784
2598,83.2427,0.02802785188904213,3.2139069010744614,15.135040020082752,160.69534505372306,0.0,0.0,0.0,7.895903883687481,59.11236333290751
2599,133.189,0.0763916967783143,3.4011652715102034,41.251516260289726,170.05826357551018,0.0,0.0,0.0,7.895903883687481,60.59032403250373
2600,166.4889,0.12782185351960285,3.575982550239383,69.02380090058554,178.79912751196915,0.0,0.0,0.0,7.895903883687481,62.1290759213899
2601,199.7853,0.17328269036176022,3.578589480525096,93.57265279535052,178.9294740262548,0.0,0.0,0.0,7.895903883687481,63.50479967206892
2602,233.0817,0.20240304198792478,3.6520109961389964,109.29764267347937,182.60054980694983,0.0,0.0,0.0,7.895903883687481,64.61754412440136
2603,249.7316,0.2150381006543044,3.8500545709961385,116.12057435332437,192.50272854980693,0.0,0.0,0.0,7.895903883687481,65.73171147662276
2604,249.7316,0.2164078631437248,4.067963700633204,116.86024609761138,203.39818503166018,0.0,0.0,0.0,7.895903883687481,67.06600287636574
2605,216.4318,0.1970516949554622,4.301339768339767,106.40791527594959,215.06698841698838,0.0,0.0,0.0,7.895903883687481,69.05330483812403
2606,199.7853,0.16813745514655695,4.560073223942636,90.79422577914076,228.0036611971318,0.0,0.0,0.0,10.123698087383701,71.1133648981841
2607,183.1354,0.119317482777332,4.778239527854384,64.43144069975929,238.91197639271923,0.0,0.0,0.0,11.3191282035896,73.17342495824417
2608,166.4889,0.06511407748653958,5.155028355212354,35.16160184273137,257.7514177606177,0.0,0.0,0.0,17.535230714460198,75.23348501830424
2609,133.189,0.020886674389632823,5.872339697738553,11.278804170401726,293.61698488692764,0.0,0.0,0.0,62.817900168440474,77.2935450783643
2610,183.1354,0.0,6.8451305997837855,0.0,342.2565299891893,0.0,0.0,0.0,50.2322411003004,79.35360513842437
2611,199.7853,0.0,7.764758763984555,0.0,388.23793819922776,0.0,0.0,0.0,79.56374931033886,81.41366519848444
2612,183.1354,0.0,8.667967947190293,0.0,433.39839735951466,0.0,0.0,0.0,141.37410847062577,83.4737252585445
2613,149.839,0.0,8.853298380178707,0.0,442.6649190089353,0.0,0.0,0.0,183.93703012004644,85.53378531860457
2614,99.8926,0.0,8.257611868734696,0.0,412.8805934367348,0.0,0.0,0.0,204.09910454784588,87.59384537866464
2615,66.5962,0.0,7.662707734309983,0.0,383.1353867154991,0.0,0.0,0.0,207.65029782661023,89.6539054387247
2616,49.9463,0.0,7.05977039369884,0.0,352.988519684942,0.0,0.0,0.0,194.1533307960531,91.71396549878477
2617,39.9557,0.0,6.446043917167127,0.0,322.30219585835636,0.0,0.0,0.0,173.4576069694675,93.77402555884484
2618,33.2964,0.0,5.646282317096524,0.0,282.31411585482624,0.0,0.0,0.0,140.12882696593735,95.83408561890491
2619,26.6371,0.0,5.222682283984556,0.0,261.1341141992278,0.0,0.0,0.0,125.60812531033889,97.89414567896497
2620,26.6371,0.0,5.200073720339769,0.0,260.00368601698847,0.0,0.0,0.0,124.47769712809958,99.95420573902504
2621,33.2964,0.0016126186086143155,5.068800012425814,0.8708140486517304,253.4400006212907,0.0,0.0,0.0,112.12552578105354,102.01426579908511
2622,83.2427,0.026673719934925087,4.855370625482626,14.403808764859548,242.7685312741313,0.0,0.0,0.0,65.04075115010195,104.07432585914518
2623,133.189,0.07137104267045022,4.608047701321566,38.54036304204312,230.4023850660783,0.0,0.0,0.0,26.864859219232528,106.13438591920524
2624,166.4889,0.11542042922935053,4.56904646869498,62.327031783849286,228.452323434749,0.0,0.0,0.0,15.401566329709368,108.19444597926531
2625,199.7853,0.15138343307278215,4.852271653312741,81.74705385930237,242.61358266563704,0.0,0.0,0.0,15.68644763605053,110.25450603932538
2626,233.0817,0.18685482142325677,5.343139143413127,100.90160356855866,267.1569571706563,0.0,0.0,0.0,26.087971850326056,112.31456609938544
2627,249.7316,0.21664636770573648,5.521838989096525,116.98903856109769,276.09194945482625,0.0,0.0,0.0,34.460499127035064,114.37462615944551
2628,249.7316,0.20983860793291775,5.555311263382238,113.3128482837756,277.76556316911194,0.0,0.0,0.0,32.457922563998636,116.43468621950558
2629,216.4318,0.19118157659764448,5.656444024904578,103.23805136272802,282.82220124522894,0.0,0.0,0.0,60.73956371906806,118.49474627956565
2630,199.7853,0.15812599037357225,5.72787823945284,85.38803480172902,286.393911972642,0.0,0.0,0.0,63.10775788548213,120.55480633962571
2631,183.1354,0.11312214703083939,5.762080817985658,61.08595939665327,288.1040408992829,0.0,0.0,0.0,57.16571140704727,122.61486639968578
2632,166.4889,0.06271624868697566,5.823949195931607,33.86677429096686,291.19745979658035,0.0,0.0,0.0,49.68644519865833,124.67492645974585
2633,133.189,0.02036016748549875,6.04358024433315,10.994490442169326,302.1790122166575,0.0,0.0,0.0,71.09561376993793,126.73498651980591
2634,183.1354,0.0,6.8527275984555995,0.0,342.63637992277995,0.0,0.0,0.0,50.61209103389106,128.79504657986598
2635,199.7853,0.0,7.699351444015445,0.0,384.9675722007722,0.0,0.0,0.0,76.29338331188333,130.85510663992605
2636,183.1354,0.0,8.172771221498069,0.0,408.63856107490346,0.0,0.0,0.0,116.61427218601457,132.91516669998612
2637,149.839,0.0,7.678980694980695,0.0,383.94903474903475,0.0,0.0,0.0,125.22114586014587,134.97522676004618
2638,99.8926,0.0,6.894601848904578,0.0,344.73009244522893,0.0,0.0,0.0,135.94860355634003,137.03528682010625
2639,66.5962,0.0,6.21058765788417,0.0,310.5293828942085,0.0,0.0,0.0,135.04429400531959,139.09534688016632
2640,49.9463,0.0,5.320226616339769,0.0,266.01133081698845,0.0,0.0,0.0,107.17614192809955,141.15540694022638
2641,39.9557,0.0,4.423748277127413,0.0,221.18741385637065,0.0,0.0,0.0,72.34282496748176,143.21546700028645
2642,33.2964,0.0,3.62832108164589,0.0,181.41605408229452,0.0,0.0,0.0,39.23076519340563,145.27552706034652
2643,26.6371,0.0,3.2682370965250964,0.0,163.41185482625482,0.0,0.0,0.0,27.885865937365935,147.3355871204066
2644,26.6371,0.0,3.143044097306122,0.0,157.1522048653061,0.0,0.0,0.0,21.6262159764172,149.39564718046665
2645,33.2964,0.0018642924910685413,3.0490899062327634,1.0067179451770123,152.45449531163817,0.0,0.0,0.0,11.27592436792628,151.45570724052672
2646,83.2427,0.02844519933832352,2.912189454402648,15.360407642694701,145.6094727201324,0.0,0.0,0.0,11.27592436792628,152.92622146360722
2647,133.189,0.07390142972020963,2.956665943510205,39.906772048913204,147.83329717551027,0.0,0.0,0.0,11.27592436792628,153.95826871920443
2648,166.4889,0.11998943051961018,3.085044355212354,64.7942924805895,154.2522177606177,0.0,0.0,0.0,11.27592436792628,154.95260188592997
2649,199.7853,0.15265052418027872,3.0754343282868177,82.4312830573505,153.7717164143409,0.0,0.0,0.0,11.27592436792628,155.64158538944844
2650,233.0817,0.15470661457452564,3.1503350852906777,83.54157187024386,157.5167542645339,0.0,0.0,0.0,11.27592436792628,155.79249453253883
2651,249.7316,0.15280180167593557,3.4062382305570864,82.51297290500521,170.3119115278543,0.0,0.0,0.0,11.27592436792628,155.85101612991724
2652,249.7316,0.14361539225958123,3.9705891128339754,77.55231182017387,198.52945564169877,0.0,0.0,0.0,11.27592436792628,156.34953281162834
2653,216.4318,0.13427667387637773,4.596027027027027,72.50940389324398,229.80135135135134,0.0,0.0,0.0,11.27592436792628,157.9742698027423
2654,199.7853,0.12296667400514741,5.187180262548261,66.4020039627796,259.35901312741305,0.0,0.0,0.0,17.086828201303746,160.03432986280237
2655,183.1354,0.08734996770787669,5.508483402872589,47.16898256225341,275.42417014362945,0.0,0.0,0.0,30.568863816993968,162.09438992286243
2656,166.4889,0.04980479328462411,5.541908063699946,26.89458837369702,277.0954031849973,0.0,0.0,0.0,28.61220266980544,164.1544499829225
2657,133.189,0.01712201199230857,5.680196622402646,9.24588647584663,284.00983112013233,0.0,0.0,0.0,51.1778287070901,166.21451004298257
2658,183.1354,0.0,6.04358024433315,0.0,302.1790122166575,0.0,0.0,0.0,10.154723327768608,168.27457010304263
2659,199.7853,0.0,6.515861003861005,0.0,325.79305019305025,0.0,0.0,0.0,17.118861304161356,170.3346301631027
2660,183.1354,0.0,7.013439462301157,0.0,350.6719731150579,0.0,0.0,0.0,58.64768422616899,172.39469022316277
2661,149.839,0.0,7.341639938965249,0.0,367.0819969482625,0.0,0.0,0.0,108.3541080593736,174.45475028322284
2662,99.8926,0.0,7.32580507633315,0.0,366.2902538166575,0.0,0.0,0.0,157.50876492776862,176.5148103432829
2663,66.5962,0.0,6.829951820108109,0.0,341.49759100540547,0.0,0.0,0.0,166.01250211651657,178.57487040334297
2664,49.9463,0.0,6.160557206239381,0.0,308.02786031196905,0.0,0.0,0.0,149.19267142308016,180.63493046340304
2665,39.9557,0.0,5.792966137822394,0.0,289.6483068911197,0.0,0.0,0.0,140.80371800223082,182.6949905234631
2666,33.2964,0.0,5.478502861167126,0.0,273.9251430583563,0.0,0.0,0.0,131.7398541694674,184.75505058352317
2667,26.6371,0.0,5.062446426510755,0.0,253.12232132553777,0.0,0.0,0.0,117.59633243664888,186.81511064358324
2668,26.6371,0.0,4.491614393822394,0.0,224.58071969111967,0.0,0.0,0.0,89.05473080223078,188.8751707036433
2669,33.2964,0.001549015116038612,3.951273524138996,0.8364681626608506,197.5636762069498,0.0,0.0,0.0,56.21485548072175,190.93523076370337
2670,83.2427,0.022797201296938657,3.8013445060694986,12.310488700346875,190.06722530347494,0.0,0.0,0.0,10.246125114932923,192.99529082376344
2671,133.189,0.06104513588144231,3.874539843953669,32.964373375978845,193.72699219768344,0.0,0.0,0.0,10.246125114932923,194.76425449677868
2672,166.4889,0.10298164148965029,4.163833830618863,55.610086404411156,208.19169153094316,0.0,0.0,0.0,10.246125114932923,196.6053089442043
2673,199.7853,0.14376962485950037,4.260971523212356,77.63559742413021,213.04857616061778,0.0,0.0,0.0,10.246125114932923,198.3250173633752
2674,233.0817,0.1639728681860586,4.098842308271373,88.54534882047165,204.94211541356867,0.0,0.0,0.0,10.246125114932923,199.46782911915435
2675,249.7316,0.16957765527047725,3.8881803702857147,91.57193384605772,194.40901851428575,0.0,0.0,0.0,10.246125114932923,200.15362767732302
2676,249.7316,0.17119193633673307,3.6204434409972417,92.44364562183586,181.0221720498621,0.0,0.0,0.0,10.246125114932923,200.60265341705784
2677,216.4318,0.15834835592500301,3.388501006402647,85.50811219950164,169.42505032013236,0.0,0.0,0.0,10.246125114932923,201.3310575728347
2678,199.7853,0.14356535156051184,3.3783882309189197,77.5252898426764,168.919411545946,0.0,0.0,0.0,10.246125114932923,202.21380300451136
2679,183.1354,0.1007141909710715,3.6362082172399335,54.38566312437861,181.81041086199667,0.0,0.0,0.0,10.246125114932923,203.21765359344278
2680,166.4889,0.05963934763537915,4.098842308271373,32.20524772310474,204.94211541356867,0.0,0.0,0.0,10.246125114932923,204.55443532846093
2681,133.189,0.01995040782004197,4.662364414270272,10.773220222822665,233.11822071351358,0.0,0.0,0.0,1.8135520474473594,206.614495388521
2682,183.1354,0.0,5.422135139653612,0.0,271.1067569826806,0.0,0.0,0.0,1.8135520474473594,208.2788183584636
2683,199.7853,0.0,6.121416566433537,0.0,306.07082832167686,0.0,0.0,0.0,1.8135520474473594,210.28962565103586
2684,183.1354,0.0,6.508490618140099,0.0,325.42453090700496,0.0,0.0,0.0,33.400242018116074,212.34968571109593
2685,149.839,0.0,6.2644596559426375,0.0,313.22298279713186,0.0,0.0,0.0,54.49509390824298,214.409745771156
2686,99.8926,0.0,5.844658943293987,0.0,292.23294716469934,0.0,0.0,0.0,83.45145827581044,216.46980583121606
2687,66.5962,0.0,5.385844208750137,0.0,269.29221043750687,0.0,0.0,0.0,93.80712154861797,218.52986589127613
2688,49.9463,0.0,4.861572007607281,0.0,243.07860038036404,0.0,0.0,0.0,84.24341149147514,220.5899259513362
2689,39.9557,0.0,4.3129133675102045,0.0,215.6456683755102,0.0,0.0,0.0,66.80107948662132,222.64998601139627
2690,33.2964,0.0,3.7102803919426353,0.0,185.51401959713175,0.0,0.0,0.0,43.32873070824286,224.71004607145633
2691,26.6371,0.0,3.3986303466254837,0.0,169.9315173312742,0.0,0.0,0.0,34.405528442385304,226.7701061315164
2692,26.6371,0.0,3.2311400992829564,0.0,161.5570049641478,0.0,0.0,0.0,26.03101607525892,228.83016619157647
2693,33.2964,0.0019843753052965984,3.1260672835918366,1.0715626648601633,156.30336417959182,0.0,0.0,0.0,15.189637955563086,230.89022625163653
2694,83.2427,0.028210301161143692,3.0610495355763923,15.233562627017596,153.05247677881962,0.0,0.0,0.0,15.189637955563086,232.49915429444968
2695,133.189,0.07336219424496614,2.89356992402427,39.61558489228171,144.67849620121348,0.0,0.0,0.0,15.189637955563086,233.4660071800023
2696,166.4889,0.12597077630597966,2.681749041667954,68.02421920522902,134.0874520833977,0.0,0.0,0.0,15.189637955563086,234.139951501679
2697,199.7853,0.16336180283398816,2.501964716302262,88.2153735303536,125.0982358151131,0.0,0.0,0.0,15.189637955563086,234.39589248929593
2698,233.0817,0.18637156268208604,2.3369114613480417,100.64064384832646,116.84557306740209,15.595483084271452,0.0,0.0,0.0,233.35515287739926
2699,249.7316,0.20641421837697077,2.3306779305725316,111.46367792356422,116.53389652862658,21.734025547809182,0.0,0.0,0.0,231.90476745545672
2700,249.7316,0.20117407178238497,2.4633634513756197,108.63399876248788,123.16817256878099,17.929428668731106,0.0,0.0,0.0,230.70827571913833
2701,216.4318,0.18785430252310312,2.6240419062327645,101.44132336247569,131.20209531163823,0.0,0.0,0.0,0.0,231.01498201837833
2702,199.7853,0.15903569616169028,2.663923160710425,85.87927592731275,133.19615803552125,0.0,0.0,0.0,0.0,231.37993049875627
2703,183.1354,0.11159958434798528,2.602021096525096,60.263775547912054,130.1010548262548,0.0,0.0,0.0,0.0,231.5167035058351
2704,166.4889,0.06195719608714699,2.6240419062327645,33.45688588705938,131.20209531163823,1.829918801302398,0.0,0.0,0.0,231.39458680237814
2705,133.189,0.020976840986560448,2.8542141056988415,11.327494132742643,142.71070528494207,0.0,0.0,0.0,0.0,231.7890311156857
2706,183.1354,0.0,3.3910317879845566,0.0,169.55158939922782,13.583810600772182,0.0,0.0,0.0,230.88253724843364
2707,199.7853,0.0,4.14965598492664,0.0,207.482799246332,0.0,0.0,0.0,0.0,231.02816561255344
2708,183.1354,0.0,4.741470009645892,0.0,237.07350048229458,0.0,0.0,0.0,0.0,232.04861616221848
2709,149.839,0.0,4.842981609831218,0.0,242.1490804915609,0.0,0.0,0.0,0.0,233.7950230904372
2710,99.8926,0.0,4.695738518239382,0.0,234.7869259119691,0.0,0.0,0.0,26.00543702308019,235.85508315049728
2711,66.5962,0.0,4.611055691119692,0.0,230.55278455598457,0.0,0.0,0.0,55.067695667095705,237.91514321055735
2712,49.9463,0.0,4.593024678618863,0.0,229.65123393094316,0.0,0.0,0.0,70.81604504205427,239.9752032706174
2713,39.9557,0.0,4.54514031945284,0.0,227.257015972642,0.0,0.0,0.0,78.4124270837531,242.03526333067748
2714,33.2964,0.0,4.551110107004963,0.0,227.55550535024813,0.0,0.0,0.0,85.37021646135923,244.09532339073755
2715,26.6371,0.0,4.143992516271373,0.0,207.19962581356864,0.0,0.0,0.0,71.67363692467976,246.15538345079761
2716,26.6371,0.0,3.6388393734142315,0.0,181.94196867071156,0.0,0.0,0.0,46.41597978182267,248.21544351085768
2717,33.2964,0.0023035477993896417,3.250896504339769,1.2439158116704065,162.54482521698844,0.0,0.0,0.0,21.603452139769956,250.27550357091775
2718,83.2427,0.03339265697195643,2.7809067093215663,18.032034764856473,139.0453354660783,0.0,0.0,0.0,21.603452139769956,251.67237571042193
2719,133.189,0.08638923582594518,2.3577509320154437,46.6501873460104,117.88754660077218,0.0,0.0,0.0,21.603452139769956,252.26545986617188
2720,166.4889,0.14208264518282437,2.068588605564258,76.72462839872517,103.42943027821289,0.0,0.0,0.0,21.603452139769956,252.52398989519503
2721,199.7853,0.1822162611382832,2.09606616491561,98.39678101467294,104.8033082457805,0.0,0.0,0.0,21.603452139769956,252.58859401633873
2722,233.0817,0.2135042484979238,2.279059550429122,115.29229418887886,113.9529775214561,3.8364282896650366,0.0,0.0,0.0,252.3325761124572
2723,249.7316,0.21915423915760496,2.3954991577804736,118.34328914510667,119.77495788902368,11.613352965869638,0.0,0.0,0.0,251.5575775828696
2724,249.7316,0.2071377321665456,2.514900505239933,111.85437536993463,125.74502526199664,12.132199368068711,0.0,0.0,0.0,250.7479546687509
2725,216.4318,0.18191755262868575,2.666147996169883,98.2354784194903,133.30739980849415,0.0,0.0,0.0,0.0,251.0338399325236
2726,199.7853,0.149401531141152,2.7900150157837844,80.67682681622209,139.50075078918923,0.0,0.0,0.0,0.0,251.41963977911246
2727,183.1354,0.1047074542821898,2.851907964116934,56.5420253123825,142.5953982058467,0.0,0.0,0.0,0.0,251.72238076459246
2728,166.4889,0.06305762472291249,3.135762238270269,34.05111735037274,156.78811191351346,0.0,0.0,0.0,0.0,252.1830626695849
2729,133.189,0.02112664613214616,4.034428261348042,11.408388911358928,201.7214130674021,0.0,0.0,0.0,0.0,253.69545622053442
2730,183.1354,0.0,5.402322354232765,0.0,270.11611771163825,0.0,0.0,0.0,0.0,255.34103736643027
2731,199.7853,0.0,6.788314698448978,0.0,339.4157349224489,0.0,0.0,0.0,30.741546033560013,257.4010974264903
2732,183.1354,0.0,8.06747305668836,0.0,403.373652834418,0.0,0.0,0.0,111.34936394552912,259.46115748655035
2733,149.839,0.0,8.619826902309983,0.0,430.99134511549914,0.0,0.0,0.0,172.26345622661026,261.5212175466104
2734,99.8926,0.0,8.659202773498071,0.0,432.9601386749036,0.0,0.0,0.0,224.1786497860147,263.5812776066704
2735,66.5962,0.0,8.72067351919691,0.0,436.0336759598455,0.0,0.0,0.0,260.5485870709566,265.64133766673046
2736,49.9463,0.0,8.415984128000002,0.0,420.79920640000006,0.0,0.0,0.0,261.96401751111114,267.7013977267905
2737,39.9557,0.0,7.695274666572531,0.0,384.76373332862653,0.0,0.0,0.0,235.91914443973766,269.76145778685054
2738,33.2964,0.0,6.597265524915609,0.0,329.86327624578047,0.0,0.0,0.0,187.67798735689158,271.8215178469106
2739,26.6371,0.0,5.615861837837836,0.0,280.79309189189183,0.0,0.0,0.0,145.26710300300294,273.8815779069706
2740,26.6371,0.0,4.9865647799845565,0.0,249.32823899922784,0.0,0.0,0.0,113.80225011033895,275.94163796703066
2741,33.2964,0.0024762610555571244,4.432566857142856,1.3371809700008472,221.6283428571428,0.0,0.0,0.0,80.78023493825475,278.0016980270907
2742,83.2427,0.034615298342770696,3.9375090916183124,18.69226110509618,196.87545458091563,0.0,0.0,0.0,23.43612679712291,280.06175808715074
2743,133.189,0.08720449248184392,3.589027713482626,47.090425940195715,179.4513856741313,0.0,0.0,0.0,23.43612679712291,281.8278923609353
2744,166.4889,0.14560656554404183,3.3080614765714285,78.62754539378258,165.40307382857142,0.0,0.0,0.0,23.43612679712291,283.29489785973664
2745,199.7853,0.18901287127562824,2.9731427417804746,102.06695048883925,148.65713708902373,0.0,0.0,0.0,23.43612679712291,284.25860465175026
2746,233.0817,0.21426775885634505,2.6108178313601766,115.70458978242632,130.54089156800885,0.0,0.0,0.0,23.43612679712291,284.5076491637855
2747,249.7316,0.22197663147529428,2.2585755836999444,119.86738099665892,112.92877918499723,16.935439818343838,0.0,0.0,0.0,283.3774896830819
2748,249.7316,0.21445135902745247,2.084268182804192,115.80373387482433,104.2134091402096,29.714456984966063,0.0,0.0,0.0,281.3945429373384
2749,216.4318,0.1945666588873572,2.0980356905725315,105.06599579917288,104.90178452862658,6.46401967220055,0.0,0.0,0.0,280.96317692651417
2750,199.7853,0.1583759950792699,2.3244528405956975,85.52303734280574,116.22264202978488,0.0,0.0,0.0,0.0,281.00026518491455
2751,183.1354,0.11309740249788768,2.7672736966883607,61.07259734885935,138.36368483441802,0.0,0.0,0.0,0.0,281.30866025324684
2752,166.4889,0.0628113289441248,3.5163127341467177,33.9181176298274,175.8156367073359,0.0,0.0,0.0,0.0,282.1268061461121
2753,133.189,0.020806289297400894,4.596027027027027,11.235396220596483,229.80135135135134,0.0,0.0,0.0,0.0,284.1671689380138
2754,183.1354,0.0,5.997864179715389,0.0,299.89320898576943,0.0,0.0,0.0,7.868920096880544,286.2272289980738
2755,199.7853,0.0,7.219460840595697,0.0,360.97304202978484,0.0,0.0,0.0,52.29885314089594,288.28728905813387
2756,183.1354,0.0,7.732012994047436,0.0,386.60064970237175,0.0,0.0,0.0,94.57636081348286,290.3473491181939
2757,149.839,0.0,7.1529856434903465,0.0,357.64928217451734,0.0,0.0,0.0,98.92139328562845,292.40740917825394
2758,99.8926,0.0,6.217754561306121,0.0,310.887728065306,0.0,0.0,0.0,102.10623917641712,294.467469238314
2759,66.5962,0.0,5.425441411035852,0.0,271.2720705517926,0.0,0.0,0.0,95.78698166290368,296.527529298374
2760,49.9463,0.0,4.799764237414231,0.0,239.98821187071155,0.0,0.0,0.0,81.15302298182266,298.58758935843406
2761,39.9557,0.0,4.180883432525096,0.0,209.0441716262548,0.0,0.0,0.0,60.199582737365915,300.6476494184941
2762,33.2964,0.0,3.7156030532906796,0.0,185.78015266453397,0.0,0.0,0.0,43.59486377564508,302.70770947855414
2763,26.6371,0.0,3.5292372794528397,0.0,176.461863972642,0.0,0.0,0.0,40.9358750837531,304.7677695386142
2764,26.6371,0.0,3.4393136260165478,0.0,171.96568130082738,0.0,0.0,0.0,36.439692411938495,306.8278295986742
2765,33.2964,0.0025601351316978005,3.2558458378378377,1.3824729711168122,162.7922918918919,0.0,0.0,0.0,21.989475974119813,308.88788965873425
2766,83.2427,0.035279100146865465,3.046700999413127,19.05071407930735,152.33504997065634,0.0,0.0,0.0,21.989475974119813,310.5554611407606
2767,133.189,0.0883822389057364,2.652813539618313,47.72640900909766,132.64067698091563,0.0,0.0,0.0,21.989475974119813,311.44801952435546
2768,166.4889,0.14410033337144637,2.3369114613480417,77.81418002058105,116.84557306740209,0.0,0.0,0.0,21.989475974119813,311.9809816098038
2769,199.7853,0.1879512111635158,1.9509397481478217,101.49365402829852,97.54698740739109,0.7446585643103845,0.0,0.0,0.0,311.9312880119185
2770,233.0817,0.2145555075503462,1.6160964369156094,115.85997407718693,80.80482184578047,36.4169040770326,0.0,0.0,0.0,309.50106418295405
2771,249.7316,0.2219892303471575,1.488023734433536,119.87418438746506,74.40118672167681,55.456228890858114,0.0,0.0,0.0,305.80028147418807
2772,249.7316,0.21438526547654038,1.6074090181400995,115.76804335733182,80.37045090700498,53.59310573566319,0.0,0.0,0.0,302.22383130831133
2773,216.4318,0.19484937911557904,1.8384774224555978,105.21866472241268,91.92387112277989,19.289264154807427,0.0,0.0,0.0,300.93659312647566
2774,199.7853,0.17057832215532903,2.103949749445118,92.11229396387768,105.1974874722559,2.4755185638664443,0.0,0.0,0.0,300.77139335578056
2775,183.1354,0.12002296621425391,2.4208345632123556,64.81240175569712,121.04172816061778,0.0,0.0,0.0,0.0,300.82282878662977
2776,166.4889,0.06701408211596736,2.724335126309984,36.18760434262238,136.2167563154992,0.0,0.0,0.0,0.0,300.9347429071888
2777,133.189,0.02269642705566963,3.046700999413127,12.2560706100616,152.33504997065634,0.0,0.0,0.0,0.0,301.52883708033755
2778,183.1354,0.0,3.6388393734142315,0.0,181.94196867071156,1.193431329288444,0.0,0.0,0.0,301.449195349988
2779,199.7853,0.0,4.146823702980696,0.0,207.3411851490348,0.0,0.0,0.0,0.0,301.59214452848323
2780,183.1354,0.0,4.324504687020407,0.0,216.22523435102033,0.0,0.0,0.0,0.0,302.21816842161064
2781,149.839,0.0,4.272483207942637,0.0,213.62416039713185,0.0,0.0,0.0,0.0,303.4249146993942
2782,99.8926,0.0,4.235134778881411,0.0,211.75673894407058,0.0,0.0,0.0,2.9752500551816894,305.48497475945425
2783,66.5962,0.0,4.175195843035852,0.0,208.75979215179262,0.0,0.0,0.0,33.27470326290373,307.5450348195143
2784,49.9463,0.0,3.8772657994131263,0.0,193.86328997065633,0.0,0.0,0.0,35.02810108176743,309.6050948795743
2785,39.9557,0.0,3.323063454711528,0.0,166.1531727355764,0.0,0.0,0.0,17.308583846687497,311.66515493963436
2786,33.2964,0.0,2.6884497856458918,0.0,134.42248928229458,0.0,0.0,0.0,17.308583846687497,313.5783512233534
2787,26.6371,0.0,1.960456807077772,0.0,98.0228403538886,0.0,0.0,0.0,17.308583846687497,314.92889225707563
2788,26.6371,0.0,1.3938629528428017,0.0,69.69314764214009,0.0,0.0,0.0,17.308583846687497,315.7434661313864
2789,33.2964,0.002649014308701967,1.0008315145107554,1.4304677266990624,50.04157572553777,0.0,0.0,0.0,17.308583846687497,316.0873296561585
2790,83.2427,0.03461887718926814,0.8345141476183118,18.694193682204798,41.72570738091559,22.822798936879614,0.0,0.0,0.0,314.5642866840611
2791,133.189,0.08791932127631424,0.7344183430777715,47.47643348920969,36.72091715388858,48.99164935690172,0.0,0.0,0.0,311.2949073475978
2792,166.4889,0.14181012328088127,0.7053679651583014,76.57746657167588,35.26839825791507,54.64303517040905,0.0,0.0,0.0,307.64839182071034
2793,199.7853,0.18804497245332832,0.6729926635102038,101.5442851247973,33.64963317551019,64.59138169969253,0.0,0.0,0.0,303.33798930488166
2794,233.0817,0.21804476130417896,0.5693692046332047,117.74417110425664,28.468460231660238,77.4,9.469068664083125,0.0,0.0,298.1728241397165
2795,249.7316,0.2269842293542351,0.49113401356425807,122.57148385128694,24.556700678212902,77.4,25.203415470500147,0.0,0.0,293.00765897455136
2796,249.7316,0.21802280259602377,0.49000749541312766,117.73231340185285,24.500374770656382,77.4,30.098911827490753,0.0,0.0,287.8424938093862
2797,216.4318,0.20184893727016603,0.5953756278610038,108.99842612588965,29.76878139305019,77.4,0.0,0.26459248106016275,0.0,282.67732864422106
2798,199.7853,0.16746947624869796,0.8028428578312187,90.4335171742969,40.14214289156094,69.20963993414216,0.0,0.0,0.0,278.0587340540214
2799,183.1354,0.11914752427837014,1.196762134309983,64.33966311031988,59.83810671549915,58.95763017418097,0.0,0.0,0.0,274.12429093262125
2800,166.4889,0.06705359395444992,1.7112935657760624,36.208940735402955,85.56467828880312,44.71528097579392,0.0,0.0,0.0,271.1402881981672
2801,133.189,0.023031297943218336,2.2770069606795373,12.436900889337902,113.85034803397687,6.9017510766852155,0.0,0.0,0.0,270.67971088240574
2802,183.1354,0.0,2.933212455854384,0.0,146.6606227927192,36.474777207280795,0.0,0.0,0.0,268.24562498268733
2803,199.7853,0.0,3.62832108164589,0.0,181.41605408229452,18.369245917705484,0.0,0.0,0.0,267.0197827459369
2804,183.1354,0.0,4.081983074841698,0.0,204.09915374208492,0.0,0.0,0.0,0.0,267.4163943032196
2805,149.839,0.0,3.9128010944247094,0.0,195.64005472123546,0.0,0.0,0.0,0.0,268.2829007438916
2806,99.8926,0.0,3.4905420585372307,0.0,174.52710292686155,0.0,0.0,0.0,0.0,269.69490485331875
2807,66.5962,0.0,3.1284895024644244,0.0,156.4244751232212,0.0,0.0,0.0,0.0,271.3943587070013
2808,49.9463,0.0,2.7378565258378367,0.0,136.89282629189182,0.0,0.0,0.0,0.0,273.03929298819924
2809,39.9557,0.0,2.3099604238543856,0.0,115.49802119271928,0.0,0.0,0.0,0.0,274.46847203779123
2810,33.2964,0.0,1.8403255687413127,0.0,92.01627843706564,0.0,0.0,0.0,0.0,275.57938865687083
2811,26.6371,0.0,1.4298838277153891,0.0,71.49419138576945,0.0,0.0,0.0,0.0,276.42803633173673
2812,26.6371,0.0,1.1739623974760067,0.0,58.69811987380034,0.0,0.0,0.0,0.0,277.03459616718703
2813,33.2964,0.0027888193244142304,1.0641071106188635,1.5059624351836844,53.20535553094318,0.0,0.0,0.0,0.0,277.43974326384347
2814,83.2427,0.03372571176754551,0.9460025901467183,18.211884354474577,47.30012950733592,17.730686138189512,0.0,0.0,0.0,276.25651429232596
2815,133.189,0.08570039867685361,0.8639256973061225,46.27821528550095,43.196284865306126,43.71449984919292,0.0,0.0,0.0,273.33929708517263
2816,166.4889,0.14382570240077616,0.8398346285184775,77.66587929641913,41.991731425923874,46.83128927765699,0.0,0.0,0.0,270.21408592216585
2817,199.7853,0.18082767568820313,0.7703082769156094,97.6469448716297,38.51541384578047,63.622941282589835,0.0,0.0,0.0,265.9683107281325
2818,233.0817,0.20900223006193028,0.7242699611428569,112.86120423344235,36.21349805714284,77.4,6.606997709414799,0.0,0.0,260.80314556296736
2819,249.7316,0.22729191556475503,0.728070107004964,122.73763440496772,36.4035053502482,77.4,13.190460244784049,0.0,0.0,255.63798039780218
2820,249.7316,0.21522939299946753,0.7420604473822395,116.22387221971246,37.103022369111976,77.4,19.004705411175536,0.0,0.0,250.472815232637
2821,216.4318,0.19213409252419109,0.8133521218223935,103.75240996306319,40.66760609111967,72.01178394581714,0.0,0.0,0.0,245.66722404506163
2822,199.7853,0.1603199366690137,0.9838359740011029,86.5727658012674,49.191798700055145,64.02073549867748,0.0,0.0,0.0,241.39490269046186
2823,183.1354,0.11200874089596592,1.2228205642625485,60.48472008382161,61.14102821312743,61.50965170305096,0.0,0.0,0.0,237.29015449539673
2824,166.4889,0.060316752520110775,1.5115681849045781,32.571046360859825,75.57840924522891,58.339444393911265,0.0,0.0,0.0,233.3969650129869
2825,133.189,0.021688780216180974,1.8126961719845565,11.711941316737725,90.63480859922782,30.842250084034447,0.0,0.0,0.0,231.3387567991708
2826,183.1354,0.0,2.2118152189740763,0.0,110.59076094870382,72.54463905129619,0.0,0.0,0.0,226.49760637866387
2827,199.7853,0.0,2.6862152315763925,0.0,134.31076157881964,65.47453842118037,0.0,0.0,0.0,222.12826781201855
2828,183.1354,0.0,3.0300068037683396,0.0,151.50034018841697,31.635059811583034,0.0,0.0,0.0,220.01715270947713
2829,149.839,0.0,3.001502640926642,0.0,150.0751320463321,0.0,0.0,0.0,0.0,220.02162007251584
2830,99.8926,0.0,2.851907964116934,0.0,142.5953982058467,0.0,0.0,0.0,0.0,220.8295108493832
2831,66.5962,0.0,2.760470429158302,0.0,138.0235214579151,0.0,0.0,0.0,0.0,222.18083855264106
2832,49.9463,0.0,2.597628518548263,0.0,129.88142592741315,0.0,0.0,0.0,0.0,223.69312471883538
2833,39.9557,0.0,2.3140964324324322,0.0,115.70482162162162,0.0,0.0,0.0,0.0,225.12621620897417
2834,33.2964,0.0,2.0666327571274126,0.0,103.33163785637063,0.0,0.0,0.0,0.0,226.45120719544605
2835,26.6371,0.0,1.8644320748725864,0.0,93.22160374362932,0.0,0.0,0.0,0.0,227.7109140230282
2836,26.6371,0.0,1.7166563618312192,0.0,85.83281809156095,0.0,0.0,0.0,0.0,228.83083301394964
2837,33.2964,0.0027502357334000162,1.538679087020408,1.485127296036009,76.93395435102039,0.0,0.0,0.0,0.0,229.6845053694345
2838,83.2427,0.03426249457051117,1.4265925337804741,18.501747068076035,71.32962668902371,0.0,0.0,0.0,0.0,229.80915595402828
2839,133.189,0.08721594005547718,1.2992397106409268,47.09660762995768,64.96198553204634,21.130406837995963,0.0,0.0,0.0,228.39905206093547
2840,166.4889,0.14490655001236336,1.2166682097385553,78.24953700667622,60.83341048692776,27.405952506396034,0.0,0.0,0.0,226.57015966811625
2841,199.7853,0.18972687663373616,1.2553327374826257,102.45251338221753,62.76663687413129,34.56614974365118,0.0,0.0,0.0,224.26344296850655
2842,233.0817,0.21718336309354774,1.3954915282250417,117.27901607051578,69.77457641125208,46.02810751823216,0.0,0.0,0.0,221.19183085517776
2843,249.7316,0.22653374344889715,1.6213191877683397,122.32822146240447,81.06595938841699,46.337419149178544,0.0,0.0,0.0,218.0995773250357
2844,249.7316,0.2193001840057114,1.941445124518478,118.42209936308417,97.07225622592391,34.237244410991906,0.0,0.0,0.0,215.81480959657446
2845,216.4318,0.1942108433859338,2.2934538025372317,104.87385542840426,114.67269012686158,0.0,0.0,0.0,0.0,215.8737372151876
2846,199.7853,0.16635666782364808,2.632877290996139,89.83260062476997,131.64386454980695,0.0,0.0,0.0,0.0,216.2841106103823
2847,183.1354,0.11198184083165987,2.9778593888582456,60.47019404909633,148.8929694429123,0.0,0.0,0.0,0.0,216.7803115413122
2848,166.4889,0.06694771046231965,3.3205605517837835,36.15176364965261,166.02802758918918,0.0,0.0,0.0,0.0,217.4555446188038
2849,133.189,0.02318116540957636,3.841912127293988,12.517829321171234,192.0956063646994,0.0,0.0,0.0,0.0,218.80681772637433
2850,183.1354,0.0,4.717048061776062,0.0,235.8524030888031,0.0,0.0,0.0,0.0,219.80416643345978
2851,199.7853,0.0,5.568733532169885,0.0,278.4366766084942,0.0,0.0,0.0,0.0,221.29216545037724
2852,183.1354,0.0,6.282478704679538,0.0,314.1239352339769,0.0,0.0,0.0,22.09964634508802,223.3522255104373
2853,149.839,0.0,5.934905055382242,0.0,296.7452527691121,0.0,0.0,0.0,38.0173638802232,225.41228557049737
2854,99.8926,0.0,4.95514390338224,0.0,247.75719516911198,0.0,0.0,0.0,38.97570628022308,227.47234563055744
2855,66.5962,0.0,4.180883432525096,0.0,209.0441716262548,0.0,0.0,0.0,33.55908273736591,229.5324056906175
2856,49.9463,0.0,3.599482775510203,0.0,179.97413877551014,0.0,0.0,0.0,21.138949886621248,231.59246575067758
2857,39.9557,0.0,3.0514798191196917,0.0,152.57399095598458,0.0,0.0,0.0,3.729402067095691,233.65252581073764
2858,33.2964,0.0,2.349403868169885,0.0,117.47019340849425,0.0,0.0,0.0,3.729402067095691,235.24500298333078
2859,26.6371,0.0,1.9833894429652503,0.0,99.16947214826251,0.0,0.0,0.0,3.729402067095691,236.61723705100061
2860,26.6371,0.0,1.9018121012597908,0.0,95.09060506298954,0.0,0.0,0.0,3.729402067095691,237.91230336300313
2861,33.2964,0.0029379229624892133,1.8218838921389962,1.5864783997441751,91.09419460694981,0.0,0.0,0.0,3.729402067095691,239.03578960907572
2862,83.2427,0.03529654196330568,1.7148678929156096,19.06013266018507,85.74339464578048,0.0,0.0,0.0,3.729402067095691,239.4436971527021
2863,133.189,0.08683044617133046,1.5625793676072812,46.88844093251845,78.12896838036406,8.171590687117487,0.0,0.0,0.0,238.8983791221971
2864,166.4889,0.14354997775251288,1.4696404037683397,77.51698798635695,73.48202018841698,15.489891825226065,0.0,0.0,0.0,237.86468597403388
2865,199.7853,0.1766171351668798,1.5814752630821847,95.37325299011509,79.07376315410923,25.33828385577567,0.0,0.0,0.0,236.17377614048195
2866,233.0817,0.19232038981980787,1.8292499573480412,103.85301050269625,91.46249786740206,37.7661916299017,0.0,0.0,0.0,233.6535097654468
2867,249.7316,0.20407897260950847,2.159545136997243,110.20264520913457,107.97725684986214,31.551697941003255,0.0,0.0,0.0,231.5479576839651
2868,249.7316,0.19703283948399594,2.5105847526795366,106.3977333213578,125.52923763397683,17.804629044665347,0.0,0.0,0.0,230.3597942508877
2869,216.4318,0.17169787957556673,2.8819649672895755,92.71685497080604,144.09824836447876,0.0,0.0,0.0,0.0,230.74542431398768
2870,199.7853,0.145184153894108,3.38344254891561,78.39944310281832,169.1721274457805,0.0,0.0,0.0,0.0,231.64948889193414
2871,183.1354,0.10339740850308175,3.591639900734693,55.83460059166415,179.58199503673464,0.0,0.0,0.0,0.0,232.63859259301196
2872,166.4889,0.0595972427533553,3.673140562321015,32.182511086811864,183.65702811605075,0.0,0.0,0.0,0.0,233.57225333468773
2873,133.189,0.021314586017467087,3.8827209346188627,11.509876449432227,194.13604673094312,0.0,0.0,0.0,0.0,234.9430599894516
2874,183.1354,0.0,4.295559609645891,0.0,214.77798048229454,0.0,0.0,0.0,0.0,235.5417034039815
2875,199.7853,0.0,4.620086434841699,0.0,231.00432174208495,0.0,0.0,0.0,0.0,236.13233354504797
2876,183.1354,0.0,4.809006239382238,0.0,240.45031196911188,0.0,0.0,0.0,0.0,237.21666971743656
2877,149.839,0.0,4.671452840595696,0.0,233.5726420297848,0.0,0.0,0.0,0.0,238.80081970178384
2878,99.8926,0.0,4.450234160432432,0.0,222.5117080216216,0.0,0.0,0.0,13.7302191327327,240.8608797618439
2879,66.5962,0.0,4.155323835375622,0.0,207.7661917687811,0.0,0.0,0.0,32.281102879892245,242.92093982190397
2880,49.9463,0.0,3.7235950107181477,0.0,186.17975053590737,0.0,0.0,0.0,27.34456164701848,244.98099988196404
2881,39.9557,0.0,3.1722628801235526,0.0,158.61314400617763,0.0,0.0,0.0,9.768555117288741,247.0410599420241
2882,33.2964,0.0,2.5669883841235515,0.0,128.34941920617757,0.0,0.0,0.0,9.768555117288741,248.83936030538422
2883,26.6371,0.0,2.0471242944247106,0.0,102.35621472123553,0.0,0.0,0.0,9.768555117288741,250.2718840974076
2884,26.6371,0.0,1.6775107590777716,0.0,83.87553795388858,0.0,0.0,0.0,9.768555117288741,251.35477346410278
2885,33.2964,0.0030402349609118507,1.4249481389961387,1.6417268788923993,71.24740694980693,0.0,0.0,0.0,9.768555117288741,252.10382518518628
2886,83.2427,0.033880598225523015,1.2105287633756205,18.295523041782427,60.52643816878103,4.420738789436541,0.0,0.0,0.0,251.80881425496028
2887,133.189,0.08450410144497782,1.0022528474440158,45.632214780288024,50.11264237220079,37.44414284751119,0.0,0.0,0.0,249.3100392901614
2888,166.4889,0.1360072463252528,0.7910769325184774,73.44391301563651,39.553846625923875,53.49114035843962,0.0,0.0,0.0,245.74039362059585
2889,199.7853,0.17998835866049237,0.7369627733215665,97.19371367666588,36.84813866607832,65.74344765725581,0.0,0.0,0.0,241.35310982631785
2890,233.0817,0.20248393867651818,0.8252321809156096,109.34132688531982,41.26160904578048,77.4,5.078764068899716,0.0,0.0,236.18794466115267
2891,249.7316,0.20913079521180783,1.0050978416679537,112.93062941437623,50.254892083397685,77.4,9.146078502226061,0.0,0.0,231.0227794959875
2892,249.7316,0.1990464530418124,1.2678124192123554,107.4850846425787,63.390620960617774,77.4,1.455894396803501,0.0,0.0,225.85761433082232
2893,216.4318,0.18922453206772794,1.6352843382327633,102.18124731657309,81.76421691163817,32.48633577178873,0.0,0.0,0.0,223.6896906890613
2894,199.7853,0.16202949288802138,2.0315829105879755,87.49592615953155,101.57914552939877,10.71022831106967,0.0,0.0,0.0,222.97496073837263
2895,183.1354,0.11517366443084331,2.418718076116933,62.193778792655394,120.93590380584665,0.005717401497975061,0.0,0.0,0.0,222.97457919673113
2896,166.4889,0.06300071454363412,2.785458898285713,34.02038585356242,139.27294491428566,0.0,0.0,0.0,0.0,223.10331167071743
2897,133.189,0.023547496358347186,3.138188510640927,12.715648033507481,156.90942553204636,0.0,0.0,0.0,0.0,223.79264279222792
2898,183.1354,0.0,3.6178196697804754,0.0,180.89098348902377,2.2444165109762366,0.0,0.0,0.0,223.64286524728456
2899,199.7853,0.0,4.001049316147821,0.0,200.05246580739106,0.0,0.0,0.0,0.0,223.6479197355325
2900,183.1354,0.0,4.41200578742857,0.0,220.60028937142852,0.0,0.0,0.0,0.0,224.35671493985683
2901,149.839,0.0,4.593024678618863,0.0,229.65123393094316,0.0,0.0,0.0,0.0,225.86667612233413
2902,99.8926,0.0,4.732303249862107,0.0,236.61516249310534,0.0,0.0,0.0,27.833673604216443,227.9267361823942
2903,66.5962,0.0,4.917590980694979,0.0,245.87954903474895,0.0,0.0,0.0,70.39446014586005,229.98679624245426
2904,49.9463,0.0,4.889534992555985,0.0,244.47674962779925,0.0,0.0,0.0,85.64156073891036,232.04685630251433
2905,39.9557,0.0,4.462034709321567,0.0,223.10173546607834,0.0,0.0,0.0,74.25714657718945,234.1069163625744
2906,33.2964,0.0,3.659926650881413,0.0,182.99633254407064,0.0,0.0,0.0,40.81104365518175,236.16697642263446
2907,26.6371,0.0,2.7175876110049644,0.0,135.87938055024821,0.0,0.0,0.0,0.35339166135932487,238.22703648269453
2908,26.6371,0.0,1.776165461250965,0.0,88.80827306254825,0.0,0.0,0.0,0.35339166135932487,239.40324786495896
2909,33.2964,0.003131818831225018,1.2028725868725867,1.6911821688615098,60.143629343629335,0.0,0.0,0.0,0.35339166135932487,239.94316375843852
2910,83.2427,0.03460395645320298,0.7548561241169331,18.68613648472961,37.742806205846655,26.813757309423735,0.0,0.0,0.0,238.15379056461646
2911,133.189,0.0833112969723063,0.5564941470358522,44.9881003650454,27.82470735179261,60.37619228316199,0.0,0.0,0.0,234.12468197047818
2912,166.4889,0.13673831963559208,0.5576610876999447,73.83869260321971,27.883054384997237,64.76715301178305,0.0,0.0,0.0,229.80254963735953
2913,199.7853,0.17790254773270586,0.6157067369972424,96.06737577566116,30.785336849862123,72.93258737447673,0.0,0.0,0.0,224.93551010619657
2914,233.0817,0.20020769469823446,0.6953540166883622,108.11215513704661,34.76770083441811,77.4,12.801844028535271,0.0,0.0,219.7703449410314
2915,249.7316,0.2138313584663493,0.9046215936988415,115.46893357182861,45.231079684942074,77.4,11.631586743229292,0.0,0.0,214.60517977586622
2916,249.7316,0.20444135001563768,1.2522209418378376,110.39832900844435,62.611047091891884,76.72222389966376,0.0,0.0,0.0,209.48524491436046
2917,216.4318,0.19135450892463554,1.6405354665372316,103.3314348193032,82.02677332686157,31.073591853835243,0.0,0.0,0.0,207.4115984776681
2918,199.7853,0.16379514953448265,1.9872241532399342,88.44938074862063,99.36120766199672,11.97471158938265,0.0,0.0,0.0,206.61248525849007
2919,183.1354,0.11675980209474288,2.225994683128516,63.050293131161155,111.2997341564258,8.78537271241305,0.0,0.0,0.0,206.02620746653724
2920,166.4889,0.06624282769154406,2.3997122711439607,35.77112695343379,119.98561355719804,10.732159489368172,0.0,0.0,0.0,205.31001397375326
2921,133.189,0.024339041508030804,2.7401135130899057,13.143082414336634,137.0056756544953,0.0,0.0,0.0,0.0,205.63087426154198
2922,183.1354,0.0,3.3682920066188635,0.0,168.4146003309432,14.720799669056818,0.0,0.0,0.0,204.64850524792456
2923,199.7853,0.0,4.292671189780476,0.0,214.6335594890238,0.0,0.0,0.0,0.0,204.92941826528448
2924,183.1354,0.0,5.212985881239933,0.0,260.64929406199667,0.0,0.0,0.0,0.0,206.39589734213308
2925,149.839,0.0,5.307159637568669,0.0,265.35798187843346,0.0,0.0,0.0,6.630092989544579,208.45595740219315
2926,99.8926,0.0,4.629127344503034,0.0,231.4563672251517,0.0,0.0,0.0,22.67487833626282,210.51601746225322
2927,66.5962,0.0,3.6943378785570884,0.0,184.71689392785441,0.0,0.0,0.0,9.231805038965533,212.57607752231328
2928,49.9463,0.0,3.0347715489111966,0.0,151.73857744555983,0.0,0.0,0.0,9.231805038965533,214.50187736587793
2929,39.9557,0.0,2.6683738025372308,0.0,133.41869012686155,0.0,0.0,0.0,9.231805038965533,216.27009609800774
2930,33.2964,0.0,2.2749553032895746,0.0,113.74776516447874,0.0,0.0,0.0,9.231805038965533,217.79214895247085
2931,26.6371,0.0,1.9036904534980688,0.0,95.18452267490343,0.0,0.0,0.0,9.231805038965533,219.0889920841582
2932,26.6371,0.0,1.6422875651671256,0.0,82.11437825835628,0.0,0.0,0.0,9.231805038965533,220.13856221337036
2933,33.2964,0.003014491442037218,1.4896999974054055,1.6278253787000976,74.48499987027027,0.0,0.0,0.0,9.231805038965533,220.9486026910536
2934,83.2427,0.03121511126479965,1.3954915282250417,16.856160082991813,69.77457641125208,0.0,0.0,0.0,9.231805038965533,221.01270067878252
2935,133.189,0.07481599858560033,1.288203027027027,40.40063923622417,64.41015135135135,28.378209412424468,0.0,0.0,0.0,219.11892627688567
2936,166.4889,0.12202815982716399,1.155852376710425,65.89520630666856,57.792618835521246,42.80107485781019,0.0,0.0,0.0,216.26266502511322
2937,199.7853,0.15871725047064522,1.072852971984556,85.70731525414843,53.642648599227805,60.43533614662377,0.0,0.0,0.0,212.22960955987307
2938,233.0817,0.18121036638928015,1.094841587715389,97.85359785021129,54.74207938576945,77.4,3.086022764019276,0.0,0.0,207.0644443947079
2939,249.7316,0.18392102731128016,1.103686739027027,99.31735474809129,55.184336951351355,77.4,17.82990830055735,0.0,0.0,201.8992792295427
2940,249.7316,0.17781746630344078,1.2398062075763925,96.02143180385802,61.99031037881962,77.4,14.319857817322344,0.0,0.0,196.73411406437754
2941,216.4318,0.1541879969103654,1.4233045787181469,83.26151833159732,71.16522893590734,62.00505273249535,0.0,0.0,0.0,192.59630607422102
2942,199.7853,0.13708521088835535,1.542083212355212,74.02601387971188,77.1041606177606,48.65512550252754,0.0,0.0,0.0,189.34938411876374
2943,183.1354,0.09958435397350764,1.785265166402647,53.77555114569413,89.26325832013235,40.096590534173515,0.0,0.0,0.0,186.67360230133474
2944,166.4889,0.05557751729639276,2.2097932852597895,30.01185934005209,110.48966426298948,25.98737639695844,0.0,0.0,0.0,184.93937631555173
2945,133.189,0.01889849184249741,2.6572544776613345,10.2051855949486,132.86272388306674,0.0,0.0,0.0,0.0,185.12627460297364
2946,183.1354,0.0005755549944580904,3.1236460775642576,0.3107996970073688,156.18230387821288,26.642296424779744,0.0,0.0,0.0,183.34834357696232
2947,199.7853,0.0,3.7289282950777722,0.0,186.4464147538886,13.338885246111403,0.0,0.0,0.0,182.45819441138931
2948,183.1354,0.0,4.249477497822393,0.0,212.47387489111964,0.0,0.0,0.0,0.0,183.01324663905913
2949,149.839,0.0,4.382727564108109,0.0,219.13637820540544,0.0,0.0,0.0,0.0,184.32427811862087
2950,99.8926,0.0,4.226542370841699,0.0,211.32711854208495,0.0,0.0,0.0,2.545629653196059,186.38433817868093
2951,66.5962,0.0,3.976117586321016,0.0,198.8058793160508,0.0,0.0,0.0,23.32079042716194,188.444398238741
2952,49.9463,0.0,3.5811974617804743,0.0,179.0598730890237,0.0,0.0,0.0,20.224684200134817,190.50445829880107
2953,39.9557,0.0,3.04431309844898,0.0,152.215654922449,0.0,0.0,0.0,3.371066033560112,192.56451835886114
2954,33.2964,0.0,2.5669883841235515,0.0,128.34941920617757,0.0,0.0,0.0,3.371066033560112,194.36281872222125
2955,26.6371,0.0,2.1336435676911205,0.0,106.68217838455602,0.0,0.0,0.0,3.371066033560112,195.87718507003717
2956,26.6371,0.0,1.8514330370965255,0.0,92.57165185482627,0.0,0.0,0.0,3.371066033560112,197.12459551053388
2957,33.2964,0.002649297739021204,1.6899206133480413,1.4306207790714505,84.49603066740207,0.0,0.0,0.0,3.371066033560112,198.12030297033203
2958,83.2427,0.028280333943385062,1.7743481535752903,15.271380329427934,88.71740767876452,0.0,0.0,0.0,3.371066033560112,198.51279652724378
2959,133.189,0.0673039700201682,2.006451824679537,36.344143810890834,100.32259123397684,0.0,0.0,0.0,3.371066033560112,198.5785915145791
2960,166.4889,0.10958654207138639,2.2831675278543853,59.17673271854865,114.15837639271926,0.0,0.0,0.0,3.371066033560112,198.70811438965714
2961,199.7853,0.13885165364560995,2.4335533796536133,74.97989296862937,121.67766898268067,3.127738048689963,0.0,0.0,0.0,198.49938979514997
2962,233.0817,0.15122258633195176,2.540875408555985,81.66019661925395,127.04377042779925,24.377732952946815,0.0,0.0,0.0,196.872580789281
2963,249.7316,0.16964901157704002,2.4847704710777725,91.61046625160161,124.23852355388863,33.88261019450974,0.0,0.0,0.0,194.6114790078656
2964,249.7316,0.16666548979271198,2.412374294557087,89.99936448806447,120.61871472785435,39.113520784081146,0.0,0.0,0.0,192.001300777363
2965,216.4318,0.14370669901193853,2.5954336761787085,77.6016174664468,129.77168380893542,9.058498724617777,0.0,0.0,0.0,191.3967963579691
2966,199.7853,0.12010387801210554,3.0062433065372316,64.85609412653699,150.3121653268616,0.0,0.0,0.0,0.0,191.68782532060095
2967,183.1354,0.08374518285563821,3.4854004554131275,45.22239874204463,174.27002277065637,0.0,0.0,0.0,0.0,192.37566086273313
2968,166.4889,0.04963184976213699,3.9210273888582456,26.801198871553975,196.0513694429123,0.0,0.0,0.0,0.0,193.44200053354734
2969,133.189,0.018574264657824135,4.246606749158302,10.030102915225033,212.3303374579151,0.0,0.0,0.0,0.0,195.12902778385
2970,183.1354,0.0006769673141146778,4.560073223942636,0.3655623496219261,228.0036611971318,0.0,0.0,0.0,0.0,195.98480282392373
2971,199.7853,0.0,4.747586872586872,0.0,237.37934362934362,0.0,0.0,0.0,0.0,196.6960414871816
2972,183.1354,0.0,4.735357698788749,0.0,236.76788493943747,0.0,0.0,0.0,0.0,197.71071012117093
2973,149.839,0.0,4.178039088997243,0.0,208.90195444986216,0.0,0.0,0.0,0.0,198.82811736751967
2974,99.8926,0.0,3.39609645788417,0.0,169.8048228942085,0.0,0.0,0.0,0.0,200.1507810438966
2975,66.5962,0.0,2.652813539618313,0.0,132.64067698091563,0.0,0.0,0.0,0.0,201.40027114894093
2976,49.9463,0.0,1.9281902923331484,0.0,96.40951461665742,0.0,0.0,0.0,0.0,202.2793049389858
2977,39.9557,0.0,1.24911239271925,0.0,62.4556196359625,0.0,0.0,0.0,0.0,202.70497909426078
2978,33.2964,0.0,0.6582154047964698,0.0,32.91077023982349,0.3856297601765064,0.0,0.0,0.0,202.6792447091973
2979,26.6371,0.0,0.3524813274440154,0.0,17.62406637220077,9.013033627799231,0.0,0.0,0.0,202.07777433029844
2980,26.6371,0.0,0.29225979040264777,0.0,14.612989520132388,12.024110479867613,0.0,0.0,0.0,201.27536455519882
2981,33.2964,0.0032848358316207252,0.31851611432101484,1.7738113490751917,15.925805716050743,15.596782934874064,0.0,0.0,0.0,200.23453819985187
2982,83.2427,0.03290141661161845,0.31851611432101484,17.766764970273965,15.925805716050743,49.55012931367529,0.0,0.0,0.0,196.927889597004
2983,133.189,0.07712791271091757,0.30634286487369,41.64907286389548,15.3171432436845,76.22278389242001,0.0,0.0,0.0,191.84128406531096
2984,166.4889,0.12302705846710002,0.25467610909652505,66.43461157223402,12.733805454826253,77.4,9.920482972939723,0.0,0.0,186.67611890014578
2985,199.7853,0.16402657297933101,0.19347084627027017,88.57434940883874,9.673542313513508,77.4,24.13740827764775,0.0,0.0,181.5109537349806
2986,233.0817,0.20066637252984482,0.24009678183783767,108.35984116611621,12.004839091891883,77.4,35.31701974199191,0.0,0.0,176.34578856981543
2987,249.7316,0.21970118847473624,0.4587446340694983,118.63864177635757,22.937231703474914,77.4,30.755726520167485,0.0,0.0,171.18062340465025
2988,249.7316,0.2196698045286977,0.7897733264026475,118.62169444549674,39.488666320132374,77.4,14.22123923437087,0.0,0.0,166.01545823948507
2989,216.4318,0.2083306491740569,1.1860997884258138,112.49855055399073,59.304989421290685,44.6282600247186,0.0,0.0,0.0,163.03726270897332
2990,199.7853,0.1768870723496874,1.6300409568582457,95.51901906883118,81.50204784291229,22.764233088256532,0.0,0.0,0.0,161.51812803508233
2991,183.1354,0.12542811123625197,2.0218990075763927,67.73118006757606,101.09495037881963,14.30926955360431,0.0,0.0,0.0,160.5632218252989
2992,166.4889,0.07101921870357394,2.3431534386409267,38.35037809992993,117.15767193204634,10.980849968023733,0.0,0.0,0.0,159.83043237131
2993,133.189,0.023934008576315762,2.7175876110049644,12.924364631210512,135.87938055024821,0.0,0.0,0.0,0.0,160.1258464693376
2994,183.1354,0.0008160292564044286,3.265756795375621,0.4406557984583915,163.28783976878105,19.40690443276057,0.0,0.0,0.0,158.83075775176934
2995,199.7853,0.0,3.731596531715388,0.0,186.57982658576938,13.205473414230624,0.0,0.0,0.0,157.94951161134688
2996,183.1354,0.0,4.034428261348042,0.0,201.7214130674021,0.0,0.0,0.0,0.0,158.30113888559504
2997,149.839,0.0,3.8446252029740773,0.0,192.23126014870385,0.0,0.0,0.0,0.0,159.1031546181381
2998,99.8926,0.0,3.44697134141423,0.0,172.34856707071148,0.0,0.0,0.0,0.0,160.47394318434075
2999,66.5962,0.0,3.1576352079426364,0.0,157.8817603971318,0.0,0.0,0.0,0.0,162.20096729996217
3000,49.9463,0.0,2.838091861003861,0.0,141.90459305019306,0.0,0.0,0.0,0.0,163.94071879010096
3001,39.9557,0.0,2.387084262548263,0.0,119.35421312741315,0.0,0.0,0.0,0.0,165.4428528222412
3002,33.2964,0.0,1.785265166402647,0.0,89.26325832013235,0.0,0.0,0.0,0.0,166.5016852769464
3003,26.6371,0.0,1.371150001738555,0.0,68.55750008692775,0.0,0.0,0.0,0.0,167.29477392723962
3004,26.6371,0.0,1.130393204915609,0.0,56.51966024578044,0.0,0.0,0.0,0.0,167.86011966161925
3005,33.2964,0.00361739036019339,0.8964277894142306,1.9533907945044309,44.82138947071153,0.0,0.0,0.0,0.0,168.11511604501524
3006,83.2427,0.0350868601785986,0.7369627733215665,18.946904496443242,36.84813866607832,27.447656837478434,0.0,0.0,0.0,166.2834405803854
3007,133.189,0.0797256169815359,0.7587091946254826,43.05183317002938,37.93545973127413,52.20170709869649,0.0,0.0,0.0,162.79984317640165
3008,166.4889,0.12925552156902614,0.8598935679999997,69.79798164727411,42.994678399999984,53.696239952725904,0.0,0.0,0.0,159.21651051355707
3009,199.7853,0.17228102799922326,0.8964277894142306,93.03175511958057,44.82138947071153,61.93215540970791,0.0,0.0,0.0,155.08356720960592
3010,233.0817,0.19544260855270842,0.888261343382239,105.53900861846255,44.413067169111955,77.4,5.729624212425506,0.0,0.0,149.91840204444074
3011,249.7316,0.21387190429130434,0.8625808996183124,115.49082831730433,43.12904498091562,77.4,13.711726701780037,0.0,0.0,144.75323687927556
3012,249.7316,0.1972813970004389,0.8186246707115277,106.53195438023701,40.93123353557638,77.4,24.868412084186588,0.0,0.0,139.58807171411038
3013,216.4318,0.16969879611345834,0.8774152268814119,91.6373499012675,43.870761344070594,77.4,3.5236887546619187,0.0,0.0,134.4229065489452
3014,199.7853,0.14873052596902203,1.0308427580011033,80.3144840232719,51.54213790005516,67.92867807667295,0.0,0.0,0.0,129.88979489885025
3015,183.1354,0.10269854224212578,1.045254650069498,55.457212810747926,52.26273250347489,75.41545468577718,0.0,0.0,0.0,124.85706519008968
3016,166.4889,0.059773894678351355,1.0670192548571429,32.27790312630974,53.35096274285714,77.4,3.4600341308331224,0.0,0.0,119.69190002492452
3017,133.189,0.020868160024087968,1.218205087699945,11.268806413007503,60.91025438499725,61.009939201995245,0.0,0.0,0.0,115.6204993441107
3018,183.1354,0.0007902947289696768,1.5031404585725319,0.4267591536436255,75.15702292862659,77.4,30.15161791772978,0.0,0.0,110.45533417894553
3019,199.7853,0.0,1.7616515521235516,0.0,88.08257760617758,77.4,34.30272239382242,0.0,0.0,105.29016901378037
3020,183.1354,0.0,1.8980580722868168,0.0,94.90290361434084,77.4,10.832496385659155,0.0,0.0,100.12500384861521
3021,149.839,0.0,1.8458753179393268,0.0,92.29376589696633,57.545234103033664,0.0,0.0,0.0,96.28481471928363
3022,99.8926,0.0,1.666907512163265,0.0,83.34537560816325,16.54722439183675,0.0,0.0,0.0,95.18056217394918
3023,66.5962,0.0,1.4563345819393272,0.0,72.81672909696636,0.0,0.0,0.0,0.0,95.29824785956747
3024,49.9463,0.0,1.2960822857142855,0.0,64.80411428571428,0.0,0.0,0.0,0.0,95.57934164335126
3025,39.9557,0.0,1.2646876205184774,0.0,63.23438102592387,0.0,0.0,0.0,0.0,96.01974912222009
3026,33.2964,0.0,1.2413552123552127,0.0,62.067760617760634,0.0,0.0,0.0,0.0,96.56407216093449
3027,26.6371,0.0,1.0423660192123554,0.0,52.118300960617766,0.0,0.0,0.0,0.0,97.04614893586509
3028,26.6371,0.0,0.661899971953668,0.0,33.0949985976834,0.0,0.0,0.0,0.0,97.16832539582127
3029,33.2964,0.0038081866282554996,0.21706911389299524,2.05642077925797,10.853455694649762,20.38652352609227,0.0,0.0,0.0,95.80786336538468
3030,83.2427,0.03655410654646394,0.41933772083397697,19.73921753509053,20.96688604169885,42.536596423210625,0.0,0.0,0.0,92.96925165879738
3031,133.189,0.08677637697246753,0.4888816679536676,46.859243565132466,24.44408339768338,61.88567303718415,0.0,0.0,0.0,88.83941028160791
3032,166.4889,0.13588660959779714,0.39889405853723103,73.37876918281046,19.944702926861552,73.16542789032799,0.0,0.0,0.0,83.95683251114892
3033,199.7853,0.18563416188060763,0.2972747755102041,100.24244741552812,14.863738775510205,77.4,7.279113808961682,0.0,0.0,78.79166734598375
3034,233.0817,0.214894107028618,0.21611758536789838,116.04281779545371,10.80587926839492,77.4,28.833002936151374,0.0,0.0,73.62650218081859
3035,249.7316,0.2349178612648001,0.08561913211693344,126.85564508299204,4.280956605846672,77.4,41.19499831116127,0.0,0.0,68.46133701565343
3036,249.7316,0.23024699803319387,0.055817758217319394,124.3333789379247,2.79088791086597,77.4,45.2073331512093,0.0,0.0,63.296171850488264
3037,216.4318,0.2014749236956699,0.07275700287258699,108.79645879566175,3.6378501436293496,77.4,26.597491060708904,0.0,0.0,58.1310066853231
3038,199.7853,0.16869450024813917,0.19347084627027017,91.09503013399515,9.673542313513508,77.4,21.61672755249134,0.0,0.0,52.96584152015794
3039,183.1354,0.1215062467612433,0.35560480451847765,65.61337325107138,17.780240225923883,77.4,22.341786523004743,0.0,0.0,47.800676354992774
3040,166.4889,0.06904002581907266,0.49677697210810806,37.28161394229924,24.838848605405403,77.4,26.968437452295348,0.0,0.0,42.63551118982761
3041,133.189,0.02397327200266595,0.6193159571274129,12.945566881439614,30.965797856370646,77.4,11.877635262189727,0.0,0.0,37.47034602466245
3042,183.1354,0.0009153362052496811,0.8094055525030338,0.4942815508348278,40.47027762515169,77.4,60.0,4.770840824013476,0.0,32.305180859497284
3043,199.7853,0.0,1.038038937239934,0.0,51.90194686199669,77.4,60.0,10.48335313800331,0.0,27.140015694332117
3044,183.1354,0.0,1.313488637564258,0.0,65.6744318782129,77.4,40.0609681217871,0.0,0.0,21.97485052916695
3045,149.839,0.0,1.3453909134826256,0.0,67.26954567413128,77.4,5.169454325868713,0.0,0.0,16.809685364001783
3046,99.8926,0.0,1.2803441809156095,0.0,64.01720904578048,35.875390954219526,0.0,0.0,0.0,14.415598546903382
3047,66.5962,0.0,1.1876205714285715,0.0,59.38102857142857,7.215171428571424,0.0,0.0,0.0,13.934105625410462
3048,49.9463,0.0,1.0208008730899063,0.0,51.040043654495314,0.0,0.0,0.0,0.0,13.954798072927941
3049,39.9557,0.0,0.7599950270270268,0.0,37.99975135135134,1.9559486486486577,0.0,0.0,0.0,13.824270969247683
3050,33.2964,0.0,0.5356092187887481,0.0,26.780460939437408,6.515939060562591,0.0,0.0,0.0,13.389440201108705
3051,26.6371,0.0,0.3215741904555986,0.0,16.07870952277993,10.558390477220069,0.0,0.0,0.0,12.68484290533159
3052,26.6371,0.0,0.10123322002426913,0.0,5.061661001213456,21.575438998786545,0.0,0.0,0.0,11.245040503010166
3053,33.2964,0.0040112227829026,0.059186453321566565,2.1660603027674035,2.9593226660783283,28.171017031154268,0.0,0.0,0.0,9.365092753183388
3054,83.2427,0.03834566332934541,0.13574128185328202,20.706658197846522,6.787064092664101,55.748977709489374,0.0,0.0,0.0,5.644773920384631
3055,133.189,0.09111045248899995,0.25174868806177586,49.19964434405997,12.587434403088793,71.40192125285122,0.0,0.0,0.0,0.8798809438847162
3056,166.4889,0.13848628964014842,0.3277080992829563,74.78259640568015,16.385404964147813,13.185015944112472,60.0,2.135882686059567,0.0,0.0
3057,199.7853,0.1765158852930634,0.2576093193601766,95.31857805825423,12.880465968008831,0.0,60.0,31.58625597373694,0.0,0.0
3058,233.0817,0.20184788774890233,0.14113310697407608,108.99785938440726,7.056655348703804,0.0,60.0,57.02718526688895,0.0,0.0
3059,249.7316,0.21397253333956634,0.1126325199426364,115.54516800336584,5.63162599713182,0.0,60.0,68.55480599950232,0.0,0.0
3060,249.7316,0.21527751447185783,0.1465471663938225,116.24985781480324,7.327358319691125,0.0,60.0,66.15438386550562,0.0,0.0
3061,216.4318,0.1943930979344094,0.20663717782239396,104.97227288458107,10.331858891119698,0.0,60.0,41.12766822429924,0.0,0.0
3062,199.7853,0.1671247937431599,0.3002915931428573,90.24738862130634,15.014579657142866,0.0,60.0,34.523331721550804,0.0,0.0
3063,183.1354,0.12364043753299209,0.48663208426254817,66.76583626781573,24.33160421312741,0.0,60.0,32.03795951905687,0.0,0.0
3064,166.4889,0.07071030671422213,0.7230047105482623,38.183565625679954,36.150235527413116,0.0,60.0,32.155098846906924,0.0,0.0
3065,133.189,0.025206646654370682,1.0438099435455046,13.611589193360167,52.19049717727523,0.0,60.0,7.386913629364585,0.0,0.0
3066,183.1354,0.00098973493247244,1.65457639271925,0.5344568635351176,82.72881963596251,0.0,60.0,39.87212350050238,0.0,0.0
3067,199.7853,0.0,2.36193010681081,0.0,118.0965053405405,0.0,60.0,21.688794659459504,0.0,0.0
3068,183.1354,0.0,3.015736666510755,0.0,150.78683332553774,0.0,32.34856667446226,0.0,0.0,0.0
3069,149.839,0.0,3.1991753894054065,0.0,159.9587694702703,0.0,0.0,0.0,0.0,0.1914550980861951
3070,99.8926,0.0,3.087449384525096,0.0,154.3724692262548,0.0,0.0,0.0,0.0,1.2221553266910155
3071,66.5962,0.0,2.8151439602868185,0.0,140.75719801434093,0.0,0.0,0.0,0.0,2.625201235070439
3072,49.9463,0.0,2.301699633985659,0.0,115.08498169928293,0.0,0.0,0.0,0.0,3.85755467262444
3073,39.9557,0.0,1.6300409568582457,0.0,81.50204784291229,0.0,0.0,0.0,0.0,4.643566658841699
3074,33.2964,0.0,0.9418334980165471,0.0,47.09167490082736,0.0,0.0,0.0,0.0,4.90455834615465
3075,26.6371,0.0,0.5333026770744622,0.0,26.665133853723113,0.0,0.0,0.0,0.0,4.905088716360222
3076,26.6371,0.0,0.35873426144511866,0.0,17.936713072255934,8.700386927744066,0.0,0.0,0.0,4.324482314775699
3077,33.2964,0.004359303205716071,0.3246381835366797,2.3540237310866785,16.231909176833987,14.710467092079332,0.0,0.0,0.0,3.342802829151453
3078,83.2427,0.041311998605529046,0.4042503514440151,22.308479246985687,20.212517572200756,40.721703180813556,0.0,0.0,0.0,0.6253051193874519
3079,133.189,0.09346520113860454,0.5013037929972421,50.471208614846454,25.065189649862106,9.370197214020967,48.28240452127046,0.0,0.0,0.0
3080,166.4889,0.14545438171881753,0.6374585894054055,78.54536612816148,31.87292947027027,0.0,56.07060440156826,0.0,0.0,0.0
3081,199.7853,0.18162019259753834,0.7116503694826257,98.0749040026707,35.582518474131284,0.0,60.0,6.127877523198009,0.0,0.0
3082,233.0817,0.2022526238182175,0.5977568534451189,109.21641686183744,29.887842672255942,0.0,60.0,33.977440465906625,0.0,0.0
3083,249.7316,0.21367488775322854,0.4945177142857144,115.38443938674342,24.72588571428572,0.0,60.0,49.62127489897085,0.0,0.0
3084,249.7316,0.20868862371668903,0.45321860702040845,112.69185680701209,22.660930351020422,0.0,60.0,54.37881284196749,0.0,0.0
3085,216.4318,0.1933711229803816,0.4933891227887478,104.42040640940607,24.66945613943739,0.0,60.0,27.341937451156554,0.0,0.0
3086,199.7853,0.15576228213006302,0.6459803458223939,84.11163235023403,32.299017291119696,0.0,60.0,23.374650358646278,0.0,0.0
3087,183.1354,0.10983569509015766,0.8937026031902922,59.311275348685136,44.68513015951461,0.0,60.0,19.13899449180026,0.0,0.0
3088,166.4889,0.062718384877243,1.1906645458532814,33.86792783371122,59.53322729266407,0.0,60.0,13.0877448736247,0.0,0.0
3089,133.189,0.022379640973575445,1.550608392719249,12.08500612573074,77.53041963596246,0.0,43.57357423830679,0.0,0.0,0.0
3090,183.1354,0.000893811757519623,2.082305045780474,0.48265834906059646,104.1152522890237,0.0,60.0,18.537489361915704,0.0,0.0
3091,199.7853,0.0,2.571353996108109,0.0,128.56769980540545,0.0,60.0,11.217600194594553,0.0,0.0
3092,183.1354,0.0,3.001502640926642,0.0,150.0751320463321,0.0,33.0602679536679,0.0,0.0,0.0
3093,149.839,0.0,3.1673829241787104,0.0,158.36914620893552,0.0,0.0,0.0,0.0,0.1613811444933747
3094,99.8926,0.0,3.118806703196911,0.0,155.94033515984555,0.0,0.0,0.0,0.0,1.2217437015715338
3095,66.5962,0.0,2.9873046812664095,0.0,149.3652340633205,0.0,0.0,0.0,0.0,2.7876443460127325
3096,49.9463,0.0,2.6772867413215673,0.0,133.86433706607838,0.0,0.0,0.0,0.0,4.375282885100702
3097,39.9557,0.0,2.279059550429122,0.0,113.9529775214561,0.0,0.0,0.0,0.0,5.775231378749872
3098,33.2964,0.0,1.9281902923331484,0.0,96.40951461665742,0.0,0.0,0.0,0.0,6.969263276902851
3099,26.6371,0.0,1.6422875651671256,0.0,82.11437825835628,0.0,0.0,0.0,0.0,8.018833406114997
3100,26.6371,0.0,1.3166640791439606,0.0,65.83320395719802,0.0,0.0,0.0,0.0,8.760381318818743
3101,33.2964,0.004093782247269966,0.9923198020694981,2.2106424135257816,49.61599010347491,0.0,0.0,0.0,0.0,9.110953285356594
3102,83.2427,0.03704624601500374,0.7154285714285717,20.00497284810202,35.77142857142859,27.46629858046939,0.0,0.0,0.0,7.278033793833778
3103,133.189,0.08301952384722674,0.5092524108814119,44.830542877502445,25.462620544070596,62.89583657842696,0.0,0.0,0.0,3.080780768913727
3104,166.4889,0.13443857062223288,0.41177748262548264,72.59682813600575,20.58887413127413,46.1654998221722,27.13769791054792,0.0,0.0,0.0
3105,199.7853,0.17576327263992028,0.33181054319691106,94.91216722555696,16.590527159845553,0.0,60.0,28.2826056145975,0.0,0.0
3106,233.0817,0.20212435574155682,0.24785445559845537,109.14715210044068,12.392722779922769,0.0,60.0,51.54182511963657,0.0,0.0
3107,249.7316,0.21483837406468903,0.22183628556425827,116.01272199493208,11.091814278212913,0.0,60.0,62.627063726855,0.0,0.0
3108,249.7316,0.20920769236247586,0.3012985047192499,112.97215387573696,15.064925235962495,0.0,60.0,61.69452088830053,0.0,0.0
3109,216.4318,0.19120818408822143,0.4378365791594043,103.25241940763958,21.891828957970215,0.0,60.0,31.287551634390212,0.0,0.0
3110,199.7853,0.15165997112138185,0.6289719845559846,81.8963844055462,31.448599227799228,0.0,60.0,26.44031636665457,0.0,0.0
3111,183.1354,0.10956955386737681,0.8265559282868173,59.16755908838348,41.32779641434087,0.0,60.0,22.640044497275653,0.0,0.0
3112,166.4889,0.06284118807130364,1.178507907035852,33.93424155850396,58.925395351792595,0.0,60.0,13.629263089703443,0.0,0.0
3113,133.189,0.022240589761361933,1.6265496703011588,12.009918471135444,81.32748351505793,0.0,39.85159801380661,0.0,0.0,0.0
3114,183.1354,0.0009883215282627275,2.2381846623099837,0.5336936252618729,111.90923311549919,0.0,60.0,10.692473259238938,0.0,0.0
3115,199.7853,0.0,2.769543413127413,0.0,138.47717065637065,0.0,60.0,1.3081293436293606,0.0,0.0
3116,183.1354,0.0,3.2311400992829564,0.0,161.5570049641478,0.0,21.578395035852196,0.0,0.0,0.0
3117,149.839,0.0,3.2955881143210153,0.0,164.77940571605077,0.0,0.0,0.0,0.0,0.28265632435771737
3118,99.8926,0.0,3.001502640926642,0.0,150.0751320463321,0.0,0.0,0.0,0.0,1.2320555792883248
3119,66.5962,0.0,2.6086171997617207,0.0,130.43085998808604,0.0,0.0,0.0,0.0,2.4397383358196825
3120,49.9463,0.0,2.193651111077771,0.0,109.68255555388855,0.0,0.0,0.0,0.0,3.56988371116352
3121,39.9557,0.0,1.7471936947115272,0.0,87.35968473557637,0.0,0.0,0.0,0.0,4.46671585480956
3122,33.2964,0.0,1.353417924271373,0.0,67.67089621356865,0.0,0.0,0.0,0.0,5.117044161552751
3123,26.6371,0.0,1.0510413023099832,0.0,52.55206511549916,0.0,0.0,0.0,0.0,5.607327285359491
3124,26.6371,0.0,0.7832664366949806,0.0,39.163321834749034,0.0,0.0,0.0,0.0,5.8443098606115
3125,33.2964,0.0043731711839681865,0.5437041495686705,2.361512439342821,27.185207478433526,3.7496800822236516,0.0,0.0,0.0,5.594080959562207
3126,83.2427,0.036882403968010985,0.3597787435984556,19.91649814272593,17.98893717992278,45.337264677351286,0.0,0.0,0.0,2.568571137917143
3127,133.189,0.0844336954588149,0.2536996591196911,45.59419554776005,12.684982955984555,38.49003850168838,36.41978299456701,0.0,0.0,0.0
3128,166.4889,0.13482279596380978,0.15471004491119697,72.80430982045728,7.735502245559848,0.0,60.0,25.94908793398288,0.0,0.0
3129,199.7853,0.17055918906759834,0.07020082956425806,92.10196209650312,3.5100414782129032,0.0,60.0,44.17329642528399,0.0,0.0
3130,233.0817,0.19571560002218127,0.0,105.68642401197789,0.0,0.0,60.0,67.39527598802212,0.0,0.0
3131,249.7316,0.20730144109540707,0.0040116977385547935,111.94277819151982,0.20058488692773968,0.0,60.0,77.58823692155244,0.0,0.0
3132,249.7316,0.1895104812563763,0.1268041919470491,102.3356598784432,6.340209597352454,0.0,60.0,81.05573052420434,0.0,0.0
3133,216.4318,0.15826598907674272,0.36815856852509654,85.46363410144107,18.407928426254827,0.0,60.0,52.56023747230411,0.0,0.0
3134,199.7853,0.1338151756381447,0.716689433239934,72.26019484459815,35.834471661996695,0.0,60.0,31.69063349340516,0.0,0.0
3135,183.1354,0.0967602068433826,1.131884435591837,52.2505116954266,56.59422177959185,0.0,60.0,14.29066652498156,0.0,0.0
3136,166.4889,0.05787317222132272,1.658095251027027,31.25151299951427,82.90476255135135,0.0,52.332624449134386,0.0,0.0,0.0
3137,133.189,0.020097494098627055,2.3306779305725316,10.85264681325861,116.53389652862658,0.0,5.802456658114792,0.0,0.0,0.0
3138,183.1354,0.0009315989617906008,3.138188510640927,0.5030634393669244,156.90942553204636,0.0,25.722911028586736,0.0,0.0,0.0
3139,199.7853,0.0,3.901847785089907,0.0,195.09238925449534,0.0,4.692910745504662,0.0,0.0,0.0
3140,183.1354,0.0,4.423748277127413,0.0,221.18741385637065,0.0,0.0,0.0,0.0,0.7199029648502556
3141,149.839,0.0,4.327405287289575,0.0,216.37026436447874,0.0,0.0,0.0,0.0,1.9786025609349887
3142,99.8926,0.0,3.86364676479647,0.0,193.18233823982348,0.0,0.0,0.0,0.0,3.743543554661379
3143,66.5962,0.0,3.4037012327501386,0.0,170.18506163750692,0.0,0.0,0.0,0.0,5.7033328288844825
3144,49.9463,0.0,2.80599238869498,0.0,140.299619434749,0.0,0.0,0.0,0.0,7.412719953325679
3145,39.9557,0.0,2.0862322318543858,0.0,104.31161159271929,0.0,0.0,0.0,0.0,8.630264226701449
3146,33.2964,0.0,1.65457639271925,0.0,82.72881963596251,0.0,0.0,0.0,0.0,9.5654721657602
3147,26.6371,0.0,1.2756386602713732,0.0,63.78193301356866,0.0,0.0,0.0,0.0,10.268212249800689
3148,26.6371,0.0,0.8545279538621069,0.0,42.72639769310535,0.0,0.0,0.0,0.0,10.572604368318897
3149,33.2964,0.00437327253718393,0.4587446340694983,2.3615671700793226,22.937231703474914,7.997601126445762,0.0,0.0,0.0,10.038897252773635
3150,83.2427,0.03848854995732663,0.17764902604743518,20.78381697695638,8.88245130237176,53.57643172067186,0.0,0.0,0.0,6.463559800610014
3151,133.189,0.08885862202353989,0.02510828164589095,47.98365589271154,1.2554140822945477,77.4,6.549930024993898,0.0,0.0,1.298394635444848
3152,166.4889,0.1446150970830632,0.0,78.09215242485412,0.0,19.456443612141044,60.0,8.940303963004837,0.0,0.0
3153,199.7853,0.1831481170083108,0.0,98.89998318448782,0.0,0.0,60.0,40.88531681551218,0.0,0.0
3154,233.0817,0.20239720936538974,0.0,109.29449305731046,0.0,0.0,60.0,63.78720694268955,0.0,0.0
3155,249.7316,0.22064966389357224,0.0,119.150818502529,0.0,0.0,60.0,70.58078149747098,0.0,0.0
3156,249.7316,0.21327934710864652,0.0,115.17084743866911,0.0,0.0,60.0,74.56075256133087,0.0,0.0
3157,216.4318,0.19391483175280308,0.0,104.71400914651367,0.0,0.0,60.0,51.717790853486335,0.0,0.0
3158,199.7853,0.1688846306369004,0.0056204599845560655,91.19770054392622,0.28102299922780327,0.0,60.0,48.30657645684599,0.0,0.0
3159,183.1354,0.1184901142769271,0.1841419206883619,63.98466170954064,9.207096034418095,0.0,60.0,49.94364225604127,0.0,0.0
3160,166.4889,0.06746140123724509,0.40103455488141226,36.42915666811235,20.051727744070615,0.0,60.0,50.00801558781704,0.0,0.0
3161,133.189,0.023828262444315986,0.6816608217804743,12.867261719930632,34.083041089023716,0.0,60.0,26.238697191045645,0.0,0.0
3162,183.1354,0.0010477963291512984,1.0772365165714288,0.5658100177417011,53.86182582857144,0.0,60.0,68.70776415368687,0.0,0.0
3163,199.7853,0.0,1.6370338532818538,0.0,81.8516926640927,0.0,60.0,57.93360733590731,0.0,0.0
3164,183.1354,0.0,2.1916374980694986,0.0,109.58187490347493,0.0,60.0,13.553525096525078,0.0,0.0
3165,149.839,0.0,2.2524485471594033,0.0,112.62242735797017,0.0,37.21657264202983,0.0,0.0,0.0
3166,99.8926,0.0,2.230054299004963,0.0,111.50271495024815,0.0,0.0,0.0,0.0,0.21965082338307304
3167,66.5962,0.0,2.260619789837838,0.0,113.0309894918919,0.0,0.0,0.0,0.0,1.0981468407972441
3168,49.9463,0.0,2.004524995035852,0.0,100.2262497517926,0.0,0.0,0.0,0.0,2.0493891333987255
3169,39.9557,0.0,1.576311598455599,0.0,78.81557992277996,0.0,0.0,0.0,0.0,2.7845760508567245
3170,33.2964,0.0,1.0772365165714288,0.0,53.86182582857144,0.0,0.0,0.0,0.0,3.173651674640509
3171,26.6371,0.0,0.8080915220474348,0.0,40.40457610237174,0.0,0.0,0.0,0.0,3.4341174387394338
3172,26.6371,0.0,0.7522910972399339,0.0,37.614554861996695,0.0,0.0,0.0,0.0,3.6417990172096415
3173,33.2964,0.003929905462678113,0.8278804245956976,2.122148949846181,41.394021229784876,0.0,0.0,0.0,0.0,3.8351460206080668
3174,83.2427,0.03263030591381518,1.0208008730899063,17.6203651934602,51.040043654495314,14.58229115204449,0.0,0.0,0.0,2.8620201512690953
3175,133.189,0.07464570276701069,1.151342847293988,40.308679494185775,57.5671423646994,35.31317814111482,0.0,0.0,0.0,0.5054517067502551
3176,166.4889,0.1159318624931061,1.196762134309983,62.6032057462773,59.83810671549915,7.574193825652572,36.47339371257098,0.0,0.0,0.0
3177,199.7853,0.14536856232168166,1.1906645458532814,78.49902365370811,59.53322729266407,0.0,60.0,1.7530490536278194,0.0,0.0
3178,233.0817,0.16485915623542854,1.121462501877551,89.0239443671314,56.07312509387755,0.0,60.0,27.98463053899104,0.0,0.0
3179,249.7316,0.16601440028526232,1.045254650069498,89.64777615404165,52.26273250347489,0.0,60.0,47.82109134248344,0.0,0.0
3180,249.7316,0.1572812985350434,1.074313366804192,84.93190120892345,53.7156683402096,0.0,60.0,51.08403045086695,0.0,0.0
3181,216.4318,0.14248661910627924,1.4563345819393272,76.94277431739079,72.81672909696636,0.0,60.0,6.672296585642869,0.0,0.0
3182,199.7853,0.12512995319555192,1.9338655612399336,67.57017472559804,96.69327806199668,0.0,35.521847212405305,0.0,0.0,0.0
3183,183.1354,0.08643163603759524,2.3682059273601763,46.673083460301434,118.41029636800882,0.0,18.052020171689747,0.0,0.0,0.0
3184,166.4889,0.049086678135491814,2.8220179795521227,26.50680619316558,141.10089897760614,0.0,0.0,0.0,0.0,0.021166584311897177
3185,133.189,0.018311642730541793,3.518895550587976,9.888287074492569,175.9447775293988,0.0,0.0,0.0,0.0,1.017135374115248
3186,183.1354,0.0009202943241449101,4.704864366455598,0.4969589350382515,235.2432183227799,0.0,0.0,0.0,0.0,2.0123608898037
3187,199.7853,0.0,6.085962962285714,0.0,304.2981481142857,0.0,0.0,0.0,0.0,3.9896309892631594
3188,183.1354,0.0,7.286308508169885,0.0,364.31542540849426,0.0,0.0,0.0,72.29113651960537,6.049691049323219
3189,149.839,0.0,7.84699236257253,0.0,392.3496181286265,0.0,0.0,0.0,133.62172923973762,8.109751109383279
3190,99.8926,0.0,8.025587267212355,0.0,401.27936336061777,0.0,0.0,0.0,192.49787447172886,10.169811169443339
3191,66.5962,0.0,7.859372965348041,0.0,392.96864826740205,0.0,0.0,0.0,217.48355937851315,12.229871229503399
3192,49.9463,0.0,7.270546080688361,0.0,363.5273040344181,0.0,0.0,0.0,204.6921151455292,14.289931289563459
3193,39.9557,0.0,6.3113734701467195,0.0,315.568673507336,0.0,0.0,0.0,166.7240846184471,16.34999134962352
3194,33.2964,0.0,5.612487765568671,0.0,280.62438827843357,0.0,0.0,0.0,138.43909938954468,18.41005140968358
3195,26.6371,0.0,5.505147478980695,0.0,275.25737394903473,0.0,0.0,0.0,139.73138506014584,20.47011146974364
3196,26.6371,0.0,5.588902719576392,0.0,279.4451359788196,0.0,0.0,0.0,143.91914708993073,22.5301715298037
3197,33.2964,0.004242907401552488,5.4652090457804725,2.2911699968383434,273.26045228902365,0.0,0.0,0.0,133.3663333969731,24.59023158986376
3198,83.2427,0.035034710524519515,5.151819580858245,18.91874368324054,257.59097904291224,0.0,0.0,0.0,84.3781338372639,26.65029164992382
3199,133.189,0.07854955958366336,4.852271653312741,42.416762175178214,242.61358266563704,0.0,0.0,0.0,42.95245595192637,28.71035170998388
3200,166.4889,0.1213169387699303,4.677517456873691,65.51114693576237,233.87587284368453,0.0,0.0,0.0,24.00923089055803,30.77041177004394
3201,199.7853,0.16286203206146824,4.563063179931605,87.94549731319285,228.15315899658026,0.0,0.0,0.0,7.424467420884213,32.830471830104
3202,233.0817,0.1828625559284815,4.180883432525096,98.74578020138001,209.0441716262548,0.0,0.0,0.0,7.424467420884213,34.243871189005205
3203,249.7316,0.20636546544996173,3.8772657994131263,111.43735134297934,193.86328997065633,0.0,0.0,0.0,7.424467420884213,35.295177376019936
3204,249.7316,0.20546424313254796,4.023284576123552,110.95069129157591,201.1642288061776,0.0,0.0,0.0,7.424467420884213,36.4754023508423
3205,216.4318,0.187205882724585,4.2696036304556,101.0911766712759,213.48018152278,0.0,0.0,0.0,7.424467420884213,38.33209669505417
3206,199.7853,0.16121236521206916,4.704864366455598,87.05467721451735,235.2432183227799,0.0,0.0,0.0,13.623706648408387,40.39215675511423
3207,183.1354,0.11352167799627841,5.498479196911197,61.30170611799034,274.92395984555986,0.0,0.0,0.0,44.20137707466134,42.45221681517429
3208,166.4889,0.06465221450171339,6.416781859618313,34.912195830925235,320.83909298091567,0.0,0.0,0.0,80.37349992295199,44.51227687523435
3209,133.189,0.023513874768060192,7.397225266409266,12.697492374752503,369.8612633204633,0.0,0.0,0.0,140.48086680632696,46.57233693529441
3210,183.1354,0.0011661845360470104,8.703083168688362,0.6297396494653856,435.1541584344181,0.0,0.0,0.0,143.75960919499457,48.63239699535447
3211,199.7853,0.0,9.581619413780475,0.0,479.08097068902373,0.0,0.0,0.0,170.40678180013484,50.69245705541453
3212,183.1354,0.0,10.031028911761721,0.0,501.55144558808604,0.0,0.0,0.0,209.52715669919715,52.75251711547459
3213,149.839,0.0,9.213015426047434,0.0,460.6507713023717,0.0,0.0,0.0,201.92288241348282,54.81257717553465
3214,99.8926,0.0,7.4490680624644225,0.0,372.4534031232211,0.0,0.0,0.0,163.6719142343322,56.87263723559471
3215,66.5962,0.0,6.018938271699943,0.0,300.94691358499716,0.0,0.0,0.0,125.46182469610827,58.93269729565477
3216,49.9463,0.0,4.717048061776062,0.0,235.8524030888031,0.0,0.0,0.0,77.0172141999142,60.99275735571483
3217,39.9557,0.0,3.5421879983938234,0.0,177.10939991969116,0.0,0.0,0.0,28.264811030802264,63.05281741577489
3218,33.2964,0.0,2.652813539618313,0.0,132.64067698091563,0.0,0.0,0.0,28.264811030802264,64.93230373703545
3219,26.6371,0.0,2.1475712731428573,0.0,107.37856365714286,0.0,0.0,0.0,28.264811030802264,66.45984494135978
3220,26.6371,0.0,1.911212785738555,0.0,95.56063928692775,0.0,0.0,0.0,28.264811030802264,67.76380379273408
3221,33.2964,0.004945045482885181,1.6970310353756206,2.6703245607579977,84.85155176878104,0.0,0.0,0.0,28.264811030802264,68.78969118275239
3222,83.2427,0.0398116463681585,1.506509014239382,21.49828903880559,75.3254507119691,0.0,0.0,0.0,28.264811030802264,69.04662977263192
3223,133.189,0.08862679233632129,1.5217093609972425,47.8584678616135,76.08546804986213,9.245064088524373,0.0,0.0,0.0,68.42967521216983
3224,166.4889,0.13255458896050415,1.69881081081081,71.57947803867225,84.9405405405405,9.968881420787255,0.0,0.0,0.0,67.7644178600986
3225,199.7853,0.1664400762941588,1.7077227181467192,89.87764119884575,85.38613590733596,24.521522893818315,0.0,0.0,0.0,66.12801326257987
3226,233.0817,0.19855398180127387,1.6126188955675678,107.21915017268789,80.63094477837839,45.231605048933716,0.0,0.0,0.0,63.1095544671889
3227,249.7316,0.21255092048502391,1.5523159791196912,114.77749706191291,77.61579895598456,57.33830398210253,0.0,0.0,0.0,59.283174488403276
3228,249.7316,0.21382030035074098,1.5489016567104252,115.46296218940014,77.44508283552126,56.823554975078565,0.0,0.0,0.0,55.49114546103734
3229,216.4318,0.20135665034038092,1.631787890232764,108.7325911838057,81.5893945116382,26.109814304556096,0.0,0.0,0.0,53.748748777383284
3230,199.7853,0.17506585054375035,1.8035304952939881,94.53555929362518,90.17652476469941,15.073215941675414,0.0,0.0,0.0,52.7428618276552
3231,183.1354,0.12680528388365697,2.0122377357837844,68.47485329717476,100.61188678918921,14.048659913636016,0.0,0.0,0.0,51.805346985237044
3232,166.4889,0.07160765326064908,2.3099604238543856,38.6681327607505,115.49802119271928,12.322746046530227,0.0,0.0,0.0,50.983008243393186
3233,133.189,0.0257376218815732,2.650594525158301,13.898315816049529,132.52972625791506,0.0,0.0,0.0,0.0,51.23347660695468
3234,183.1354,0.0012484380046603898,3.160070613074463,0.6741565225166105,158.00353065372315,24.45771282376026,0.0,0.0,0.0,49.60133027236941
3235,199.7853,0.0,3.7076206537142857,0.0,185.38103268571427,14.404267314285732,0.0,0.0,0.0,48.64008453901701
3236,183.1354,0.0,4.135505525445119,0.0,206.77527627225595,0.0,0.0,0.0,0.0,49.0873254414651
3237,149.839,0.0,4.1581594043022605,0.0,207.90797021511304,0.0,0.0,0.0,0.0,50.18592758066994
3238,99.8926,0.0,4.003824926640927,0.0,200.19124633204638,0.0,0.0,0.0,0.0,52.08346953830325
3239,66.5962,0.0,3.86364676479647,0.0,193.18233823982348,0.0,0.0,0.0,17.697249350934598,54.14352959836331
3240,49.9463,0.0,3.6309490715675676,0.0,181.5474535783784,0.0,0.0,0.0,22.7122646894895,56.20358965842337
3241,39.9557,0.0,3.1479037412818545,0.0,157.3951870640927,0.0,0.0,0.0,8.550598175203817,58.26364971848343
3242,33.2964,0.0,2.6218354777804747,0.0,131.09177388902373,0.0,0.0,0.0,8.550598175203817,60.11383246773523
3243,26.6371,0.0,2.137618322321015,0.0,106.88091611605076,0.0,0.0,0.0,8.550598175203817,61.63195871857943
3244,26.6371,0.0,1.7489978652664095,0.0,87.44989326332048,0.0,0.0,0.0,8.550598175203817,62.78247102356117
3245,33.2964,0.004408441411541485,1.4282377632829568,2.3805583622324016,71.41188816414784,0.0,0.0,0.0,8.550598175203817,63.54861244433053
3246,83.2427,0.03528904164166539,1.3437879845559848,19.05608248649931,67.18939922779924,0.0,0.0,0.0,8.550598175203817,63.60542182811456
3247,133.189,0.08062180393918497,1.525096525096525,43.53577412715988,76.25482625482624,13.398399618013869,0.0,0.0,0.0,62.71130106615167
3248,166.4889,0.1289824231739604,1.736387020355213,69.6505085139386,86.81935101776065,10.019040468300744,0.0,0.0,0.0,62.04269643029576
3249,199.7853,0.1663445327571234,1.9376535510204091,89.82604768884664,96.88267755102046,13.0765747601329,0.0,0.0,0.0,61.170052135325264
3250,233.0817,0.1849251731582184,2.1118479602868176,99.85959350543794,105.59239801434089,27.629708480221183,0.0,0.0,0.0,59.326227745587445
3251,249.7316,0.2100590110744472,2.213838078270271,113.43186598020148,110.69190391351356,25.60783010628495,0.0,0.0,0.0,57.61733017426379
3252,249.7316,0.21310492188485403,2.1755618209111973,115.07665781782117,108.77809104555986,25.876851136618967,0.0,0.0,0.0,55.890479914896495
3253,216.4318,0.19567578342793496,2.0862322318543858,105.66492305108488,104.31161159271929,6.455265356195838,0.0,0.0,0.0,55.45969810934456
3254,199.7853,0.16473088351463977,2.0881971931428565,88.95467709790547,104.40985965714282,6.420763244951729,0.0,0.0,0.0,55.03121874698542
3255,183.1354,0.11972671870245469,2.260619789837838,64.65242809932553,113.0309894918919,5.4519824087825555,0.0,0.0,0.0,54.66738942374334
3256,166.4889,0.06617197645970217,2.7718141102173197,35.73286728823918,138.59070551086597,0.0,0.0,0.0,0.0,54.81561296318587
3257,133.189,0.024574513423122543,3.4879707351969103,13.270237248486174,174.3985367598455,0.0,0.0,0.0,0.0,55.84631139037052
3258,183.1354,0.0012701405365046165,4.339018776286818,0.6858758897124929,216.9509388143409,0.0,0.0,0.0,0.0,56.499040857744504
3259,199.7853,0.0,5.183959818872587,0.0,259.19799094362935,0.0,0.0,0.0,0.0,57.623064740461814
3260,183.1354,0.0,5.72787823945284,0.0,286.393911972642,0.0,0.0,0.0,0.0,59.57660415616045
3261,149.839,0.0,5.488485684915611,0.0,274.42428424578054,0.0,0.0,0.0,15.696395356891657,61.63666421622051
3262,99.8926,0.0,4.858470743510203,0.0,242.92353717551015,0.0,0.0,0.0,34.14204828662125,63.69672427628057
3263,66.5962,0.0,4.175195843035852,0.0,208.75979215179262,0.0,0.0,0.0,33.27470326290373,65.75678433634063
3264,49.9463,0.0,3.3809148725868723,0.0,169.0457436293436,0.0,0.0,0.0,10.210554740454711,67.81684439640068
3265,39.9557,0.0,2.681749041667954,0.0,134.0874520833977,0.0,0.0,0.0,10.210554740454711,69.59771538176226
3266,33.2964,0.0,2.1138247999470483,0.0,105.69123999735241,0.0,0.0,0.0,10.210554740454711,70.96734748982027
3267,26.6371,0.0,1.8495795781400992,0.0,92.47897890700496,0.0,0.0,0.0,10.210554740454711,72.21300465833117
3268,26.6371,0.0,1.732791780571428,0.0,86.6395890285714,0.0,0.0,0.0,10.210554740454711,73.34818688319604
3269,33.2964,0.004508707853797074,1.6792809961478223,2.4347022410504198,83.96404980739112,0.0,0.0,0.0,10.210554740454711,74.35282597600438
3270,83.2427,0.03360032789686285,1.6563353902173186,18.14417706430594,82.81676951086592,0.0,0.0,0.0,10.210554740454711,74.68803604634547
3271,133.189,0.07599022164392763,1.6213191877683397,41.03471968772092,81.06595938841699,11.088320923862085,0.0,0.0,0.0,73.94807469006506
3272,166.4889,0.11916018011100783,1.5031404585725319,64.34649725994424,75.15702292862659,26.98537981142917,0.0,0.0,0.0,72.14724854315621
3273,199.7853,0.16177141780993004,1.3341877058223939,87.35656561736222,66.70938529111969,45.7193490915181,0.0,0.0,0.0,69.0962409294413
3274,233.0817,0.19078215586717553,1.278774858872587,103.02236416827479,63.93874294362934,66.12059288809587,0.0,0.0,0.0,64.68378895159039
3275,249.7316,0.1935395320341067,1.4020141388108112,104.51134729841762,70.10070694054056,75.11954576104179,0.0,0.0,0.0,59.6708062514875
3276,249.7316,0.19021301383825398,1.6651433316183128,102.71502747265716,83.25716658091564,63.759405946427194,0.0,0.0,0.0,55.41592430644731
3277,216.4318,0.17546389916184932,2.0607706716911185,94.75050554739863,103.03853358455592,18.642760868045457,0.0,0.0,0.0,54.17182948709159
3278,199.7853,0.15073783589317916,2.525706625482625,81.39843138231674,126.28533127413124,0.0,0.0,0.0,0.0,54.32125986167304
3279,183.1354,0.10880714069308087,3.0038724727104245,58.75585597426367,150.19362363552122,0.0,0.0,0.0,0.0,54.80963434077708
3280,166.4889,0.06412036682214939,3.62832108164589,34.624998083960676,181.41605408229452,0.0,0.0,0.0,0.0,55.7471074898684
3281,133.189,0.023746924946358945,4.336113740425813,12.823339471033831,216.80568702129065,0.0,0.0,0.0,0.0,57.571648531615075
3282,183.1354,0.001272997276052447,4.952008158711528,0.6874185290683213,247.60040793557638,0.0,0.0,0.0,0.0,58.804262005270516
3283,199.7853,0.0,5.471853580425815,0.0,273.5926790212908,0.0,0.0,0.0,0.0,60.200617824592236
3284,183.1354,0.0,5.879271997281855,0.0,293.9635998640927,0.0,0.0,0.0,1.9393109752038242,62.260677884652296
3285,149.839,0.0,5.879271997281855,0.0,293.9635998640927,0.0,0.0,0.0,35.23571097520383,64.32073794471236
3286,99.8926,0.0,5.548607280750137,0.0,277.4303640375069,0.0,0.0,0.0,68.64887514861798,66.38079800477243
3287,66.5962,0.0,5.059271373414229,0.0,252.96356867071145,0.0,0.0,0.0,77.47847978182259,68.4408580648325
3288,49.9463,0.0,4.482728733476007,0.0,224.13643667380035,0.0,0.0,0.0,65.30124778491145,70.50091812489256
3289,39.9557,0.0,3.817542657976832,0.0,190.8771328988416,0.0,0.0,0.0,42.032544009952716,72.56097818495263
3290,33.2964,0.0,3.241010119413127,0.0,162.05050597065636,0.0,0.0,0.0,19.86521708176747,74.6210382450127
3291,26.6371,0.0,2.591046883618312,0.0,129.55234418091558,0.0,0.0,0.0,19.86521708176747,76.56808340519218
3292,26.6371,0.0,1.9225230772597917,0.0,96.12615386298958,0.0,0.0,0.0,19.86521708176747,77.88274118097847
3293,33.2964,0.0044213905697763475,1.3971209343011584,2.387550907679228,69.85604671505791,0.0,0.0,0.0,19.86521708176747,78.61958005492215
3294,83.2427,0.03426072734578586,1.0036749564258134,18.500792766724366,50.183747821290666,14.55815941198496,0.0,0.0,0.0,77.64806457864688
3295,133.189,0.07780062124330803,0.888261343382239,42.012335471386336,44.413067169111955,46.7635973595017,0.0,0.0,0.0,74.52737072749562
3296,166.4889,0.12299761601878327,0.9810142199316052,66.41871265014298,49.05071099658026,51.01947635327676,0.0,0.0,0.0,71.12266760081717
3297,199.7853,0.16210274487342355,1.2089959170965248,87.53548223164873,60.449795854826235,51.80002191352503,0.0,0.0,0.0,67.66587601499634
3298,233.0817,0.18392116506956901,1.4315307272895752,99.31742913756726,71.57653636447876,62.18773449795402,0.0,0.0,0.0,63.51587704950058
3299,249.7316,0.18988005383624512,1.6160964369156094,102.53522907157236,80.80482184578047,66.39154908264717,0.0,0.0,0.0,59.08534324351812
3300,249.7316,0.18070985656335703,1.9642699184644234,97.5833225442128,98.21349592322117,53.93478153256601,0.0,0.0,0.0,55.486091889993524
3301,216.4318,0.16578929020032676,2.5539146144335367,89.52621670817646,127.69573072167684,0.0,0.0,0.0,0.0,55.50104062515291
3302,199.7853,0.13761034601451244,3.1503350852906777,74.30958684783671,157.5167542645339,0.0,0.0,0.0,0.0,56.107222484035596
3303,183.1354,0.10011076501940068,3.457196191947049,54.05981311047637,172.85980959735247,0.0,0.0,0.0,0.0,56.9355726433729
3304,166.4889,0.05853126114892031,3.6520109961389964,31.606881020416964,182.60054980694983,0.0,0.0,0.0,0.0,57.83835565902579
3305,133.189,0.022498944180702755,4.1242048581401,12.149429857579488,206.210242907005,0.0,0.0,0.0,0.0,59.44969271132874
3306,183.1354,0.0011639563114466374,4.698779332518478,0.6285364081811843,234.93896662592388,0.0,0.0,0.0,0.0,60.441651417379376
3307,199.7853,0.0,5.343139143413127,0.0,267.1569571706563,0.0,0.0,0.0,0.0,61.716250336824224
3308,183.1354,0.0,6.00488399821732,0.0,300.244199910866,0.0,0.0,0.0,8.219911021977083,63.776310396884284
3309,149.839,0.0,6.246471482881411,0.0,312.32357414407056,0.0,0.0,0.0,53.59568525518168,65.83637045694434
3310,99.8926,0.0,6.278872423607281,0.0,313.943621180364,0.0,0.0,0.0,105.1621322914751,67.8964305170044
3311,66.5962,0.0,6.050631801822394,0.0,302.5315900911197,0.0,0.0,0.0,127.04650120223081,69.95649057706447
3312,49.9463,0.0,5.294111473738554,0.0,264.7055736869277,0.0,0.0,0.0,105.87038479803883,72.01655063712454
3313,39.9557,0.0,4.388574301158301,0.0,219.42871505791507,0.0,0.0,0.0,70.58412616902618,74.0766106971846
3314,33.2964,0.0,3.3456359469961403,0.0,167.28179734980702,0.0,0.0,0.0,25.09650846091813,76.13667075724467
3315,26.6371,0.0,2.478338364858246,0.0,123.91691824291232,0.0,0.0,0.0,25.09650846091813,77.9770997510295
3316,26.6371,0.0,1.9585515991969105,0.0,97.92757995984552,0.0,0.0,0.0,25.09650846091813,79.32583856108063
3317,33.2964,0.004530665775806184,1.693474088842803,2.4465595189353393,84.67370444214015,0.0,0.0,0.0,25.09650846091813,80.34412787926314
3318,83.2427,0.032899824230727424,1.6265496703011588,17.76590508459281,81.32748351505793,0.0,0.0,0.0,25.09650846091813,80.64400577168897
3319,133.189,0.07173020822810752,1.5608666744092663,38.73431244317806,78.04333372046331,16.411353836358614,0.0,0.0,0.0,79.54882033049053
3320,166.4889,0.11766325303184663,1.483,63.53815663719718,74.15,28.80074336280282,0.0,0.0,0.0,77.6268488014413
3321,199.7853,0.14951492272819486,1.483,80.73805827322522,74.15,44.89724172677478,0.0,0.0,0.0,74.6307032073956
3322,233.0817,0.15592271582189218,1.5352783573215667,84.19826654382177,76.76391786607833,72.11951559009992,0.0,0.0,0.0,69.81792272090244
3323,249.7316,0.1745176269346946,1.7005914546409266,94.23951854473509,85.02957273204633,70.46250872321858,0.0,0.0,0.0,65.1157199365702
3324,249.7316,0.17172914130365968,1.7562232928582455,92.73373630397623,87.81116464291227,69.18669905311148,0.0,0.0,0.0,60.49865626936223
3325,216.4318,0.15763433625912035,1.6863706071969111,85.122541579925,84.31853035984555,46.99072806022946,0.0,0.0,0.0,57.36280521429186
3326,199.7853,0.13423992421263073,1.5403807251274135,72.48955907482059,77.01903625637068,50.27670466880875,0.0,0.0,0.0,54.007669767591246
3327,183.1354,0.09984420267394235,1.4381266812399338,53.91586944392887,71.90633406199669,57.31319649407445,0.0,0.0,0.0,50.18296529684887
3328,166.4889,0.05959704449850005,1.5318810215642575,32.182404029190025,76.59405107821287,57.71244489259711,0.0,0.0,0.0,46.33161762300188
3329,133.189,0.023092225589210032,1.907449834537232,12.469801818173417,95.3724917268616,25.346706454964973,0.0,0.0,0.0,44.64014572076865
3330,183.1354,0.001317920165737661,2.4826254826254828,0.711676889498337,124.13127413127414,58.29244897922752,0.0,0.0,0.0,40.750092402168214
3331,199.7853,0.0,3.236073064595698,0.0,161.80365322978489,37.98164677021512,0.0,0.0,0.0,38.2154479730581
3332,183.1354,0.0,4.096029708178708,0.0,204.8014854089354,0.0,0.0,0.0,0.0,38.62534688620012
3333,149.839,0.0,4.732303249862107,0.0,236.61516249310534,0.0,0.0,0.0,0.0,40.267058068502116
3334,99.8926,0.0,5.103827739004964,0.0,255.1913869502482,0.0,0.0,0.0,46.409898061359314,42.32711812856218
3335,66.5962,0.0,5.290852371027026,0.0,264.5426185513513,0.0,0.0,0.0,89.05752966246243,44.38717818862224
3336,49.9463,0.0,5.326767165564257,0.0,266.33835827821287,0.0,0.0,0.0,107.50316938932397,46.4472382486823
3337,39.9557,0.0,5.193624654402648,0.0,259.6812327201324,0.0,0.0,0.0,110.83664383124352,48.50729830874236
3338,33.2964,0.0,4.886423404302262,0.0,244.32117021511309,0.0,0.0,0.0,102.1358813262242,50.56735836880242
3339,26.6371,0.0,4.212243711293988,0.0,210.61218556469942,0.0,0.0,0.0,75.08619667581053,52.62741842886248
3340,26.6371,0.0,3.691684505239933,0.0,184.58422526199664,0.0,0.0,0.0,49.058236373107746,54.68747848892254
3341,33.2964,0.004284558719851242,3.3733380507181456,2.3136617087196707,168.66690253590727,0.0,0.0,0.0,28.795275355738056,56.7475385489826
3342,83.2427,0.030849410371284216,3.305564747931606,16.658681600493477,165.2782373965803,0.0,0.0,0.0,28.795275355738056,58.614726475954264
3343,133.189,0.06748314131587344,3.300574375360176,36.44089631057166,165.0287187680088,0.0,0.0,0.0,28.795275355738056,59.90652189635984
3344,166.4889,0.11070800255906169,3.7986485559845558,59.78232138189331,189.93242779922778,0.0,0.0,0.0,28.795275355738056,61.481064988975646
3345,199.7853,0.15636386055935378,4.7109539423099855,84.43648470205105,235.5476971154993,0.0,0.0,0.0,11.309992928661444,63.541125049035706
3346,233.0817,0.17703171598958298,5.193624654402648,95.5971266343748,259.6812327201324,0.0,0.0,0.0,13.30777046561829,65.60118510909577
3347,249.7316,0.17250215959996817,5.402322354232765,93.15116618398282,270.11611771163825,0.0,0.0,0.0,4.646795006732191,67.66124516915582
3348,249.7316,0.15976010605197877,5.680196622402646,86.27045726806853,284.00983112013233,0.0,0.0,0.0,11.659799499311987,69.72130522921589
3349,216.4318,0.1560064640035913,6.114316039942636,84.2434905619393,305.71580199713185,0.0,0.0,0.0,64.63860367018228,71.78136528927595
3350,199.7853,0.1265137681451417,6.656849991730832,68.31743479837652,332.8424995865416,0.0,0.0,0.0,92.48574549602918,73.84142534933602
3351,183.1354,0.09226855975549944,6.932802800432433,49.8250222679697,346.6401400216216,0.0,0.0,0.0,104.44087340070243,75.90148540939609
3352,166.4889,0.054885575940010575,6.974970904286819,29.638211007605708,348.74854521434094,0.0,0.0,0.0,103.00896733305777,77.96154546945615
3353,133.189,0.02125366979683639,7.589739057985659,11.476981690291652,379.4869528992829,0.0,0.0,0.0,148.88604570068574,80.02160552951622
3354,183.1354,0.0012242027569093217,8.681125928842802,0.6610694887310338,434.0562964421401,0.0,0.0,0.0,142.6930770419822,82.08166558957629
3355,199.7853,0.0,9.731573643931606,0.0,486.5786821965803,0.0,0.0,0.0,177.9044933076914,84.14172564963636
3356,183.1354,0.0,10.58732006177606,0.0,529.366003088803,0.0,0.0,0.0,237.34171419991415,86.20178570969642
3357,149.839,0.0,11.024517668147823,0.0,551.2258834073912,0.0,0.0,0.0,292.4979945185023,88.26184576975649
3358,99.8926,0.0,11.234397416595698,0.0,561.7198708297849,0.0,0.0,0.0,352.93838194089597,90.32190582981656
3359,66.5962,0.0,10.766890531618314,0.0,538.3445265809157,0.0,0.0,0.0,362.85943769202686,92.38196588987662
3360,49.9463,0.0,10.122448979591837,0.0,506.12244897959187,0.0,0.0,0.0,347.28726009070294,94.44202594993669
3361,39.9557,0.0,9.149426482974075,0.0,457.47132414870373,0.0,0.0,0.0,308.62673525981484,96.50208600999676
3362,33.2964,0.0,8.364418101939327,0.0,418.22090509696636,0.0,0.0,0.0,276.0356162080775,98.56214607005683
3363,26.6371,0.0,7.597825729729729,0.0,379.8912864864865,0.0,0.0,0.0,244.36529759759762,100.6222061301169
3364,26.6371,0.0,6.998036719761719,0.0,349.9018359880859,0.0,0.0,0.0,214.37584709919705,102.68226619017696
3365,33.2964,0.004129705652492609,6.799655083984556,2.2300410523460092,339.98275419922777,0.0,0.0,0.0,200.02750636268487,104.74232625023703
3366,83.2427,0.030358450145811962,6.906048778872585,16.39356307873846,345.3024389436293,0.0,0.0,0.0,169.56441313347884,106.8023863102971
3367,133.189,0.06844377952803327,7.309990926402646,36.95964094513796,365.4995463201323,0.0,0.0,0.0,160.38129837638135,108.86244637035716
3368,166.4889,0.10030592602850384,7.437084840595697,54.16520005539208,371.8542420297848,0.0,0.0,0.0,150.641653196288,110.92250643041723
3369,199.7853,0.1332224648481872,7.321849597564258,71.94013101802109,366.0924798782129,0.0,0.0,0.0,129.35842200734507,112.9825664904773
3370,233.0817,0.15156773673062057,7.2823659631902915,81.84657783453511,364.11829815951455,0.0,0.0,0.0,103.99428710516074,115.04262655053736
3371,249.7316,0.16906835270270995,7.533278815452839,91.29691045946338,376.6639407726419,0.0,0.0,0.0,109.34036234321644,117.10268661059743
3372,249.7316,0.17410103356492537,7.009586860796468,94.01455812505971,350.47934303982345,0.0,0.0,0.0,85.87341227599427,119.1627466706575
3373,216.4318,0.1631118357918414,5.707414431699943,88.08039132759437,285.37072158499717,0.0,0.0,0.0,48.13042402370266,121.22280673071756
3374,199.7853,0.14065991299904568,6.6419237243552125,75.95635301948467,332.09618621776065,0.0,0.0,0.0,99.3783503483564,123.28286679077763
3375,183.1354,0.10087960223049755,8.459104351452842,54.47498520446868,422.9552175726421,0.0,0.0,0.0,185.40591388822187,125.3429268508377
3376,166.4889,0.060302588904550036,8.92007338187755,32.56339800845702,446.00366909387753,0.0,0.0,0.0,203.18927821344565,127.40298691089777
3377,133.189,0.022676143695587365,9.400807966393824,12.245117595617177,470.0403983196912,0.0,0.0,0.0,240.2076270264195,129.46304697095783
3378,183.1354,0.0013785465522206997,9.911523223510207,0.7444151381991778,495.5761611755103,0.0,0.0,0.0,204.29628742482063,131.5231070310179
3379,199.7853,0.0,10.190141308116935,0.0,509.5070654058468,0.0,0.0,0.0,200.8328765169579,133.58316709107797
3380,183.1354,0.0,10.011848210321016,0.0,500.5924105160508,0.0,0.0,0.0,208.5681216271619,135.64322715113803
3381,149.839,0.0,9.203914641862108,0.0,460.1957320931054,0.0,0.0,0.0,201.4678432042165,137.7032872111981
3382,99.8926,0.0,7.967170718146716,0.0,398.3585359073358,0.0,0.0,0.0,189.5770470184469,139.76334727125817
3383,66.5962,0.0,6.541696728710425,0.0,327.08483643552125,0.0,0.0,0.0,151.59974754663236,141.82340733131824
3384,49.9463,0.0,5.303895833239935,0.0,265.19479166199676,0.0,0.0,0.0,106.35960277310787,143.8834673913783
3385,39.9557,0.0,4.447286817429676,0.0,222.3643408714838,0.0,0.0,0.0,73.5197519825949,145.94352745143837
3386,33.2964,0.0,3.8909117013215657,0.0,194.54558506607827,0.0,0.0,0.0,52.36029617718938,148.00358751149844
3387,26.6371,0.0,3.300574375360176,0.0,165.0287187680088,0.0,0.0,0.0,29.502729879119897,150.0636475715585
3388,26.6371,0.0,2.8912469493480417,0.0,144.56234746740208,0.0,0.0,0.0,9.036358578513187,152.12370763161857
3389,33.2964,0.004886278359017468,2.8357926329045777,2.638590313869433,141.7896316452289,0.0,0.0,0.0,2.242933070209432,154.18376769167864
3390,83.2427,0.037253712659160616,2.9191881698841704,20.117004835946734,145.95940849420853,0.0,0.0,0.0,2.242933070209432,155.7508919979248
3391,133.189,0.08275574141612065,2.849602810810811,44.68810036470515,142.48014054054053,0.0,0.0,0.0,2.242933070209432,156.77212087991595
3392,166.4889,0.13393614690553987,2.437800568833977,72.32551932899153,121.89002844169885,0.0,0.0,0.0,2.242933070209432,157.29667908098307
3393,199.7853,0.1679121972601628,1.9547438780011028,90.67258652048791,97.73719390005515,11.375519579456949,0.0,0.0,0.0,156.53755198192022
3394,233.0817,0.1929787725052285,1.6300409568582457,104.2085371528234,81.50204784291229,47.37111500426431,0.0,0.0,0.0,153.37631641273342
3395,249.7316,0.20060377671064286,1.5608666744092663,108.32603942374715,78.04333372046331,63.36222685578954,0.0,0.0,0.0,149.1479395788469
3396,249.7316,0.19427329061836804,1.5814752630821847,104.90757693391873,79.07376315410923,65.75025991197202,0.0,0.0,0.0,144.76020117964956
3397,216.4318,0.17691830661517804,2.1078970257297294,95.53588557219615,105.39485128648647,15.501063141317386,0.0,0.0,0.0,143.72576253158033
3398,199.7853,0.1543182472405812,2.663923160710425,83.33185350991386,133.19615803552125,0.0,0.0,0.0,0.0,144.04251653379126
3399,183.1354,0.11232513477174316,2.926195835128517,60.6555727767413,146.30979175642585,0.0,0.0,0.0,0.0,144.49335370063497
3400,166.4889,0.06611716125735385,2.982580034788749,35.70326707897108,149.12900173943743,0.0,0.0,0.0,0.0,144.84039040801028
3401,133.189,0.024532962561638488,3.135762238270269,13.247799783284783,156.78811191351346,0.0,0.0,0.0,0.0,145.53749414281458
3402,183.1354,0.001561656446377716,3.594253140015444,0.8432944810439666,179.7126570007722,2.5794485181838525,0.0,0.0,0.0,145.36535877289907
3403,199.7853,0.0,4.24373710314396,0.0,212.186855157198,0.0,0.0,0.0,0.0,145.59998278938662
3404,183.1354,0.0,4.989713215293989,0.0,249.48566076469945,0.0,0.0,0.0,0.0,146.8552579930431
3405,149.839,0.0,5.248590872286816,0.0,262.4295436143408,0.0,0.0,0.0,3.7016547254519026,148.91531805310316
3406,99.8926,0.0,4.741470009645892,0.0,237.07350048229458,0.0,0.0,0.0,28.292011593405704,150.97537811316323
3407,66.5962,0.0,3.8148402921478226,0.0,190.74201460739113,0.0,0.0,0.0,15.256925718502245,153.0354381732233
3408,49.9463,0.0,2.746890343077772,0.0,137.3445171538886,0.0,0.0,0.0,15.256925718502245,154.68891795721578
3409,39.9557,0.0,1.7166563618312192,0.0,85.83281809156095,0.0,0.0,0.0,15.256925718502245,155.5568634346237
3410,33.2964,0.0,0.9923198020694981,0.0,49.61599010347491,0.0,0.0,0.0,15.256925718502245,155.86561243658133
3411,26.6371,0.0,0.702860108108108,0.0,35.1430054054054,0.0,0.0,0.0,15.256925718502245,156.02653497127818
3412,26.6371,0.0,0.6037223529266409,0.0,30.186117646332043,0.0,0.0,0.0,15.256925718502245,156.09367854837095
3413,33.2964,0.004771260708445688,0.5787864700540543,2.5764807825606715,28.939323502702713,1.780595714736613,0.0,0.0,0.0,155.9748533421823
3414,83.2427,0.03594619184871277,0.6557626319426367,19.410943598304897,32.78813159713184,31.043624804563265,0.0,0.0,0.0,153.9032067085778
3415,133.189,0.08076711231744395,0.8424993744555985,43.614240651419735,42.124968722779926,47.44979062580033,0.0,0.0,0.0,150.73672084766355
3416,166.4889,0.13199850030126473,0.9979911759426366,71.27919016268295,49.89955879713183,45.31015104018522,0.0,0.0,0.0,147.71302041121476
3417,199.7853,0.1705544882380273,1.0495934649045782,92.09942364853474,52.47967324522891,55.20620310623636,0.0,0.0,0.0,144.02892277316096
3418,233.0817,0.18977085313603598,0.9852480108725871,102.47626069345942,49.262400543629354,77.4,3.943038762911243,0.0,0.0,138.86375760799578
3419,249.7316,0.202415493802319,0.8679646204258139,109.30436665325226,43.3982310212907,77.4,19.62900232545701,0.0,0.0,133.6985924428306
3420,249.7316,0.19752377105941774,0.7242699611428569,106.66283637208558,36.21349805714284,77.4,29.45526557077156,0.0,0.0,128.53342727766542
3421,216.4318,0.18559622622567723,0.6545373264555981,100.2219621618657,32.726866322779905,77.4,6.082971515354387,0.0,0.0,123.36826211250026
3422,199.7853,0.15908852664944845,0.8666175574980691,85.90780439070217,43.33087787490346,70.54661773439437,0.0,0.0,0.0,118.66044644787601
3423,183.1354,0.1134521698176452,1.218205087699945,61.26417170152841,60.91025438499725,60.960973913474334,0.0,0.0,0.0,114.59231338725043
3424,166.4889,0.06570867034167195,1.6248053166949803,35.48268198450286,81.24026583474901,49.76595218074813,0.0,0.0,0.0,111.27126219067064
3425,133.189,0.025636317735807122,2.213838078270271,13.843611577335848,110.69190391351356,8.653484509150587,0.0,0.0,0.0,110.69378574695021
3426,183.1354,0.0015653882703843796,3.0730343430777713,0.8453096660075651,153.65171715388857,28.638373180103883,0.0,0.0,0.0,108.78264973226193
3427,199.7853,0.0,3.8881803702857147,0.0,194.40901851428575,5.376281485714259,0.0,0.0,0.0,108.42387218900438
3428,183.1354,0.0,4.06236357757529,0.0,203.11817887876452,0.0,0.0,0.0,0.0,108.80192476238642
3429,149.839,0.0,3.6546484905372303,0.0,182.7324245268615,0.0,0.0,0.0,0.0,109.42423279397569
3430,99.8926,0.0,3.1454734120242698,0.0,157.2736706012135,0.0,0.0,0.0,0.0,110.50982061616081
3431,66.5962,0.0,2.9472725866254823,0.0,147.36362933127413,0.0,0.0,0.0,0.0,112.0378530629687
3432,49.9463,0.0,2.996765982640926,0.0,149.8382991320463,0.0,0.0,0.0,0.0,113.9277016951966
3433,39.9557,0.0,2.989668505239933,0.0,149.48342526199664,0.0,0.0,0.0,0.6388363731077504,115.98776175525666
3434,33.2964,0.0,2.7809067093215663,0.0,139.0453354660783,0.0,0.0,0.0,0.6388363731077504,117.98841729110138
3435,26.6371,0.0,2.5213813068108104,0.0,126.06906534054052,0.0,0.0,0.0,0.6388363731077504,119.86956258132783
3436,26.6371,0.0,2.4998120952939877,0.0,124.99060476469938,0.0,0.0,0.0,0.6388363731077504,121.73030456336268
3437,33.2964,0.004820835106737296,2.501964716302262,2.6032509576381395,125.0982358151131,0.0,0.0,0.0,0.6388363731077504,123.51634674554987
3438,83.2427,0.03405309977010704,2.4208345632123556,18.3886738758578,121.04172816061778,0.0,0.0,0.0,0.6388363731077504,124.57935732461833
3439,133.189,0.07471085665648439,2.3640211056679536,40.343862594501566,118.20105528339768,0.0,0.0,0.0,0.6388363731077504,125.05906387906506
3440,166.4889,0.11523903536984328,2.318236185698841,62.22907909971537,115.91180928494205,0.0,0.0,0.0,0.6388363731077504,125.27950690255858
3441,199.7853,0.1514644560897116,2.187613042232763,81.79080628844426,109.38065211163814,8.613841599917606,0.0,0.0,0.0,124.7046759649598
3442,233.0817,0.1704388057507172,2.12372273053723,92.03695510538729,106.1861365268615,34.85860836775123,0.0,0.0,0.0,122.37844250698508
3443,249.7316,0.17915687303073757,2.1655444870777725,96.7447114365983,108.27722435388863,44.70966420951308,0.0,0.0,0.0,119.39481459844234
3444,249.7316,0.17978930535782225,2.159545136997243,97.08622489322403,107.97725684986214,44.6681182569138,0.0,0.0,0.0,116.41395919257555
3445,216.4318,0.1604159763216472,2.2831675278543853,86.62462721368948,114.15837639271926,15.648796393591281,0.0,0.0,0.0,115.36966180227917
3446,199.7853,0.13952582046649675,2.666147996169883,75.34394305190825,133.30739980849415,0.0,0.0,0.0,0.0,115.53739774828678
3447,183.1354,0.10207817064965886,2.907528613348043,55.122212150815784,145.37643066740216,0.0,0.0,0.0,0.0,115.86589153133414
3448,166.4889,0.0595409675591024,3.2533706591594034,32.1521224819153,162.66853295797017,0.0,0.0,0.0,0.0,116.40189771533197
3449,133.189,0.023432855397831506,3.750303971159405,12.653741914829014,187.51519855797025,0.0,0.0,0.0,0.0,117.66908577833088
3450,183.1354,0.0013855440986084192,4.394425490321013,0.7481938132485464,219.72127451605067,0.0,0.0,0.0,0.0,118.37540598996627
3451,199.7853,0.0,5.203300006618862,0.0,260.16500033094314,0.0,0.0,0.0,0.0,119.517724644876
3452,183.1354,0.0,5.997864179715389,0.0,299.89320898576943,0.0,0.0,0.0,7.868920096880544,121.57778470493605
3453,149.839,0.0,6.34034745356426,0.0,317.017372678213,0.0,0.0,0.0,58.28948378932412,123.63784476499612
3454,99.8926,0.0,6.199846541096524,0.0,309.9923270548262,0.0,0.0,0.0,101.2108381659373,125.69790482505618
3455,66.5962,0.0,5.595635331282957,0.0,279.78176656414786,0.0,0.0,0.0,104.29667767525896,127.75796488511625
3456,49.9463,0.0,4.668422232286818,0.0,233.4211116143409,0.0,0.0,0.0,74.58592272545201,129.81802494517632
3457,39.9557,0.0,3.6362082172399335,0.0,181.81041086199667,0.0,0.0,0.0,32.96582197310778,131.8780850052364
3458,33.2964,0.0,2.8174343148725867,0.0,140.87171574362932,0.0,0.0,0.0,32.96582197310778,133.91329368146722
3459,26.6371,0.0,2.5278707207413125,0.0,126.39353603706563,0.0,0.0,0.0,32.96582197310778,135.8005776064928
3460,26.6371,0.0,2.49550971749807,0.0,124.7754858749035,0.0,0.0,0.0,32.96582197310778,137.65724977169367
3461,33.2964,0.005130610279310388,2.5800967633756207,2.7705295508276095,129.00483816878102,0.0,0.0,0.0,32.96582197310778,139.52036537719977
3462,83.2427,0.03621108811004343,2.980219211861004,19.553987579423453,149.01096059305019,0.0,0.0,0.0,32.96582197310778,141.13457007235468
3463,133.189,0.07794559536455609,3.5577634475984556,42.09062149686029,177.8881723799228,0.0,0.0,0.0,32.96582197310778,142.77653914569922
3464,166.4889,0.12052392105921336,4.110103627119693,65.08291737197523,205.50518135598463,0.0,0.0,0.0,32.96582197310778,144.7459834459579
3465,199.7853,0.15338349184812144,4.738413285312741,82.82708559798559,236.92066426563704,0.0,0.0,0.0,11.073560974733738,146.80604350601797
3466,233.0817,0.1796634599969719,5.116599957003863,97.01826839836482,255.82999785019314,0.0,0.0,0.0,10.877677359669036,148.86610356607804
3467,249.7316,0.19550366744551712,5.615861837837836,105.57198042057925,280.79309189189183,0.0,0.0,0.0,27.744583423582185,150.9261636261381
3468,249.7316,0.19525741127567148,6.181969301250965,105.4390020888626,309.09846506254826,0.0,0.0,0.0,55.91697826252198,152.98622368619817
3469,216.4318,0.17664279233760155,6.811006861167127,95.38710786230484,340.55034305835636,0.0,0.0,0.0,110.61676203177231,155.04628374625824
3470,199.7853,0.14845009747749432,7.622117166455598,80.16305263784693,381.1058583227799,0.0,0.0,0.0,152.59472207173795,157.1063438063183
3471,183.1354,0.10918486825614244,8.403074404571429,58.959828858316925,420.15372022857144,0.0,0.0,0.0,187.0892601979995,159.16640386637837
3472,166.4889,0.06411707460609138,9.054552101877551,34.62322028728934,452.72760509387757,0.0,0.0,0.0,211.97303649227806,161.22646392643844
3473,133.189,0.025231777465129664,9.433104445281852,13.62515983117002,471.65522226409263,0.0,0.0,0.0,243.20249320637382,163.2865239864985
3474,183.1354,0.0016228365437386952,9.788178956425812,0.8763317336188955,489.4089478212906,0.0,0.0,0.0,198.2609906660206,165.34658404655858
3475,199.7853,0.0,10.243525096525099,0.0,512.176254826255,0.0,0.0,0.0,203.5020659373661,167.40664410661864
3476,183.1354,0.0,10.902807380015446,0.0,545.1403690007724,0.0,0.0,0.0,253.11608011188346,169.4667041666787
3477,149.839,0.0,11.719691596108108,0.0,585.9845798054054,0.0,0.0,0.0,327.2566909165165,171.52676422673878
3478,99.8926,0.0,12.179973817822395,0.0,608.9986908911197,0.0,0.0,0.0,400.2172020022308,173.58682428679884
3479,66.5962,0.0,12.158317954047435,0.0,607.9158977023718,0.0,0.0,0.0,432.43080881348294,175.6468843468589
3480,49.9463,0.0,11.177845131931605,0.0,558.8922565965802,0.0,0.0,0.0,400.0570677076913,177.70694440691898
3481,39.9557,0.0,9.483994559293988,0.0,474.1997279646994,0.0,0.0,0.0,325.3551390758105,179.76700446697905
3482,33.2964,0.0,7.996346420138997,0.0,399.81732100694984,0.0,0.0,0.0,257.6320321180609,181.8270645270391
3483,26.6371,0.0,6.556487520123551,0.0,327.82437600617754,0.0,0.0,0.0,192.29838711728868,183.88712458709918
3484,26.6371,0.0,5.69039429764589,0.0,284.51971488229447,0.0,0.0,0.0,148.9937259934056,185.94718464715925
3485,33.2964,0.004577270005763221,5.731293082016548,2.471725803112139,286.5646541008274,0.0,0.0,0.0,146.85109101505063,188.00724470721931
3486,83.2427,0.03227779343873632,6.185542288061777,17.430008456917612,309.27711440308883,0.0,0.0,0.0,134.57553397111755,190.06730476727938
3487,133.189,0.07095853922843075,6.296916191947048,38.317611183352604,314.8458095973524,0.0,0.0,0.0,111.08553189181612,192.12736482733945
3488,166.4889,0.11803184267446894,5.997864179715389,63.73719504421323,299.89320898576943,0.0,0.0,0.0,88.2526151410938,194.18742488739952
3489,199.7853,0.15821214513841853,5.508483402872589,85.434558374746,275.42417014362945,0.0,0.0,0.0,52.18453962948658,196.24748494745958
3490,233.0817,0.18215208882669232,5.339862392163266,98.36212796641385,266.99311960816334,0.0,0.0,0.0,23.384658685688322,198.30754500751965
3491,249.7316,0.19423946561414,5.7108220617142855,104.88931143163559,285.54110308571427,0.0,0.0,0.0,31.809925628460974,200.36760506757972
3492,249.7316,0.1825561706311109,6.608413127413126,98.5803321407999,330.4206563706563,0.0,0.0,0.0,70.3804996225673,202.42766512763978
3493,216.4318,0.170689896519416,7.593781739490349,92.17254412048464,379.68908697451747,0.0,0.0,0.0,146.54094220611321,204.48772518769985
3494,199.7853,0.14788967881244391,8.23635142474131,79.86042655871971,411.81757123706547,0.0,0.0,0.0,183.0038089068963,206.54778524775992
3495,183.1354,0.10562694779504438,8.441840042996137,57.03855180932396,422.0920021498069,0.0,0.0,0.0,187.10626507024196,208.60784530781999
3496,166.4889,0.06098486131146968,8.502359832710424,32.93182510819363,425.11799163552115,0.0,0.0,0.0,182.67202785482587,210.66790536788005
3497,133.189,0.02304149764802739,8.760331697738554,12.44240872993479,438.0165848869277,0.0,0.0,0.0,208.38110472797362,212.72796542794012
3498,183.1354,0.0015269747310759341,9.167567014618866,0.8245663547810044,458.3783507309433,0.0,0.0,0.0,167.17862819683538,214.7880254880002
3499,199.7853,0.0,9.423869889306125,0.0,471.1934944653063,0.0,0.0,0.0,162.5193055764174,216.84808554806025
3500,183.1354,0.0,9.400807966393824,0.0,470.0403983196912,0.0,0.0,0.0,178.0161094308023,218.90814560812032
3501,149.839,0.0,9.041048386788747,0.0,452.05241933943734,0.0,0.0,0.0,193.32453045054845,220.9682056681804
3502,99.8926,0.0,8.751509204262549,0.0,437.5754602131274,0.0,0.0,0.0,228.79397132423853,223.02826572824046
3503,66.5962,0.0,8.888873263020407,0.0,444.44366315102036,0.0,0.0,0.0,268.9585742621315,225.08832578830052
3504,49.9463,0.0,9.497903092138998,0.0,474.89515460694986,0.0,0.0,0.0,316.059965718061,227.1483858483606
3505,39.9557,0.0,10.49330490373083,0.0,524.6652451865416,0.0,0.0,0.0,375.8206562976527,229.20844590842066
3506,33.2964,0.0,11.446759845348042,0.0,572.3379922674021,0.0,0.0,0.0,430.15270337851325,231.26850596848072
3507,26.6371,0.0,11.889659135293988,0.0,594.4829567646993,0.0,0.0,0.0,458.9569678758104,233.3285660285408
3508,26.6371,0.0,12.012773791452844,0.0,600.6386895726422,0.0,0.0,0.0,465.11270068375325,235.38862608860086
3509,33.2964,0.0048969971934718914,11.98058010810811,2.6443784844748213,599.0290054054055,0.0,0.0,0.0,459.4880950009915,237.44868614866093
3510,83.2427,0.034002283883197496,11.67743943914396,18.361233296926645,583.871971957198,0.0,0.0,0.0,410.1016163652357,239.508746208721
3511,133.189,0.07446929708465642,11.20352858027137,40.21342042571447,560.1764290135685,0.0,0.0,0.0,358.31196055039413,241.56880626878106
3512,166.4889,0.11343362956039976,11.48848713594705,61.254159962615866,574.4243567973525,0.0,0.0,0.0,360.3007278710795,243.62886632884113
3513,199.7853,0.14935241136631885,11.751443565290678,80.65030213781218,587.5721782645339,0.0,0.0,0.0,359.54829151345723,245.6889263889012
3514,233.0817,0.16912708801160067,11.73556084311969,91.32862752626437,586.7780421559845,0.0,0.0,0.0,336.13608079335995,247.74898644896126
3515,249.7316,0.17771990889271716,11.4155267781401,95.96875080206726,570.776338907005,0.0,0.0,0.0,308.12460082018333,249.80904650902133
3516,249.7316,0.1795043867670344,11.208669696,96.93236885419857,560.4334848,0.0,0.0,0.0,298.74536476530966,251.8691065690814
3517,216.4318,0.172783091994097,11.188114086054055,93.30286967681238,559.4057043027027,0.0,0.0,0.0,327.38788509062624,253.92916662914146
3518,199.7853,0.1406948491133045,10.741837462804193,75.97521852118443,537.0918731402097,0.0,0.0,0.0,304.3929027725052,255.98922668920153
3519,183.1354,0.09846548027344279,9.973555184432435,53.171359347659106,498.6777592216217,0.0,0.0,0.0,259.8248296803919,258.04928674926157
3520,166.4889,0.05827400563831849,9.226677017239934,31.467963044691984,461.3338508619967,0.0,0.0,0.0,217.42402501779983,260.1093468093216
3521,133.189,0.022651167299669903,8.906693657698844,12.231630341821749,445.3346828849422,0.0,0.0,0.0,215.48842433787505,262.16940686938165
3522,183.1354,0.0015438555426933104,8.839980437003861,0.8336819930543876,441.99902185019306,0.0,0.0,0.0,150.80841495435854,264.2294669294417
3523,199.7853,0.0,8.893326301158302,0.0,444.6663150579151,0.0,0.0,0.0,135.9921261690262,266.2895269895017
3524,183.1354,0.0,8.498028191947048,0.0,424.9014095973524,0.0,0.0,0.0,132.87712070846354,268.34958704956176
3525,149.839,0.0,7.662707734309983,0.0,383.1353867154991,0.0,0.0,0.0,124.40749782661024,270.4096471096218
3526,99.8926,0.0,6.541696728710425,0.0,327.08483643552125,0.0,0.0,0.0,118.30334754663235,272.46970716968184
3527,66.5962,0.0,5.541908063699946,0.0,277.0954031849973,0.0,0.0,0.0,101.61031429610838,274.5297672297419
3528,49.9463,0.0,5.4652090457804725,0.0,273.26045228902365,0.0,0.0,0.0,114.42526340013475,276.5898272898019
3529,39.9557,0.0,5.264821827035851,0.0,263.24109135179253,0.0,0.0,0.0,114.39650246290364,278.64988734986196
3530,33.2964,0.0,4.698779332518478,0.0,234.93896662592388,0.0,0.0,0.0,92.75367773703499,280.709947409922
3531,26.6371,0.0,3.860926179618311,0.0,193.04630898091554,0.0,0.0,0.0,57.52032009202665,282.77000746998203
3532,26.6371,0.0,3.904584496997241,0.0,195.22922484986205,0.0,0.0,0.0,59.70323596097316,284.8300675300421
3533,33.2964,0.005070434732260948,4.040006623699945,2.7380347554209115,202.00033118499726,0.0,0.0,0.0,62.55307705152927,286.8901275901021
3534,83.2427,0.03577388851703652,4.065163094557088,19.317899799199722,203.2581547278544,0.0,0.0,0.0,30.444465638165212,288.95018765016215
3535,133.189,0.07916386302802475,4.677517456873691,42.74848603513336,233.87587284368453,0.0,0.0,0.0,34.546469989928994,291.0102477102222
3536,166.4889,0.12296007036657058,5.779227271730831,66.39843799794812,288.96136358654155,0.0,0.0,0.0,79.98201269560079,293.0703077702822
3537,199.7853,0.15480048843085384,5.997864179715389,83.59226375266108,299.89320898576943,0.0,0.0,0.0,74.81128384954164,295.13036783034227
3538,233.0817,0.17806572384783298,4.759834261498068,96.15549087782982,237.9917130749034,0.0,0.0,0.0,74.81128384954164,297.0424179051237
3539,249.7316,0.18893312456917757,3.602099172147822,102.02388726735589,180.1049586073911,0.0,0.0,0.0,74.81128384954164,297.65533877302437
3540,249.7316,0.1923684066111649,3.1284895024644244,103.87893957002905,156.4244751232212,0.0,0.0,0.0,74.81128384954164,297.8553460780318
3541,216.4318,0.17816924896338376,2.921523063598455,96.21139444022722,146.07615317992276,0.0,0.0,0.0,74.81128384954164,298.34450887084546
3542,199.7853,0.15302516882372105,2.785458898285713,82.63359116480937,139.27294491428566,0.0,0.0,0.0,74.81128384954164,298.76301874261213
3543,183.1354,0.11082674284018523,2.9873046812664095,59.846441133700026,149.3652340633205,0.0,0.0,0.0,74.81128384954164,299.256353678772
3544,166.4889,0.06669647897485072,3.42402625687369,36.01609864641939,171.2013128436845,0.0,0.0,0.0,74.81128384954164,300.0268930853415
3545,133.189,0.026885608507036186,3.8772657994131263,14.51822859379954,193.86328997065633,0.0,0.0,0.0,74.81128384954164,301.44945424737176
3546,183.1354,0.0017818255992964474,4.206531949714287,0.9621858236200816,210.32659748571433,0.0,0.0,0.0,74.81128384954164,301.9820858234943
3547,199.7853,0.0,4.4561321990777705,0.0,222.8066099538885,0.0,0.0,0.0,74.81128384954164,302.4176241199192
3548,183.1354,0.0,4.790532513853283,0.0,239.52662569266417,0.0,0.0,0.0,74.81128384954164,303.48448514653717
3549,149.839,0.0,4.852271653312741,0.0,242.61358266563704,0.0,0.0,0.0,74.81128384954164,305.2396799537249
3550,99.8926,0.0,5.164661674996139,0.0,258.23308374980695,0.0,0.0,0.0,49.45159486091805,307.2997400137849
3551,66.5962,0.0,5.636131387128516,0.0,281.80656935642577,0.0,0.0,0.0,106.32148046753687,309.35980007384495
3552,49.9463,0.0,5.349696180915611,0.0,267.48480904578054,0.0,0.0,0.0,108.64962015689164,311.419860133905
3553,39.9557,0.0,4.240868559567566,0.0,212.0434279783783,0.0,0.0,0.0,63.19883908948941,313.47992019396503
3554,33.2964,0.0,3.1309127343938217,0.0,156.5456367196911,0.0,0.0,0.0,14.360347830802198,315.53998025402507
3555,26.6371,0.0,3.065840435715388,0.0,153.2920217857694,0.0,0.0,0.0,17.766032896880517,317.6000403140851
3556,26.6371,0.0,3.7905671161787087,0.0,189.52835580893543,0.0,0.0,0.0,54.00236692004654,319.66010037414514
3557,33.2964,0.004681332166154706,3.4037012327501386,2.5279193697235414,170.18506163750692,0.0,0.0,0.0,30.527692118341577,321.7201604342052
3558,83.2427,0.03247755036863882,3.248423373167126,17.537877199064965,162.4211686583563,0.0,0.0,0.0,30.527692118341577,323.54992913961587
3559,133.189,0.07213586381432475,3.547375620518478,38.95336645973537,177.3687810259239,0.0,0.0,0.0,30.527692118341577,325.1227184163716
3560,166.4889,0.11006974013767756,4.223680437445119,59.43765967434588,211.18402187225595,0.0,0.0,0.0,30.527692118341577,327.0927980672532
3561,199.7853,0.1509816528942051,4.644218133780475,81.53009256287075,232.21090668902374,0.0,0.0,0.0,5.066810363005601,329.15285812731327
3562,233.0817,0.17428536074751147,4.596027027027027,94.1140948036562,229.80135135135134,0.0,0.0,0.0,5.066810363005601,330.8713344059215
3563,249.7316,0.17714065435288218,4.629127344503034,95.65595335055637,231.4563672251517,0.0,0.0,0.0,5.066810363005601,332.3352939843809
3564,249.7316,0.17064034770554973,4.964558054054055,92.14578776099685,248.22790270270275,0.0,0.0,0.0,5.066810363005601,334.05014434450493
3565,216.4318,0.15183306674944175,5.372682951942637,81.98985604469854,268.63414759713186,0.0,0.0,0.0,25.30331475294153,336.11020440456497
3566,199.7853,0.13416648203863984,5.435367327382241,72.44990030086552,271.768366369112,0.0,0.0,0.0,35.544077781088646,338.170264464625
3567,183.1354,0.09507543608261322,5.155028355212354,51.340735484611145,257.7514177606177,0.0,0.0,0.0,17.067864356339925,340.23032452468505
3568,166.4889,0.05705728433589183,5.151819580858245,30.810933541381587,257.59097904291224,0.0,0.0,0.0,13.024123695404938,342.2903845847451
3569,133.189,0.022572549038319595,5.636131387128516,12.18917648069258,281.80656935642577,0.0,0.0,0.0,51.917856948229485,344.3504446448051
3570,183.1354,0.0015722817910873265,6.1783975445957,0.8490321671871564,308.91987722978496,0.0,0.0,0.0,17.744620508083216,346.41050470486516
3571,199.7853,0.0,6.653116538881414,0.0,332.6558269440707,0.0,0.0,0.0,23.981638055181833,348.4705647649252
3572,183.1354,0.0,7.184221757564256,0.0,359.21108787821277,0.0,0.0,0.0,67.18679898932388,350.53062482498524
3573,149.839,0.0,7.772958378537231,0.0,388.64791892686156,0.0,0.0,0.0,129.92003003797268,352.5906848850453
3574,99.8926,0.0,7.838745237074463,0.0,391.93726185372316,0.0,0.0,0.0,183.15577296483426,354.6507449451053
3575,66.5962,0.0,8.117911990857143,0.0,405.89559954285716,0.0,0.0,0.0,230.41051065396826,356.71080500516535
3576,49.9463,0.0,9.774008542146715,0.0,488.70042710733577,0.0,0.0,0.0,329.86523821844685,358.7708650652254
3577,39.9557,0.0,11.024517668147823,0.0,551.2258834073912,0.0,0.0,0.0,402.3812945185023,360.83092512528543
3578,33.2964,0.0,11.234397416595698,0.0,561.7198708297849,0.0,0.0,0.0,419.53458194089603,362.89098518534547
3579,26.6371,0.0,10.958486470918917,0.0,547.9243235459459,0.0,0.0,0.0,412.3983346570569,364.9510452454055
3580,26.6371,0.0,10.093523796015443,0.0,504.67618980077214,0.0,0.0,0.0,369.1502009118833,367.01110530546555
3581,33.2964,0.004462852930561799,9.077085919947049,2.409940582503372,453.85429599735244,0.0,0.0,0.0,314.07894769096697,369.0711653655256
3582,83.2427,0.03096125873759323,7.96300807444898,16.719079718300346,398.15040372244897,0.0,0.0,0.0,222.73789455186042,371.1312254255856
3583,133.189,0.06813608343114763,6.814793319360178,36.79348505281972,340.7396659680089,0.0,0.0,0.0,135.45526213193978,373.19128548564566
3584,166.4889,0.10668271027134645,6.04005629853723,57.608663546527076,302.0028149268615,0.0,0.0,0.0,84.23368958449967,375.2513455457057
3585,199.7853,0.13828051314156,5.7108220617142855,74.67147709644242,285.54110308571427,0.0,0.0,0.0,51.53839129326778,377.31140560576574
3586,233.0817,0.15372056725124186,5.830847608586873,83.0091063156706,291.54238042934367,0.0,0.0,0.0,32.58089785612535,379.3714656658258
3587,249.7316,0.16625002371747405,6.336721369698842,89.77501280743598,316.8360684849421,0.0,0.0,0.0,47.99059240348919,381.4315257258858
3588,249.7316,0.1561625887956433,6.512175186285714,84.32779794964738,325.6087593142857,0.0,0.0,0.0,51.31606837504421,383.49158578594586
3589,216.4318,0.1408900447279397,6.709250485445119,76.08062415308744,335.46252427225596,0.0,0.0,0.0,86.22245953645452,385.5516458460059
3590,199.7853,0.12419779237324433,7.341639938965249,67.06680788155194,367.0819969482625,0.0,0.0,0.0,125.47461594092553,387.61170590606594
3591,183.1354,0.09165828347318684,8.164316629250965,49.4954730755209,408.2158314625483,0.0,0.0,0.0,165.68701564918032,389.671765966126
3592,166.4889,0.052321263365589996,8.804526230557087,28.2534822174186,440.22631152785436,0.0,0.0,0.0,193.10200485638407,391.731826026186
3593,133.189,0.02106154953353301,9.30890932714396,11.373236748107825,465.445466357198,0.0,0.0,0.0,234.7408142164169,393.79188608624605
3594,183.1354,0.0015480801198724194,9.684557919452843,0.8359632647311065,484.22789597264216,0.0,0.0,0.0,193.03957034848438,395.8519461463061
3595,199.7853,0.0,9.769287899428573,0.0,488.46439497142865,0.0,0.0,0.0,179.79020608253975,397.91200620636613
3596,183.1354,0.0,9.844988007077772,0.0,492.2494003538886,0.0,0.0,0.0,200.22511146499969,399.97206626642617
3597,149.839,0.0,9.80709265099614,0.0,490.354632549807,0.0,0.0,0.0,231.6267436609181,402.0321263264862
3598,99.8926,0.0,9.483994559293988,0.0,474.1997279646994,0.0,0.0,0.0,265.41823907581045,404.09218638654625
3599,66.5962,0.0,8.964761857729732,0.0,448.2380928864866,0.0,0.0,0.0,272.7530039975977,406.1522464466063
3600,49.9463,0.0,8.415984128000002,0.0,420.79920640000006,0.0,0.0,0.0,261.96401751111114,408.2123065066663
3601,39.9557,0.0,7.61401478227027,0.0,380.7007391135135,0.0,0.0,0.0,231.85615022462466,410.27236656672636
3602,33.2964,0.0,6.8451305997837855,0.0,342.2565299891893,0.0,0.0,0.0,200.0712411003004,412.3324266267864
3603,26.6371,0.0,6.121416566433537,0.0,306.07082832167686,0.0,0.0,0.0,170.544839432788,414.39248668684644
3604,26.6371,0.0,5.75180740430226,0.0,287.59037021511296,0.0,0.0,0.0,152.0643813262241,416.4525467469065
3605,33.2964,0.004441280200985518,5.602372720432432,2.3982913085321798,280.11863602162157,0.0,0.0,0.0,140.33163844126486,418.5126068069665
3606,83.2427,0.0333306791159909,5.505147478980695,17.998566722635086,275.25737394903473,0.0,0.0,0.0,101.1243517827809,420.57266686702656
3607,133.189,0.07250676545551608,5.415526146718147,39.15365334597869,270.77630733590735,0.0,0.0,0.0,67.85207179299715,422.6327269270866
3608,166.4889,0.11861445053652486,5.451934208,64.05180328972342,272.5967104,0.0,0.0,0.0,61.27072480083453,424.69278698714663
3609,199.7853,0.15520635718783793,5.346417072926641,83.8114328814325,267.32085364633207,0.0,0.0,0.0,42.45809763887567,426.75284704720667
3610,233.0817,0.17292330476747875,5.297371751536681,93.37858457443852,264.86858757683405,0.0,0.0,0.0,16.276583262383696,428.8129071072667
3611,249.7316,0.1654134380317827,5.200073720339769,89.32325653716266,260.00368601698847,0.0,0.0,0.0,16.276583262383696,430.69714331775066
3612,249.7316,0.16225733602915585,5.161449402069497,87.61896145574416,258.07247010347487,0.0,0.0,0.0,16.276583262383696,432.51259959049264
3613,216.4318,0.14475936139643159,5.271322419715389,78.17005515407305,263.56612098576943,0.0,0.0,0.0,16.41548725095359,434.5726596505527
3614,199.7853,0.11445839268746674,5.551958676262549,61.807532051232045,277.59793381312744,0.0,0.0,0.0,30.731276975470593,436.6327197106127
3615,183.1354,0.08179647771238291,5.983839170718146,44.170097964686775,299.1919585359073,0.0,0.0,0.0,51.337767611705175,438.69277977067276
3616,166.4889,0.050409479727288556,6.608413127413126,27.22111905273582,330.4206563706563,0.0,0.0,0.0,82.26398653450323,440.7528398307328
3617,133.189,0.02078123061256545,7.529255739552124,11.221864530785343,376.4627869776062,0.0,0.0,0.0,145.60676261950266,442.81289989079283
3618,183.1354,0.0015447807561096594,8.71187561421732,0.8341816082992161,435.593780710866,0.0,0.0,0.0,144.4036734302763,444.8729599508529
3619,199.7853,0.0,9.778730599077772,0.0,488.93652995388857,0.0,0.0,0.0,180.26234106499967,446.9330200109129
3620,183.1354,0.0,10.424364631545508,0.0,521.2182315772754,0.0,0.0,0.0,229.19394268838656,448.99308007097295
3621,149.839,0.0,10.483438957714284,0.0,524.1719478857142,0.0,0.0,0.0,265.44405899682533,451.053140131033
3622,99.8926,0.0,10.069458759413125,0.0,503.4729379706563,0.0,0.0,0.0,294.69144908176736,453.11320019109303
3623,66.5962,0.0,9.322658559293988,0.0,466.1329279646994,0.0,0.0,0.0,290.64783907581045,455.17326025115307
3624,49.9463,0.0,8.295965270980695,0.0,414.79826354903474,0.0,0.0,0.0,255.96307466014585,457.2333203112131
3625,39.9557,0.0,7.227305919576392,0.0,361.36529597881963,0.0,0.0,0.0,212.52070708993077,459.29338037127314
3626,33.2964,0.0,6.050631801822394,0.0,302.5315900911197,0.0,0.0,0.0,160.34630120223082,461.3534404313332
3627,26.6371,0.0,4.95828080068836,0.0,247.914040034418,0.0,0.0,0.0,112.38805114552912,463.4135004913932
3628,26.6371,0.0,4.200824586872589,0.0,210.04122934362942,0.0,0.0,0.0,74.51524045474054,465.47356055145326
3629,33.2964,0.00452026590748084,3.7235950107181477,2.440943590039654,186.17975053590737,0.0,0.0,0.0,46.43540523705815,467.5336206115133
3630,83.2427,0.02710807691209878,3.3506633996072814,14.63836153253334,167.53316998036408,0.0,0.0,0.0,46.43540523705815,469.4052471536492
3631,133.189,0.060376131133610234,2.9849418578532814,32.60311081214953,149.24709289266406,0.0,0.0,0.0,46.43540523705815,470.3258645210376
3632,166.4889,0.0939119765295328,2.7130941467181477,50.71246732594771,135.65470733590737,0.0,0.0,0.0,46.43540523705815,470.70193998761323
3633,199.7853,0.12034718306520097,2.719835806711527,64.98747885520852,135.99179033557635,0.0,0.0,0.0,46.43540523705815,470.72452859392536
3634,233.0817,0.14322399396954072,2.9991338109740764,77.34095674355198,149.95669054870382,5.784052707744195,0.0,0.0,0.0,470.3385390905724
3635,249.7316,0.15366452864521288,3.411315336719251,82.97884546841496,170.56576683596253,0.0,0.0,0.0,0.0,470.41067716119574
3636,249.7316,0.15196890031930116,3.831070541837839,82.06320617242264,191.55352709189197,0.0,0.0,0.0,0.0,470.8625580607909
3637,216.4318,0.13867043711357688,4.121382425698841,74.88203604133152,206.06912128494207,0.0,0.0,0.0,0.0,472.0831945507474
3638,199.7853,0.11437482259747996,4.235134778881411,61.762404202639175,211.75673894407058,0.0,0.0,0.0,0.0,473.4781591508203
3639,183.1354,0.0859299946678341,4.178039088997243,46.40219712063042,208.90195444986216,0.0,0.0,0.0,0.0,474.84351391026206
3640,166.4889,0.05068527937796943,4.315809535576394,27.370050864103494,215.79047677881968,0.0,0.0,0.0,0.0,476.29405821702005
3641,133.189,0.019927037901911346,4.762898956425813,10.760600467032127,238.14494782129066,0.0,0.0,0.0,6.827659399433912,478.3541182770801
3642,183.1354,0.0015789365906354706,5.448618462217318,0.8526257589431542,272.43092311086593,0.0,0.0,0.0,6.827659399433912,480.05962379623867
3643,199.7853,0.0,6.153429674572532,0.0,307.6714837286266,0.0,0.0,0.0,6.827659399433912,482.10071375867216
3644,183.1354,0.0,6.627017566464423,0.0,331.35087832322114,0.0,0.0,0.0,39.32658943433225,484.1607738187322
3645,149.839,0.0,6.56018834737562,0.0,328.009417368781,0.0,0.0,0.0,69.2815284798921,486.22083387879223
3646,99.8926,0.0,6.25726068311969,0.0,312.8630341559845,0.0,0.0,0.0,104.0815452670956,488.2808939388523
3647,66.5962,0.0,6.015422873239934,0.0,300.7711436619967,0.0,0.0,0.0,125.2860547731078,490.3409539989123
3648,49.9463,0.0,5.673404170872587,0.0,283.6702085436293,0.0,0.0,0.0,124.83501965474042,492.40101405897235
3649,39.9557,0.0,5.145405529239933,0.0,257.2702764619967,0.0,0.0,0.0,108.42568757310778,494.4610741190324
3650,33.2964,0.0,4.467941692858246,0.0,223.3970846429123,0.0,0.0,0.0,81.2117957540234,496.5211341790924
3651,26.6371,0.0,3.85548822931274,0.0,192.774411465637,0.0,0.0,0.0,57.24842257674811,498.58119423915247
3652,26.6371,0.0,3.441865158001103,0.0,172.09325790005514,0.0,0.0,0.0,36.567269011166246,500.6412542992125
3653,33.2964,0.004272994914254235,3.1698223938223933,2.3074172536972872,158.49111969111965,0.0,0.0,0.0,18.61324805592804,502.70131435927254
3654,83.2427,0.028620616499476316,3.1454734120242698,15.455132909717213,157.2736706012135,0.0,0.0,0.0,18.61324805592804,504.3942946959658
3655,133.189,0.061625246054093794,3.323063454711528,33.27763286921065,166.1531727355764,0.0,0.0,0.0,18.61324805592804,505.6475180452456
3656,166.4889,0.095838044175876,3.3255673874285727,51.75254385497305,166.27836937142862,0.0,0.0,0.0,18.61324805592804,506.6226372143937
3657,199.7853,0.12786894518564157,3.162507034016546,69.04923040024644,158.1253517008273,0.0,0.0,0.0,18.61324805592804,507.14081282171134
3658,233.0817,0.14949519462535438,2.8866039754131276,80.72740509769136,144.33019877065638,8.024096131652271,0.0,0.0,0.0,506.60533760438386
3659,249.7316,0.14727638463068812,2.7063612649266418,79.52924770057159,135.3180632463321,34.884289053096296,0.0,0.0,0.0,504.27739038696
3660,249.7316,0.15507588424646943,2.728838351567568,83.7409774930935,136.4419175783784,29.54870492852811,0.0,0.0,0.0,502.30550483951066
3661,216.4318,0.14665830449683454,2.8220179795521227,79.19548442829065,141.10089897760614,0.0,0.0,0.0,0.0,502.37861857962224
3662,199.7853,0.1211916777112992,2.966075265306122,65.44350596410156,148.3037632653061,0.0,0.0,0.0,0.0,502.64276394342187
3663,183.1354,0.08647640492629695,3.290605963119692,46.69725866020035,164.53029815598458,0.0,0.0,0.0,0.0,503.17423718048485
3664,166.4889,0.05109227397915221,3.9073222857142853,27.589827948742197,195.36611428571427,0.0,0.0,0.0,0.0,504.2425325741097
3665,133.189,0.02123627656377365,4.775169133290679,11.467589344437773,238.75845666453395,0.0,0.0,0.0,8.148157120082857,506.30259263416974
3666,183.1354,0.0018174386670811908,5.938392442810811,0.981416880223843,296.9196221405405,0.0,0.0,0.0,5.876750131875468,508.3626526942298
3667,199.7853,0.0,6.955784469074463,0.0,347.78922345372314,0.0,0.0,0.0,39.11503456483425,510.4227127542898
3668,183.1354,0.0,7.764758763984555,0.0,388.23793819922776,0.0,0.0,0.0,96.21364931033887,512.4827728143499
3669,149.839,0.0,7.756564419953669,0.0,387.82822099768345,0.0,0.0,0.0,129.10033210879456,514.54283287441
3670,99.8926,0.0,7.025004933259791,0.0,351.2502466629896,0.0,0.0,0.0,142.46875777410068,516.6028929344701
3671,66.5962,0.0,6.196268631545506,0.0,309.81343157727525,0.0,0.0,0.0,134.32834268838636,518.6629529945302
3672,49.9463,0.0,5.151819580858245,0.0,257.59097904291224,0.0,0.0,0.0,98.75579015402334,520.7230130545903
3673,39.9557,0.0,4.040006623699945,0.0,202.00033118499726,0.0,0.0,0.0,53.15574229610837,522.7830731146504
3674,33.2964,0.0,3.0778353218929944,0.0,153.8917660946497,0.0,0.0,0.0,11.70647720576082,524.8431331747105
3675,26.6371,0.0,2.4826254826254828,0.0,124.13127413127414,0.0,0.0,0.0,11.70647720576082,526.687617550167
3676,26.6371,0.0,2.234117624833977,0.0,111.70588124169885,0.0,0.0,0.0,11.70647720576082,528.29702692501
3677,33.2964,0.004879089575227305,2.1276883151285166,2.6347083706227443,106.38441575642584,0.0,0.0,0.0,11.70647720576082,529.7296190030893
3678,83.2427,0.03278654616545753,2.1996974930038604,17.70473492934707,109.98487465019302,0.0,0.0,0.0,11.70647720576082,530.5705064816211
3679,133.189,0.07249921043519687,2.4569599036999454,39.14957363500631,122.84799518499727,0.0,0.0,0.0,11.70647720576082,531.1155334592969
3680,166.4889,0.11390912064744171,2.719835806711527,61.51092514961852,135.99179033557635,0.0,0.0,0.0,11.70647720576082,531.7022813198276
3681,199.7853,0.13482738871997113,2.8542141056988415,72.80678990878442,142.71070528494207,0.0,0.0,0.0,11.70647720576082,531.9999174451144
3682,233.0817,0.15406551275351243,2.942581890788748,83.19537688689671,147.1290945394374,2.757228573665884,0.0,0.0,0.0,531.8159182076325
3683,249.7316,0.1785754346475147,3.160070613074463,96.43073470965794,158.00353065372315,0.0,0.0,0.0,0.0,531.9048875523451
3684,249.7316,0.17277263011017419,3.5344144247104254,93.29722025949405,176.72072123552127,0.0,0.0,0.0,0.0,532.2886832022508
3685,216.4318,0.15651226891002815,3.9705891128339754,84.5166252114152,198.52945564169877,0.0,0.0,0.0,0.0,533.5489533805529
3686,199.7853,0.13361857893157034,4.441395483004963,72.15403262304798,222.06977415024815,0.0,0.0,0.0,0.0,535.3356278330207
3687,183.1354,0.0968615867767626,4.781311062980696,52.3052568594518,239.0655531490348,0.0,0.0,0.0,0.0,537.3833247791272
3688,166.4889,0.05772659595141446,5.167875114537233,31.172361813763807,258.3937557268616,0.0,0.0,0.0,14.188328651736555,539.4433848391873
3689,133.189,0.02376767020919039,5.75523067114396,12.834541912962809,287.761533557198,0.0,0.0,0.0,58.51818658127195,541.5034448992474
3690,183.1354,0.002002464840736422,6.457037735607282,1.081331013997668,322.8518867803641,0.0,0.0,0.0,31.90892890547289,543.5635049593075
3691,199.7853,0.0,7.090760070001101,0.0,354.5380035000551,0.0,0.0,0.0,45.86381461116619,545.6235650193676
3692,183.1354,0.0,7.489096739618311,0.0,374.4548369809155,0.0,0.0,0.0,82.43054809202661,547.6836250794277
3693,149.839,0.0,7.437084840595697,0.0,371.8542420297848,0.0,0.0,0.0,113.12635314089593,549.7436851394878
3694,99.8926,0.0,6.967292505239932,0.0,348.3646252619966,0.0,0.0,0.0,139.5831363731077,551.8037451995478
3695,66.5962,0.0,6.318609535082184,0.0,315.93047675410924,0.0,0.0,0.0,140.44538786522034,553.863805259608
3696,49.9463,0.0,5.518498308518476,0.0,275.9249154259238,0.0,0.0,0.0,117.08972653703492,555.923865319668
3697,39.9557,0.0,4.717048061776062,0.0,235.8524030888031,0.0,0.0,0.0,87.00781419991421,557.9839253797281
3698,33.2964,0.0,3.95678685853723,0.0,197.8393429268615,0.0,0.0,0.0,55.6540540379726,560.0439854397882
3699,26.6371,0.0,3.5707718417297287,0.0,178.53859208648643,0.0,0.0,0.0,43.01260319759754,562.1040454998483
3700,26.6371,0.0,3.42402625687369,0.0,171.2013128436845,0.0,0.0,0.0,35.6753239547956,564.1641055599084
3701,33.2964,0.004712686635734116,3.31555783444898,2.544850783296423,165.777891722449,0.0,0.0,0.0,26.137453616856533,566.2241656199685
3702,83.2427,0.03137018719960792,3.3105592337297303,16.93990108778828,165.52796168648652,0.0,0.0,0.0,26.137453616856533,568.1013984292116
3703,133.189,0.06774376342515943,3.365770535077771,36.58163224958609,168.28852675388853,0.0,0.0,0.0,26.137453616856533,569.4575284644125
3704,166.4889,0.0990034128085491,3.429117891282956,53.46184291661652,171.4558945641478,0.0,0.0,0.0,26.137453616856533,570.5629389032378
3705,199.7853,0.1269324827773447,3.63357811669498,68.54354069976614,181.678905834749,0.0,0.0,0.0,26.137453616856533,571.5171551890259
3706,233.0817,0.13492764168024304,3.871814962974076,72.86092650733124,193.5907481487038,0.0,0.0,0.0,26.137453616856533,572.1484790338698
3707,249.7316,0.13727036414709384,3.9705891128339754,74.12599663943068,198.52945564169877,0.0,0.0,0.0,26.137453616856533,572.5821735364857
3708,249.7316,0.131140623155603,3.869091156262547,70.81593650402561,193.45455781312734,0.0,0.0,0.0,26.137453616856533,572.8572336992427
3709,216.4318,0.11383187178235221,3.659926650881413,61.46921076247019,182.99633254407064,0.0,0.0,0.0,26.137453616856533,573.3876018158529
3710,199.7853,0.09272869610394902,3.59686743153668,50.07349589613247,179.84337157683402,0.0,0.0,0.0,26.137453616856533,573.9576584977739
3711,183.1354,0.07375599948286991,3.4802630256679548,39.82823972074975,174.01315128339775,0.0,0.0,0.0,26.137453616856533,574.5385826519064
3712,166.4889,0.046115822713440155,3.59686743153668,24.902544265257685,179.84337157683402,0.0,0.0,0.0,26.137453616856533,575.2623640327027
3713,133.189,0.019315479361581848,4.110103627119693,10.430358855254198,205.50518135598463,0.0,0.0,0.0,26.137453616856533,576.8278391177803
3714,183.1354,0.0018316718398021536,4.7140004339856585,0.989102793493163,235.70002169928293,0.0,0.0,0.0,26.137453616856533,577.8410176892652
3715,199.7853,0.0,5.065622639444016,0.0,253.28113197220082,0.0,0.0,0.0,26.137453616856533,578.8531009968474
3716,183.1354,0.0,4.964558054054055,0.0,248.22790270270275,0.0,0.0,0.0,26.137453616856533,580.0845807777093
3717,149.839,0.0,4.608047701321566,0.0,230.4023850660783,0.0,0.0,0.0,26.137453616856533,581.6087529276081
3718,99.8926,0.0,4.209387280555983,0.0,210.46936402779917,0.0,0.0,0.0,1.687875138910286,583.6688129876682
3719,66.5962,0.0,3.731596531715388,0.0,186.57982658576938,0.0,0.0,0.0,11.0947376968805,585.7288730477283
3720,49.9463,0.0,3.1260672835918366,0.0,156.30336417959182,0.0,0.0,0.0,11.0947376968805,587.7410337213962
3721,39.9557,0.0,2.4314312075366797,0.0,121.57156037683399,0.0,0.0,0.0,11.0947376968805,589.2851175663633
3722,33.2964,0.0,1.9018121012597908,0.0,95.09060506298954,0.0,0.0,0.0,11.0947376968805,590.454197121609
3723,26.6371,0.0,1.6160964369156094,0.0,80.80482184578047,0.0,0.0,0.0,11.0947376968805,591.4789918592319
3724,26.6371,0.0,1.5694386612597901,0.0,78.4719330629895,0.0,0.0,0.0,11.0947376968805,592.4596508631263
3725,33.2964,0.004732648650689613,1.6510609868108115,2.555630271372391,82.55304934054057,0.0,0.0,0.0,11.0947376968805,593.4398831801084
3726,83.2427,0.031055185683954035,1.8495795781400992,16.76980026933518,92.47897890700496,0.0,0.0,0.0,11.0947376968805,593.9318900834445
3727,133.189,0.06645976510083751,2.193651111077771,35.88827315445226,109.68255555388855,0.0,0.0,0.0,11.0947376968805,594.1661408968455
3728,166.4889,0.11075900055354426,2.517059815854385,59.809860298913904,125.85299079271925,0.0,0.0,0.0,11.0947376968805,594.5288913229034
3729,199.7853,0.15408361451201594,2.617425520679537,83.2051518364886,130.87127603397687,0.0,0.0,0.0,11.0947376968805,594.7992640123447
3730,233.0817,0.17725853950397666,2.4998120952939877,95.7196113321474,124.99060476469938,12.371483903153234,0.0,0.0,0.0,593.9736728276164
3731,249.7316,0.18233053965100807,2.3682059273601763,98.45849141154436,118.41029636800882,32.86281222044681,0.0,0.0,0.0,591.7806256323913
3732,249.7316,0.17705051305067857,2.2688059231594035,95.60727704736642,113.44029615797018,40.68402679466337,0.0,0.0,0.0,589.0656421959774
3733,216.4318,0.1700964779158684,2.179575205348042,91.85209807456894,108.9787602674021,15.600941658028972,0.0,0.0,0.0,588.0245383148944
3734,199.7853,0.14499900946767438,2.1276883151285166,78.29946511254417,106.38441575642584,15.101419131030012,0.0,0.0,0.0,587.0167692704479
3735,183.1354,0.10755560181249944,2.0238339768339775,58.080024978749705,101.19169884169888,23.86367617955142,0.0,0.0,0.0,585.4242650208948
3736,166.4889,0.06234253647335716,2.0921298532818526,33.66496969561287,104.60649266409263,28.21743764029452,0.0,0.0,0.0,583.541219465987
3737,133.189,0.026376842545018427,2.67060058002427,14.243494974309952,133.53002900121348,0.0,0.0,0.0,0.0,583.8171428925509
3738,183.1354,0.002201197913069637,3.6204434409972417,1.188646873057604,181.0221720498621,0.9245810770803189,0.0,0.0,0.0,583.75544245364
3739,199.7853,0.0,4.542157112163267,0.0,227.10785560816333,0.0,0.0,0.0,0.0,584.2723556678484
3740,183.1354,0.0,5.219448979591839,0.0,260.97244897959195,0.0,0.0,0.0,0.0,585.7449484863812
3741,149.839,0.0,5.290852371027026,0.0,264.5426185513513,0.0,0.0,0.0,5.81472966246244,587.8050085464413
3742,99.8926,0.0,4.747586872586872,0.0,237.37934362934362,0.0,0.0,0.0,28.59785474045472,589.8650686065014
3743,66.5962,0.0,4.118561086587975,0.0,205.92805432939875,0.0,0.0,0.0,30.44296544050988,591.9251286665615
3744,49.9463,0.0,3.3758626236999447,0.0,168.79313118499724,0.0,0.0,0.0,9.957942296108342,593.9851887266216
3745,39.9557,0.0,2.613019428571427,0.0,130.65097142857135,0.0,0.0,0.0,9.957942296108342,595.701045213108
3746,33.2964,0.0,1.9509397481478217,0.0,97.54698740739109,0.0,0.0,0.0,9.957942296108342,596.9165968667614
3747,26.6371,0.0,1.5849219768339768,0.0,79.24609884169884,0.0,0.0,0.0,9.957942296108342,597.9119022502531
3748,26.6371,0.0,1.3502046458775514,0.0,67.51023229387756,0.0,0.0,0.0,9.957942296108342,598.6851777260832
3749,33.2964,0.005335789232555382,1.1348692818532817,2.881326185579906,56.743464092664084,0.0,0.0,0.0,9.957942296108342,599.183282407023
3750,83.2427,0.03512549115380889,1.0539393270821844,18.9677652230568,52.69696635410922,11.577968422833976,0.0,0.0,0.0,598.410645208302
3751,133.189,0.07578221121074535,1.3453909134826256,40.92239405380249,67.26954567413128,24.99706027206622,0.0,0.0,0.0,596.7425063846739
3752,166.4889,0.11463540244118355,1.704155348333149,61.90311731823911,85.20776741665745,19.378015265103443,0.0,0.0,0.0,595.4493455394885
3753,199.7853,0.1501857920208306,1.8961823951285168,81.10032769124852,94.80911975642584,23.875852552325625,0.0,0.0,0.0,593.8560287191798
3754,233.0817,0.16874722615805024,2.0471242944247106,91.12350212534713,102.35621472123553,39.601983153417336,0.0,0.0,0.0,591.2132537339668
3755,249.7316,0.18132654837999657,2.084268182804192,97.91633612519816,104.2134091402096,47.60185473459222,0.0,0.0,0.0,588.0366201180448
3756,249.7316,0.1863417946087624,2.0296443182173185,100.6245690887317,101.48221591086593,47.62481500040235,0.0,0.0,0.0,584.8584542855187
3757,216.4318,0.16873092375331947,1.9509397481478217,91.11469882679252,97.54698740739109,27.770113765816404,0.0,0.0,0.0,583.0052601736858
3758,199.7853,0.13964592760344408,2.0141681809156085,75.4088009058598,100.70840904578043,23.668090048359772,0.0,0.0,0.0,581.4258080516731
3759,183.1354,0.1045522948799905,2.2199122117683388,56.45823923519487,110.99561058841694,15.681550176388214,0.0,0.0,0.0,580.3793248900856
3760,166.4889,0.06351955918643189,2.5560911745482624,34.30056196067322,127.80455872741312,4.383779311913656,0.0,0.0,0.0,580.0867803914595
3761,133.189,0.026215123411089433,3.041926203128516,14.156166641988294,152.0963101564258,0.0,0.0,0.0,0.0,580.7123056281862
3762,183.1354,0.002297001472810688,3.8827209346188627,1.2403807953177715,194.13604673094312,0.0,0.0,0.0,0.0,580.9438926354397
3763,199.7853,0.0,4.753708289306123,0.0,237.68541446530614,0.0,0.0,0.0,0.0,581.6609218280266
3764,183.1354,0.0,5.183959818872587,0.0,259.19799094362935,0.0,0.0,0.0,0.0,583.099943818852
3765,149.839,0.0,5.008628088833976,0.0,250.4314044416988,0.0,0.0,0.0,0.0,585.0030433623436
3766,99.8926,0.0,4.53917502891561,0.0,226.95875144578048,0.0,0.0,0.0,18.17726255689159,587.0631034224037
3767,66.5962,0.0,4.037216899035851,0.0,201.86084495179256,0.0,0.0,0.0,26.375756062903662,589.1231634824638
3768,49.9463,0.0,3.3935636050744615,0.0,169.67818025372307,0.0,0.0,0.0,10.842991364834177,591.1832235425239
3769,39.9557,0.0,2.742371478239383,0.0,137.11857391196915,0.0,0.0,0.0,10.842991364834177,593.0214400759936
3770,33.2964,0.0,2.151558883618312,0.0,107.5779441809156,0.0,0.0,0.0,10.842991364834177,594.4267665875244
3771,26.6371,0.0,2.006451824679537,0.0,100.32259123397684,0.0,0.0,0.0,10.842991364834177,595.8208164216808
3772,26.6371,0.0,1.8961823951285168,0.0,94.80911975642584,0.0,0.0,0.0,10.842991364834177,597.1105573359915
3773,33.2964,0.004727452497544719,1.5369782978223934,2.5528243486741484,76.84891489111966,0.0,0.0,0.0,10.842991364834177,597.9828205107984
3774,83.2427,0.030574475670368185,1.4020141388108112,16.51021686199882,70.10070694054056,0.0,0.0,0.0,10.842991364834177,598.0465436638194
3775,133.189,0.06642479434068144,1.5814752630821847,35.86938894396798,79.07376315410923,18.245847901922787,0.0,0.0,0.0,596.8289361962236
3776,166.4889,0.10271455212056607,1.8514330370965255,55.46585814510568,92.57165185482627,18.451390000068045,0.0,0.0,0.0,595.5976122055617
3777,199.7853,0.13709177661483757,2.0412894712939873,74.02955937201229,102.06447356469937,23.691267063288365,0.0,0.0,0.0,594.0166134025395
3778,233.0817,0.15527151430572517,2.151558883618312,83.84661772509159,107.5779441809156,41.65713809399284,0.0,0.0,0.0,591.236690940478
3779,249.7316,0.16890462635183442,2.157547194069498,91.20849822999058,107.8773597034749,50.645742066534496,0.0,0.0,0.0,587.8569283734753
3780,249.7316,0.16717494994370571,2.1675461115763923,90.27447296960108,108.37730557881962,51.079821451579306,0.0,0.0,0.0,584.4481982132097
3781,216.4318,0.1623155951981661,2.2749553032895746,87.6504214070097,113.74776516447874,15.033613428511558,0.0,0.0,0.0,583.4449540738362
3782,199.7853,0.14235163250019606,2.652813539618313,76.86988155010587,132.64067698091563,0.0,0.0,0.0,0.0,583.6289454514501
3783,183.1354,0.10364147633078376,3.1673829241787104,55.96639721862323,158.36914620893552,0.0,0.0,0.0,0.0,584.2192184352148
3784,166.4889,0.0628523096791056,3.5551649174451194,33.94024722671703,177.75824587225597,0.0,0.0,0.0,0.0,585.0745350614116
3785,133.189,0.025810564643981685,3.9595451468814122,13.93770490775011,197.9772573440706,0.0,0.0,0.0,0.0,586.5639451580677
3786,183.1354,0.002234635793952298,4.692698838804192,1.206703328734241,234.63494194020961,0.0,0.0,0.0,0.0,587.5610903388315
3787,199.7853,0.0,5.572092080503033,0.0,278.6046040251517,0.0,0.0,0.0,0.0,589.0522663609289
3788,183.1354,0.0,6.268060994788748,0.0,313.4030497394374,0.0,0.0,0.0,21.378760850548503,591.112326420989
3789,149.839,0.0,6.5935521663011585,0.0,329.6776083150579,0.0,0.0,0.0,70.94971942616903,593.1723864810491
3790,99.8926,0.0,6.694253728123553,0.0,334.7126864061777,0.0,0.0,0.0,125.93119751728878,595.2324465411092
3791,66.5962,0.0,6.679277127730833,0.0,333.96385638654164,0.0,0.0,0.0,158.47876749765274,597.2925066011693
3792,49.9463,0.0,6.343974776904577,0.0,317.1987388452289,0.0,0.0,0.0,158.36354995634,599.3525666612294
3793,39.9557,0.0,5.959342301158301,0.0,297.96711505791507,0.0,0.0,0.0,149.1225261690262,601.4126267212895
3794,33.2964,0.0,5.212985881239933,0.0,260.64929406199667,0.0,0.0,0.0,118.46400517310778,603.4726867813496
3795,26.6371,0.0,4.379805864595697,0.0,218.99029322978487,0.0,0.0,0.0,83.46430434089598,605.5327468414097
3796,26.6371,0.0,3.594253140015444,0.0,179.7126570007722,0.0,0.0,0.0,44.18666811188331,607.5928069014698
3797,33.2964,0.0040848591809242345,3.085044355212354,2.205823957699087,154.2522177606177,0.0,0.0,0.0,14.272752829427901,609.6528669615299
3798,83.2427,0.026850435948601422,2.6683738025372308,14.49923541224477,133.41869012686155,0.0,0.0,0.0,14.272752829427901,610.876452309567
3799,133.189,0.06010295980675064,2.3120279601632645,32.455598295645345,115.60139800816323,0.0,0.0,0.0,14.272752829427901,611.1577387261254
3800,166.4889,0.09161449222873917,2.0277066319426367,49.47182580351915,101.38533159713184,15.631742599349025,0.0,0.0,0.0,610.1145793935029
3801,199.7853,0.1262494742338312,1.6970310353756206,68.17471608626884,84.85155176878104,46.75903214495014,0.0,0.0,0.0,606.9941901946407
3802,233.0817,0.1521071018865916,1.4646444247192498,82.13783501875946,73.2322212359625,77.4,0.0,0.3116437452780474,0.0,601.8290250294756
3803,249.7316,0.15687508375997414,1.5200170492399336,84.71254523038603,76.00085246199669,77.4,11.618202307617253,0.0,0.0,596.6638598643104
3804,249.7316,0.1663916518465118,1.8218838921389962,89.85149199711638,91.09419460694981,68.78591339593379,0.0,0.0,0.0,592.073541986704
3805,216.4318,0.14920108442158556,2.2893364919845567,80.5685855876562,114.46682459922783,21.396389813115974,0.0,0.0,0.0,590.6456881453215
3806,199.7853,0.1322227649583756,2.824311290069498,71.40029307752282,141.2155645034749,0.0,0.0,0.0,0.0,590.8884284238809
3807,183.1354,0.09702850660156559,3.3456359469961403,52.39539356484542,167.28179734980702,0.0,0.0,0.0,0.0,591.5797596033473
3808,166.4889,0.06186698555719654,3.6362082172399335,33.408172200886135,181.81041086199667,0.0,0.0,0.0,0.0,592.5016725261586
3809,133.189,0.026582268504919494,3.599482775510203,14.354424992656527,179.97413877551014,0.0,0.0,0.0,0.0,593.6583669758267
3810,183.1354,0.002178851650009224,3.742280112926641,1.176579891004981,187.11400564633206,0.0,0.0,0.0,0.0,593.7558975130195
3811,199.7853,0.0,4.347740541281852,0.0,217.38702706409262,0.0,0.0,0.0,0.0,594.088903160178
3812,183.1354,0.0,5.588902719576392,0.0,279.4451359788196,0.0,0.0,0.0,0.0,595.9109792462638
3813,149.839,0.0,6.497444408163264,0.0,324.8722204081632,0.0,0.0,0.0,66.14433151927429,597.9710393063239
3814,99.8926,0.0,6.713002825884172,0.0,335.6501412942086,0.0,0.0,0.0,126.8686524053197,600.031099366384
3815,66.5962,0.0,6.571298343077772,0.0,328.5649171538886,0.0,0.0,0.0,153.0798282649997,602.091159426444
3816,49.9463,0.0,6.153429674572532,0.0,307.6714837286266,0.0,0.0,0.0,148.8362948397377,604.1512194865041
3817,39.9557,0.0,5.399024361831219,0.0,269.951218091561,0.0,0.0,0.0,121.10662920267208,606.2112795465642
3818,33.2964,0.0,4.494578521204635,0.0,224.72892606023174,0.0,0.0,0.0,82.54363717134285,608.2713396066243
3819,26.6371,0.0,3.6520109961389964,0.0,182.60054980694983,0.0,0.0,0.0,47.07456091806094,610.3313996666844
3820,26.6371,0.0,3.0682373970038612,0.0,153.41186985019306,0.0,0.0,0.0,17.885880961304167,612.3914597267445
3821,33.2964,0.004032260556471562,2.755939816842801,2.1774207004946433,137.79699084214005,0.0,0.0,0.0,17.885880961304167,614.4096923775511
3822,83.2427,0.026752085158361756,2.776358447196911,14.44612598551535,138.81792235984557,0.0,0.0,0.0,17.885880961304167,615.7344205894904
3823,133.189,0.058599564494635034,3.0682373970038612,31.643764827102917,153.41186985019306,0.0,0.0,0.0,17.885880961304167,616.7156812455473
3824,166.4889,0.09268898780335984,3.2139069010744614,50.05205341381431,160.69534505372306,0.0,0.0,0.0,17.885880961304167,617.5530041895278
3825,199.7853,0.12039011268205757,3.0778353218929944,65.01066084831109,153.8917660946497,0.0,0.0,0.0,17.885880961304167,617.9146795641243
3826,233.0817,0.14579306102787307,2.7401135130899057,78.72825295505146,137.0056756544953,17.34777139045326,0.0,0.0,0.0,616.757003795659
3827,249.7316,0.16570245712868883,2.5648070203022617,89.47932684949198,128.24035101511308,32.01192213539494,0.0,0.0,0.0,614.6207393888925
3828,249.7316,0.16241490374268805,2.591046883618312,87.70404802105155,129.55234418091558,32.47520779803287,0.0,0.0,0.0,612.453558354656
3829,216.4318,0.14759076239421245,2.679517405405405,79.69901169287472,133.97587027027024,2.7569180368550406,0.0,0.0,0.0,612.2695798403514
3830,199.7853,0.1228772566704754,2.6262493015686705,66.35371860205672,131.31246507843352,2.1191163195097715,0.0,0.0,0.0,612.1281640032137
3831,183.1354,0.09191389366326444,2.4229519972818543,49.6335025781628,121.14759986409271,12.354297557744502,0.0,0.0,0.0,611.3037197217492
3832,166.4889,0.055643005116816746,2.6042188325559845,30.047222763081045,130.21094162779923,6.2307356091197335,0.0,0.0,0.0,610.8879215496357
3833,133.189,0.02378753137062493,3.260799267618311,12.845266940137464,163.03996338091557,0.0,0.0,0.0,0.0,611.6956880692233
3834,183.1354,0.0016851987868490926,4.379805864595697,0.91000734489851,218.99029322978487,0.0,0.0,0.0,0.0,612.3912402422578
3835,199.7853,0.0,6.011908694980694,0.0,300.5954347490347,0.0,0.0,0.0,0.0,614.2984590077801
3836,183.1354,0.0,7.149086914965251,0.0,357.45434574826254,0.0,0.0,0.0,65.43005685937365,616.3585190678402
3837,149.839,0.0,8.164316629250965,0.0,408.2158314625483,0.0,0.0,0.0,149.4879425736594,618.4185791279003
3838,99.8926,0.0,8.641688772271374,0.0,432.0844386135687,0.0,0.0,0.0,223.3029497246798,620.4786391879604
3839,66.5962,0.0,8.113701405405404,0.0,405.6850702702702,0.0,0.0,0.0,230.19998138138132,622.5386992480205
3840,49.9463,0.0,7.250872105266409,0.0,362.54360526332044,0.0,0.0,0.0,203.70841637443155,624.5987593080806
3841,39.9557,0.0,6.545392549348043,0.0,327.26962746740213,0.0,0.0,0.0,178.42503857851327,626.6588193681407
3842,33.2964,0.0,6.300528655567568,0.0,315.0264327783784,0.0,0.0,0.0,172.84114388948953,628.7188794282008
3843,26.6371,0.0,5.538560241738555,0.0,276.92801208692777,0.0,0.0,0.0,141.40202319803888,630.7789394882609
3844,26.6371,0.0,5.033912677348041,0.0,251.69563386740202,0.0,0.0,0.0,116.16964497851313,632.838999548321
3845,33.2964,0.00388933371817027,4.432566857142856,2.1002402078119458,221.6283428571428,0.0,0.0,0.0,81.54329417606584,634.8990596083811
3846,83.2427,0.026113056061385087,3.659926650881413,14.101050273147948,182.99633254407064,0.0,0.0,0.0,4.965793928329717,636.9591196684412
3847,133.189,0.05699061710760666,3.0922624717308325,30.774933238107593,154.61312358654163,0.0,0.0,0.0,4.965793928329717,637.9466693921507
3848,166.4889,0.0898169302380753,2.735600516271374,48.50114232856066,136.7800258135687,0.0,0.0,0.0,4.965793928329717,638.3021987894342
3849,199.7853,0.12537598990181476,2.478338364858246,67.70303454697996,123.91691824291232,8.165347210107711,0.0,0.0,0.0,637.7572974073784
3850,233.0817,0.14638375423487068,2.4335533796536133,79.04722728683018,121.67766898268067,32.35680373048916,0.0,0.0,0.0,635.5980178791508
3851,249.7316,0.1644521035137508,2.469775559942636,88.80413589742544,123.4887779971318,37.43868610544274,0.0,0.0,0.0,633.0996070613035
3852,249.7316,0.16364534204618356,2.591046883618312,88.36848470493912,129.55234418091558,31.810771114145297,0.0,0.0,0.0,630.9767661461119
3853,216.4318,0.1472812360028077,2.778632087510205,79.53186744151616,138.93160437551023,0.0,0.0,0.0,0.0,631.0152031804881
3854,199.7853,0.12074553650813372,2.905199682965251,65.2025897143922,145.25998414826256,0.0,0.0,0.0,0.0,631.2172056589708
3855,183.1354,0.08820338352854273,2.930872586872587,47.62982710541308,146.54362934362933,0.0,0.0,0.0,0.0,631.4260337539527
3856,166.4889,0.05548524744987826,3.04431309844898,29.962033622934264,152.215654922449,0.0,0.0,0.0,0.0,631.7228486723789
3857,133.189,0.02401426903547553,3.429117891282956,12.967705279156787,171.4558945641478,0.0,0.0,0.0,0.0,632.6921519126576
3858,183.1354,0.0017917138326449722,4.84917382678875,0.967525469628285,242.4586913394375,0.0,0.0,0.0,0.0,633.8327889874237
3859,199.7853,0.0,7.302091614464423,0.0,365.10458072322115,0.0,0.0,0.0,56.430391834332255,635.8928490474838
3860,183.1354,0.0,9.41925470891561,0.0,470.9627354457805,0.0,0.0,0.0,178.9384465568916,637.9529091075439
3861,149.839,0.0,10.045429406429122,0.0,502.2714703214561,0.0,0.0,0.0,243.5435814325672,640.012969167604
3862,99.8926,0.0,9.400807966393824,0.0,470.0403983196912,0.0,0.0,0.0,261.2589094308023,642.073029227664
3863,66.5962,0.0,8.502359832710424,0.0,425.11799163552115,0.0,0.0,0.0,249.63290274663225,644.1330892877241
3864,49.9463,0.0,7.7688579123397705,0.0,388.44289561698855,0.0,0.0,0.0,229.60770672809966,646.1931493477842
3865,39.9557,0.0,7.06751012769112,0.0,353.375506384556,0.0,0.0,0.0,204.53091749566713,648.2532094078443
3866,33.2964,0.0,6.25726068311969,0.0,312.8630341559845,0.0,0.0,0.0,170.67774526709562,650.3132694679044
3867,26.6371,0.0,6.121416566433537,0.0,306.07082832167686,0.0,0.0,0.0,170.544839432788,652.3733295279645
3868,26.6371,0.0,7.298143898510758,0.0,364.9071949255379,0.0,0.0,0.0,229.38120603664905,654.4333895880246
3869,33.2964,0.0042031926997029385,9.736282980571428,2.269724057839587,486.81414902857136,0.0,0.0,0.0,346.89858419752204,656.4934496480847
3870,83.2427,0.028866049624184306,11.311802220302264,15.587666797059526,565.5901110151132,0.0,0.0,0.0,389.0461889232838,658.5535097081448
3871,133.189,0.06338676907401515,11.873659388858245,34.22885529996818,593.6829694429123,0.0,0.0,0.0,385.83393585399153,660.6135697682049
3872,166.4889,0.10256469338030094,10.928094093661334,55.38493442536251,546.4047046830667,0.0,0.0,0.0,326.4118502195404,662.673629828265
3873,199.7853,0.13151097101481407,10.736831218974077,71.0159243479996,536.8415609487039,0.0,0.0,0.0,299.1832964078146,664.7336898883251
3874,233.0817,0.15063359989302066,11.116355212355213,81.34214394223116,555.8177606177607,0.0,0.0,0.0,295.1893156711029,666.7937499483852
3875,249.7316,0.15576828733446774,11.603728315375617,84.11487516061258,580.1864157687809,0.0,0.0,0.0,305.68080204050455,668.8538100084453
3876,249.7316,0.15643293357449173,12.315872625985657,84.47378413022552,615.7936312992829,0.0,0.0,0.0,341.6469265406196,670.9138700685054
3877,216.4318,0.1383287758430309,12.734853022464424,74.6975389552367,636.7426511232212,0.0,0.0,0.0,386.11950118956906,672.9739301285655
3878,199.7853,0.1155542937353038,12.573937047510206,62.399318617064054,628.6968523755103,0.0,0.0,0.0,382.4219821036854,675.0339901886256
3879,183.1354,0.082450090537679,13.299676592679536,44.523048890346665,664.9838296339768,0.0,0.0,0.0,417.4825896354346,677.0940502486857
3880,166.4889,0.051624156389149675,15.570852006618866,27.877044450140826,778.5426003309433,0.0,0.0,0.0,531.0418558921951,679.1541103087458
3881,133.189,0.022457243801971765,17.680776613348044,12.126911653064754,884.0388306674022,0.0,0.0,0.0,654.0878534315781,681.2141703688059
3882,183.1354,0.0018235627622357569,18.76510853171539,0.9847238916073087,938.2554265857696,0.0,0.0,0.0,647.215861588488,683.274230428866
3883,199.7853,0.0,20.241019133564258,0.0,1012.0509566782129,0.0,0.0,0.0,703.3767677893239,685.3342904889261
3884,183.1354,0.0,21.00611168271814,0.0,1050.3055841359069,0.0,0.0,0.0,758.281295247018,687.3943505489862
3885,149.839,0.0,21.337410546974077,0.0,1066.870527348704,0.0,0.0,0.0,808.1426384598151,689.4544106090462
3886,99.8926,0.0,22.551514709321566,0.0,1127.5757354660782,0.0,0.0,0.0,918.7942465771894,691.5144706691063
3887,66.5962,0.0,23.412556981127413,0.0,1170.6278490563707,0.0,0.0,0.0,995.1427601674818,693.5745307291664
3888,49.9463,0.0,21.306451038429127,0.0,1065.3225519214564,0.0,0.0,0.0,906.4873630325675,695.6345907892265
3889,39.9557,0.0,17.285600811490347,0.0,864.2800405745173,0.0,0.0,0.0,715.4354516856284,697.6946508492866
3890,33.2964,0.0,13.663498459428572,0.0,683.1749229714286,0.0,0.0,0.0,540.9896340825397,699.7547109093467
3891,26.6371,0.0,10.958486470918917,0.0,547.9243235459459,0.0,0.0,0.0,412.3983346570569,701.8147709694068
3892,26.6371,0.0,10.117624542711527,0.0,505.88122713557635,0.0,0.0,0.0,370.35523824668746,703.8748310294669
3893,33.2964,0.0035586596365424794,12.640366605837835,1.9216762037329387,632.0183302918917,0.0,0.0,0.0,491.75471760673577,705.934891089527
3894,83.2427,0.024397520205449677,13.622766911999998,13.174660910942825,681.1383455999999,0.0,0.0,0.0,502.1814176220538,707.9949511495871
3895,133.189,0.053030363817212045,12.998393822393822,28.636396461294506,649.9196911196912,0.0,0.0,0.0,436.4781986920967,710.0550112096472
3896,166.4889,0.08436282132384684,12.463710558464424,45.55592351487729,623.1855279232212,0.0,0.0,0.0,393.3636625492096,712.1150712697073
3897,199.7853,0.11034293882389576,12.551842841698841,59.58518696490371,627.592142084942,0.0,0.0,0.0,378.50314016095683,714.1751313297674
3898,233.0817,0.1213025479565161,14.045405075027025,65.50337589651869,702.2702537513512,0.0,0.0,0.0,425.80304075898107,716.2351913898275
3899,249.7316,0.12333378889824131,15.71046329427027,66.60024600505032,785.5231647135134,0.0,0.0,0.0,493.50292182967485,718.2952514498876
3900,249.7316,0.12893403977335588,16.869467428571426,69.62438147761218,843.4733714285712,0.0,0.0,0.0,554.4772640172945,720.3553115099477
3901,216.4318,0.12019110570930748,17.584865770537228,64.90319708302603,879.2432885268614,0.0,0.0,0.0,618.8257967209986,722.4153715700078
3902,199.7853,0.11653265577521771,18.495439372108105,62.92763411861757,924.7719686054053,0.0,0.0,0.0,679.0254138351339,724.4754316300679
3903,183.1354,0.08510196031220016,19.39197734011693,45.955058568588086,969.5988670058465,0.0,0.0,0.0,723.5296366855457,726.535491690128
3904,166.4889,0.05185101716721575,19.809883553853282,27.999549270296505,990.4941776926642,0.0,0.0,0.0,743.1159380740717,728.5955517501881
3905,133.189,0.02229230404680855,19.01570785217871,12.037844185276617,950.7853926089356,0.0,0.0,0.0,720.7453479053233,730.6556118102482
3906,183.1354,0.0021083719118506865,18.19329926085825,1.1385208323993707,909.6649630429125,0.0,0.0,0.0,618.779194986423,732.7156718703083
3907,199.7853,0.0,17.818371953667956,0.0,890.9185976833978,0.0,0.0,0.0,582.2444087945089,734.7757319303684
3908,183.1354,0.0,16.996303721089905,0.0,849.8151860544953,0.0,0.0,0.0,557.7908971656063,736.8357919904284
3909,149.839,0.0,15.438325933290676,0.0,771.9162966645338,0.0,0.0,0.0,513.1884077756449,738.8958520504885
3910,99.8926,0.0,13.58791536068836,0.0,679.395768034418,0.0,0.0,0.0,470.61427914552905,740.9559121105486
3911,66.5962,0.0,12.228788148915607,0.0,611.4394074457804,0.0,0.0,0.0,435.9543185568915,743.0159721706087
3912,49.9463,0.0,12.2396524565957,0.0,611.982622829785,0.0,0.0,0.0,453.1474339408961,745.0760322306688
3913,39.9557,0.0,12.818592047020408,0.0,640.9296023510204,0.0,0.0,0.0,492.08501346213154,747.1360922907289
3914,33.2964,0.0,12.573937047510206,0.0,628.6968523755103,0.0,0.0,0.0,486.5115634866214,749.196152350789
3915,26.6371,0.0,11.969860938448981,0.0,598.493046922449,0.0,0.0,0.0,462.9670580335601,751.2562124108491
3916,26.6371,0.0,11.724979848225042,0.0,586.2489924112521,0.0,0.0,0.0,450.7230035223631,753.3162724709092
3917,33.2964,0.003631359333108152,11.593222039510204,1.960934039878402,579.6611019755102,0.0,0.0,0.0,439.43674712649977,755.3763325309693
3918,83.2427,0.022878359855805427,10.978777362321015,12.35431432213493,548.9388681160508,0.0,0.0,0.0,369.16159354929675,757.4363925910294
3919,133.189,0.04851464001232061,10.365498069498068,26.19790560665313,518.2749034749035,0.0,0.0,0.0,302.39492019266766,759.4964526510895
3920,166.4889,0.08081871805317033,9.774008542146715,43.64210774871197,488.70042710733577,0.0,0.0,0.0,256.96474596715893,761.5565127111496
3921,199.7853,0.1116771840076999,9.642364344586873,60.305679364157946,482.11821722934366,0.0,0.0,0.0,233.7497077046127,763.6165727712097
3922,233.0817,0.13330604571556523,9.698647820178707,71.98526468640523,484.9323910089353,0.0,0.0,0.0,214.9470668064516,765.6766328312698
3923,249.7316,0.14181251338145506,9.618972769429675,76.57875722598573,480.9486384714837,0.0,0.0,0.0,198.90690680858066,767.7366928913299
3924,249.7316,0.14522047240168856,9.86871866291892,78.41905509691182,493.43593314594597,0.0,0.0,0.0,213.2344993539689,769.79675295139
3925,216.4318,0.12979983756096383,10.676869812139,70.09191228292048,533.84349060695,0.0,0.0,0.0,278.6147140009816,771.8568130114501
3926,199.7853,0.11262653968607579,11.687993504688361,60.81833143048093,584.399675234418,0.0,0.0,0.0,336.5438177760101,773.9168730715102
3927,183.1354,0.07872422501382534,11.7302695971583,42.51108150746568,586.513479857915,0.0,0.0,0.0,337.00027247649166,775.9769331315703
3928,166.4889,0.04934152416314396,11.878991134640927,26.64442304809774,593.9495567320464,0.0,0.0,0.0,345.21619089125534,778.0369931916304
3929,133.189,0.021076692053561566,12.908295459159403,11.381413708923246,645.4147729579702,0.0,0.0,0.0,414.7182977780045,780.0970532516905
3930,183.1354,0.0017287268624709932,14.615634602572527,0.9335125057343363,730.7817301286264,0.0,0.0,0.0,439.6909537454718,782.1571133117505
3931,199.7853,0.0,16.571481667953666,0.0,828.5740833976834,0.0,0.0,0.0,519.8998945087944,784.2171733718106
3932,183.1354,0.0,18.431936646424706,0.0,921.5968323212353,0.0,0.0,0.0,629.5725434323464,786.2772334318707
3933,149.839,0.0,19.625886331128516,0.0,981.2943165564258,0.0,0.0,0.0,722.5664276675368,788.3372934919308
3934,99.8926,0.0,20.061894067715382,0.0,1003.0947033857691,0.0,0.0,0.0,794.3132144968802,790.3973535519909
3935,66.5962,0.0,19.86899592871042,0.0,993.449796435521,0.0,0.0,0.0,817.9647075466321,792.457413612051
3936,49.9463,0.0,19.26119430156425,0.0,963.0597150782124,0.0,0.0,0.0,804.2245261893236,794.5174736721111
3937,39.9557,0.0,18.039947303536678,0.0,901.9973651768339,0.0,0.0,0.0,753.152776287945,796.5775337321712
3938,33.2964,0.0,16.571481667953666,0.0,828.5740833976834,0.0,0.0,0.0,686.3887945087945,798.6375937922313
3939,26.6371,0.0,14.542810268734693,0.0,727.1405134367346,0.0,0.0,0.0,591.6145245478457,800.6976538522914
3940,26.6371,0.0,12.68477556435521,0.0,634.2387782177605,0.0,0.0,0.0,498.7127893288715,802.7577139123515
3941,33.2964,0.003683714335026593,11.50938646931274,1.9892057409143604,575.469323465637,0.0,0.0,0.0,435.2732403176625,804.8177739724116
3942,83.2427,0.024167650289121604,10.58732006177606,13.050531156125666,529.366003088803,0.0,0.0,0.0,350.28494535603977,806.8778340324717
3943,133.189,0.052954213503061134,10.021435710587976,28.595275291653014,501.0717855293988,0.0,0.0,0.0,287.5891719321629,808.9378940925318
3944,166.4889,0.08891173029302663,9.470098636178708,48.01233435823438,473.5049318089354,0.0,0.0,0.0,246.13947727828085,810.9979541525919
3945,199.7853,0.12950969863270875,9.488629335545504,69.93523726166273,474.4314667772752,0.0,0.0,0.0,235.6925151500491,813.058014212652
3946,233.0817,0.15083555295721174,10.321484272997242,81.45119859689434,516.0742136498621,0.0,0.0,0.0,255.55482335786755,815.1180742727121
3947,249.7316,0.15833713131166174,11.868329145822395,85.50205090829735,593.4164572911197,0.0,0.0,0.0,320.2980193105283,817.1781343327722
3948,249.7316,0.15343353917421362,12.47470571440927,82.85411115407537,623.7352857204635,0.0,0.0,0.0,347.96890798564993,819.2381943928323
3949,216.4318,0.14349806143663965,13.833064176503035,77.48895317578541,691.6532088251518,0.0,0.0,0.0,443.8214731120481,821.2982544528924
3950,199.7853,0.1186679355384267,16.361639341714284,64.08068519075042,818.0819670857142,0.0,0.0,0.0,573.4884633875756,823.3583145129525
3951,183.1354,0.08620109522002446,16.96286688172973,46.54859141881321,848.1433440864865,0.0,0.0,0.0,602.6676466164108,825.4183745730126
3952,166.4889,0.051789350515760474,15.98563653171539,27.966249278510656,799.2818265857695,0.0,0.0,0.0,551.8702869753913,827.4784346330727
3953,133.189,0.022838615994515227,15.175432011931603,12.332852637038222,758.7716005965801,0.0,0.0,0.0,529.0265643447294,829.5384946931327
3954,183.1354,0.0022849860980784244,15.394310686217318,1.2338924929623494,769.7155343108659,0.0,0.0,0.0,478.92513791493934,831.5985547531928
3955,199.7853,0.0,16.663825039567566,0.0,833.1912519783783,0.0,0.0,0.0,524.5170630894894,833.6586148132529
3956,183.1354,0.0,16.62420918987755,0.0,831.2104594938776,0.0,0.0,0.0,539.1861706049887,835.718674873313
3957,149.839,0.0,15.908537634841702,0.0,795.4268817420851,0.0,0.0,0.0,536.6989928531962,837.7787349333731
3958,99.8926,0.0,15.020308555119694,0.0,751.0154277559847,0.0,0.0,0.0,542.2339388670957,839.8387949934332
3959,66.5962,0.0,15.014124680719249,0.0,750.7062340359624,0.0,0.0,0.0,575.2211451470736,841.8988550534933
3960,49.9463,0.0,15.20034586514286,0.0,760.0172932571429,0.0,0.0,0.0,601.182104368254,843.9589151135534
3961,39.9557,0.0,14.427976741312742,0.0,721.398837065637,0.0,0.0,0.0,572.5542481767482,846.0189751736135
3962,33.2964,0.0,12.723713950393822,0.0,636.1856975196911,0.0,0.0,0.0,494.0004086308022,848.0790352336736
3963,26.6371,0.0,11.379155733074464,0.0,568.9577866537232,0.0,0.0,0.0,433.4317977648343,850.1390952937337
3964,26.6371,0.0,10.761877003861004,0.0,538.0938501930502,0.0,0.0,0.0,413.09464429040315,852.0
3965,33.2964,0.0037518288560791737,10.46865087827027,2.0259875822827538,523.4325439135134,0.0,0.0,0.0,492.16213149579613,852.0
3966,83.2427,0.024254509312692112,10.46865087827027,13.097435028853742,523.4325439135134,0.0,0.0,0.0,453.28727894236715,852.0
3967,133.189,0.054073932464737,11.332499714965252,29.199923530957975,566.6249857482626,0.0,0.0,0.0,462.63590927922064,852.0
3968,166.4889,0.08235711887263583,12.518747405414235,44.47284419122335,625.9373702707118,0.0,0.0,0.0,503.9213144619351,852.0
3969,199.7853,0.11432269841308991,13.426020408163264,61.734257143068554,671.3010204081633,0.0,0.0,0.0,533.2499775512318,852.0
3970,233.0817,0.12143025398559602,14.90924625699724,65.57233715222186,745.4623128498621,0.0,0.0,0.0,577.952950002084,852.0
3971,249.7316,0.11629146924132243,16.479465630393825,62.79739339031411,823.9732815196912,0.0,0.0,0.0,637.0390749100054,852.0
3972,249.7316,0.1106229175916768,18.25627406109652,59.73637549950548,912.813703054826,0.0,0.0,0.0,722.8184785543315,852.0
3973,216.4318,0.1049895215965767,19.736152223947055,56.694341662151416,986.8076111973528,0.0,0.0,0.0,827.0701528595041,852.0
3974,199.7853,0.09394759405361716,20.716109802537236,50.73170078895327,1035.8054901268617,0.0,0.0,0.0,886.751890915815,852.0
3975,183.1354,0.06825598860969834,20.572081027282962,36.8582338492371,1028.604051364148,0.0,0.0,0.0,882.3268852133853,852.0
3976,166.4889,0.04470391263057532,20.323460717290672,24.140112820510673,1016.1730358645336,0.0,0.0,0.0,873.8242486850443,852.0
3977,133.189,0.020426648467212816,21.013778399699948,11.03039017229492,1050.6889199849975,0.0,0.0,0.0,928.5303101572925,852.0
3978,183.1354,0.0020674408130126314,23.420779466625476,1.116418039026821,1171.0389733312738,0.0,0.0,0.0,989.0199913703005,852.0
3979,199.7853,0.0,25.0,0.0,1250.0,0.0,0.0,0.0,1050.2147,852.0
3980,183.1354,0.0,24.607423176225048,0.0,1230.3711588112524,0.0,0.0,0.0,1047.2357588112523,852.0
3981,149.839,0.0,21.105919638557097,0.0,1055.2959819278549,0.0,0.0,0.0,905.4569819278549,852.0
3982,99.8926,0.0,17.94972077993161,0.0,897.4860389965805,0.0,0.0,0.0,797.5934389965805,852.0
3983,66.5962,0.0,15.786949709661338,0.0,789.3474854830669,0.0,0.0,0.0,722.7512854830669,852.0
3984,49.9463,0.0,14.289739460271376,0.0,714.4869730135688,0.0,0.0,0.0,664.5406730135688,852.0
3985,39.9557,0.0,12.796227803428572,0.0,639.8113901714286,0.0,0.0,0.0,599.8556901714286,852.0
3986,33.2964,0.0,11.213812287576394,0.0,560.6906143788196,0.0,0.0,0.0,527.3942143788197,852.0
3987,26.6371,0.0,10.607179368525097,0.0,530.3589684262548,0.0,0.0,0.0,503.72186842625484,852.0
3988,26.6371,0.0,10.63203614302041,0.0,531.6018071510205,0.0,0.0,0.0,504.9647071510205,852.0
3989,33.2964,0.0032812624560685675,11.136828281575289,1.7718817262770266,556.8414140787644,0.0,0.0,0.0,525.3168958050414,852.0
3990,83.2427,0.022093409096882927,11.162452759545502,11.930440912316781,558.1226379772751,0.0,0.0,0.0,486.8103788895918,852.0
3991,133.189,0.046277232699220947,11.090796995035854,24.989705657579314,554.5398497517926,0.0,0.0,0.0,446.340555409372,852.0
3992,166.4889,0.07329958534717462,11.651080432503035,39.5817760874743,582.5540216251517,0.0,0.0,0.0,455.64689771262596,852.0
3993,199.7853,0.10505036397648536,12.15290777356426,56.7271965473021,607.6453886782131,0.0,0.0,0.0,464.5872852255152,852.0
3994,233.0817,0.1344317580862556,12.908295459159403,72.59314936657802,645.4147729579702,0.0,0.0,0.0,484.9262223245482,852.0
3995,249.7316,0.14261092633837932,13.856556508734693,77.00990022272484,692.8278254367347,0.0,0.0,0.0,520.1061256594595,852.0
3996,249.7316,0.14648470056673882,14.476257301780473,79.10173830603897,723.8128650890236,0.0,0.0,0.0,553.1830033950627,852.0
3997,216.4318,0.13212412409808985,14.87234181690458,71.34702701296852,743.617090845229,0.0,0.0,0.0,598.5323178581975,852.0
3998,199.7853,0.11805821503275651,15.755051613158304,63.75143611768852,787.7525806579152,0.0,0.0,0.0,651.7187167756038,852.0
3999,183.1354,0.08438054008533849,16.082344525096524,45.56549164608278,804.1172262548262,0.0,0.0,0.0,666.547317900909,852.0
4000,166.4889,0.05403371758587619,15.583511163128517,29.17820749637314,779.1755581564258,0.0,0.0,0.0,641.8648656527989,852.0
4001,133.189,0.02301144924273401,14.989405364915607,12.426182591076365,749.4702682457803,0.0,0.0,0.0,628.7074508368567,852.0
4002,183.1354,0.0021567691757419377,17.366892763428567,1.1646553549006464,868.3446381714283,0.0,0.0,0.0,686.373893526329,852.0
4003,199.7853,0.0,19.809883553853282,0.0,990.4941776926642,0.0,0.0,0.0,790.7088776926641,852.0
4004,183.1354,0.0,19.898594590393827,0.0,994.9297295196914,0.0,0.0,0.0,811.7943295196914,852.0
4005,149.839,0.0,18.48837659732157,0.0,924.4188298660785,0.0,0.0,0.0,774.5798298660784,852.0
4006,99.8926,0.0,17.191068252911197,0.0,859.5534126455599,0.0,0.0,0.0,759.6608126455599,852.0
4007,66.5962,0.0,16.394314756518476,0.0,819.7157378259238,0.0,0.0,0.0,753.1195378259239,852.0
4008,49.9463,0.0,15.691378647510202,0.0,784.5689323755101,0.0,0.0,0.0,734.6226323755102,852.0
4009,39.9557,0.0,14.307722559293993,0.0,715.3861279646997,0.0,0.0,0.0,675.4304279646997,852.0
4010,33.2964,0.0,12.228788148915607,0.0,611.4394074457804,0.0,0.0,0.0,578.1430074457804,852.0
4011,26.6371,0.0,11.624758772138996,0.0,581.2379386069498,0.0,0.0,0.0,554.6008386069498,852.0
4012,26.6371,0.0,12.120478472225042,0.0,606.023923611252,0.0,0.0,0.0,579.386823611252,852.0
4013,33.2964,0.0035470016311723793,12.785054913729729,1.915380880833085,639.2527456864865,0.0,0.0,0.0,607.8717265673197,852.0
4014,83.2427,0.023966500132343128,13.408747237877549,12.941910071465289,670.4373618938774,0.0,0.0,0.0,600.1365719653427,852.0
4015,133.189,0.05196962374188652,14.110696154016548,28.06359682061872,705.5348077008274,0.0,0.0,0.0,600.4094045214462,852.0
4016,166.4889,0.0812597133705298,15.175432011931603,43.88024522008609,758.7716005965801,0.0,0.0,0.0,636.1629458166663,852.0
4017,199.7853,0.10513367247854902,15.069837837837841,56.77218313841647,753.4918918918921,0.0,0.0,0.0,610.4787750303086,852.0
4018,233.0817,0.11918874939917116,14.500435969306125,64.36192467555243,725.0217984653062,0.0,0.0,0.0,556.3020231408586,852.0
4019,249.7316,0.12108457826217076,14.761976833976831,65.38567226157221,738.0988416988416,0.0,0.0,0.0,553.7529139604138,852.0
4020,249.7316,0.1205526238394227,15.627869808503034,65.09841687328826,781.3934904251516,0.0,0.0,0.0,596.7603072984399,852.0
4021,216.4318,0.11063493338152801,16.789672794510757,59.742864026025124,839.4836397255378,0.0,0.0,0.0,682.794703751563,852.0
4022,199.7853,0.09831954031117937,16.82953990156426,53.09255176803686,841.476995078213,0.0,0.0,0.0,694.7842468462499,852.0
4023,183.1354,0.07072644193136388,15.646905239510204,38.19227864293649,782.3452619755102,0.0,0.0,0.0,637.4021406184467,852.0
4024,166.4889,0.04285144050989988,15.175432011931603,23.13977787534593,758.7716005965801,0.0,0.0,0.0,615.4224784719261,852.0
4025,133.189,0.018308348417284296,16.030720656873687,9.886508145333519,801.5360328436843,0.0,0.0,0.0,678.2335409890179,852.0
4026,183.1354,0.002003247466307909,18.005210499212353,1.081753631806271,900.2605249606177,0.0,0.0,0.0,718.2068785924239,852.0
4027,199.7853,0.0,19.066083979190292,0.0,953.3041989595146,0.0,0.0,0.0,753.5188989595146,852.0
4028,183.1354,0.0,18.50957011129399,0.0,925.4785055646995,0.0,0.0,0.0,742.3431055646995,852.0
4029,149.839,0.0,17.123747803004964,0.0,856.1873901502482,0.0,0.0,0.0,706.3483901502482,852.0
4030,99.8926,0.0,16.407396571428574,0.0,820.3698285714287,0.0,0.0,0.0,720.4772285714287,852.0
4031,66.5962,0.0,15.729562718146717,0.0,786.4781359073359,0.0,0.0,0.0,719.8819359073359,852.0
4032,49.9463,0.0,14.367769853281853,0.0,718.3884926640926,0.0,0.0,0.0,668.4421926640927,852.0
4033,39.9557,0.0,12.745998239382239,0.0,637.2999119691119,0.0,0.0,0.0,597.3442119691119,852.0
4034,33.2964,0.0,10.6569292100695,0.0,532.846460503475,0.0,0.0,0.0,499.550060503475,852.0
4035,26.6371,0.0,9.04554824433315,0.0,452.27741221665747,0.0,0.0,0.0,425.6403122166575,852.0
4036,26.6371,0.0,8.55009733764589,0.0,427.50486688229455,0.0,0.0,0.0,400.8677668822946,852.0
4037,33.2964,0.0036352220572505884,8.372998950548261,1.9630199109153177,418.6499475274131,0.0,0.0,0.0,387.3165674383284,852.0
4038,83.2427,0.022660940013548837,7.727925696741311,12.236907607316372,386.39628483706554,0.0,0.0,0.0,315.3904924443819,852.0
4039,133.189,0.04950218845937259,7.481080585142856,26.7311817680612,374.0540292571428,0.0,0.0,0.0,267.59621102520407,852.0
4040,166.4889,0.07536510193747539,7.164689541259789,40.69715504623671,358.23447706298947,0.0,0.0,0.0,232.4427321092262,852.0
4041,199.7853,0.11132364259270346,7.365431098881412,60.11476700005987,368.2715549440706,0.0,0.0,0.0,228.60102194413048,852.0
4042,233.0817,0.12168949487815635,8.198167126309984,65.71232723420444,409.90835631549925,0.0,0.0,0.0,242.5389835497037,852.0
4043,249.7316,0.12264780980773897,10.978777362321015,66.22981729617905,548.9388681160508,0.0,0.0,0.0,365.43708541222986,852.0
4044,249.7316,0.11906607041190975,13.518381554409267,64.29567802243128,675.9190777204633,0.0,0.0,0.0,490.4831557428946,852.0
4045,216.4318,0.11065770258312421,14.731412505239932,59.75515939488708,736.5706252619966,0.0,0.0,0.0,579.8939846568837,852.0
4046,199.7853,0.09226857096635148,16.637407783783782,49.8250283218298,831.8703891891892,0.0,0.0,0.0,681.9101175110189,852.0
4047,183.1354,0.06450461668604501,17.63963107985439,34.83249301046431,881.9815539927195,0.0,0.0,0.0,733.6786470031838,852.0
4048,166.4889,0.04039809241086025,17.866691760679537,21.814969901864536,893.3345880339768,0.0,0.0,0.0,748.6606579358413,852.0
4049,133.189,0.01783161390811636,19.29020808655709,9.629071510382834,964.5104043278545,0.0,0.0,0.0,840.9504758382374,852.0
4050,183.1354,0.0019408489064055953,23.387900720997244,1.0480584094590215,1169.3950360498623,0.0,0.0,0.0,987.3076944593212,852.0
4051,199.7853,0.0,24.991422905645894,0.0,1249.5711452822948,0.0,0.0,0.0,1049.7858452822948,852.0
4052,183.1354,0.0,23.412556981127413,0.0,1170.6278490563707,0.0,0.0,0.0,987.4924490563707,852.0
4053,149.839,0.0,21.539354300116933,0.0,1076.9677150058467,0.0,0.0,0.0,927.1287150058467,852.0
4054,99.8926,0.0,20.07678205405405,0.0,1003.8391027027025,0.0,0.0,0.0,903.9465027027024,852.0
4055,66.5962,0.0,18.481315552123544,0.0,924.0657776061772,0.0,0.0,0.0,857.4695776061773,852.0
4056,49.9463,0.0,16.584653523768335,0.0,829.2326761884167,0.0,0.0,0.0,779.2863761884167,852.0
4057,39.9557,0.0,13.466379153862107,0.0,673.3189576931054,0.0,0.0,0.0,633.3632576931054,852.0
4058,33.2964,0.0,10.756864933312741,0.0,537.843246665637,0.0,0.0,0.0,504.546846665637,852.0
4059,26.6371,0.0,10.141761025976832,0.0,507.0880512988416,0.0,0.0,0.0,480.45095129884163,852.0
4060,26.6371,0.0,10.365498069498068,0.0,518.2749034749035,0.0,0.0,0.0,491.6378034749035,852.0
4061,33.2964,0.0031567742428317367,9.755134454433536,1.7046580911291378,487.7567227216768,0.0,0.0,0.0,456.16498081280594,852.0
4062,83.2427,0.019922391771131573,8.650443049089905,10.758091556411049,432.52215245449526,0.0,0.0,0.0,360.0375440109063,852.0
4063,133.189,0.04322244865115964,8.663584679077772,23.340122271626203,433.17923395388857,0.0,0.0,0.0,323.33035622551483,852.0
4064,166.4889,0.06503649830999358,9.286021798054055,35.11970908739654,464.30108990270276,0.0,0.0,0.0,332.9318989900993,852.0
4065,199.7853,0.08903390400727118,9.726865719598454,48.07830816392644,486.3432859799227,0.0,0.0,0.0,334.6362941438491,852.0
4066,233.0817,0.10001077071039234,9.637683213837837,54.00581618361186,481.88416069189185,0.0,0.0,0.0,302.80827687550374,852.0
4067,249.7316,0.10777671345908439,9.446966770409269,58.199425267905575,472.3483385204634,0.0,0.0,0.0,280.81616378836907,852.0
4068,249.7316,0.0931096624497338,9.368579953667954,50.27921772285625,468.4289976833977,0.0,0.0,0.0,268.97661540625404,852.0
4069,216.4318,0.08760894156713162,9.34560182239382,47.30882844625107,467.28009111969106,0.0,0.0,0.0,298.1571195659421,852.0
4070,199.7853,0.07594937441730366,9.62832517633977,41.01266218534398,481.4162588169885,0.0,0.0,0.0,322.64362100233245,852.0
4071,183.1354,0.05658821343463363,10.122448979591837,30.557635254702163,506.12244897959187,0.0,0.0,0.0,353.544684234294,852.0
4072,166.4889,0.03677757946116962,10.999091714788745,19.859892909031597,549.9545857394372,0.0,0.0,0.0,403.3255786484688,852.0
4073,133.189,0.016439771594316487,12.266839779618314,8.877476660930904,613.3419889809157,0.0,0.0,0.0,489.0304656418467,852.0
4074,183.1354,0.001992698835310523,13.651853023947048,1.0760573710676824,682.5926511973524,0.0,0.0,0.0,500.5333085684201,852.0
4075,199.7853,0.0,14.761976833976831,0.0,738.0988416988416,0.0,0.0,0.0,538.3135416988416,852.0
4076,183.1354,0.0,15.972770215360176,0.0,798.6385107680088,0.0,0.0,0.0,615.5031107680088,852.0
4077,149.839,0.0,16.71011965726641,0.0,835.5059828633206,0.0,0.0,0.0,685.6669828633205,852.0
4078,99.8926,0.0,16.185909973780472,0.0,809.2954986890236,0.0,0.0,0.0,709.4028986890236,852.0
4079,66.5962,0.0,14.33772627027027,0.0,716.8863135135135,0.0,0.0,0.0,650.2901135135136,852.0
4080,49.9463,0.0,12.518747405414235,0.0,625.9373702707118,0.0,0.0,0.0,575.9910702707118,852.0
4081,39.9557,0.0,11.467611599143957,0.0,573.3805799571978,0.0,0.0,0.0,533.4248799571978,852.0
4082,33.2964,0.0,11.147073652633207,0.0,557.3536826316604,0.0,0.0,0.0,524.0572826316604,852.0
4083,26.6371,0.0,11.2498517701401,0.0,562.492588507005,0.0,0.0,0.0,535.855488507005,852.0
4084,26.6371,0.0,11.19838894017871,0.0,559.9194470089354,0.0,0.0,0.0,533.2823470089354,852.0
4085,33.2964,0.0034396162911591505,10.385097194537234,1.8573927972259412,519.2548597268617,0.0,0.0,0.0,487.8158525240876,852.0
4086,83.2427,0.025701441536800436,9.576956571428571,13.878778429872234,478.8478285714286,0.0,0.0,0.0,409.4839070013008,852.0
4087,133.189,0.0569484015036054,9.090622795861005,30.752136811946915,454.5311397930503,0.0,0.0,0.0,352.09427660499716,852.0
4088,166.4889,0.09416128663833322,8.875522387768338,50.84709478469994,443.77611938841693,0.0,0.0,0.0,328.1343141731169,852.0
4089,199.7853,0.11793812623897519,8.351556937884169,63.6865881690466,417.57784689420845,0.0,0.0,0.0,281.47913506325506,852.0
4090,233.0817,0.1418564661056916,7.409169496286817,76.60249169707348,370.4584748143409,0.0,0.0,0.0,213.97926651141432,852.0
4091,249.7316,0.15472294504391396,6.72051128957529,83.55039032371353,336.0255644787645,0.0,0.0,0.0,169.84435480247808,852.0
4092,249.7316,0.1614552146755407,6.526925955282955,87.18581592479197,326.3462977641478,0.0,0.0,0.0,163.80051368893973,852.0
4093,216.4318,0.15792982567764477,6.402180691768339,85.28210586592819,320.10903458841693,0.0,0.0,0.0,188.95934045434512,852.0
4094,199.7853,0.14402174703337178,6.286086221837837,77.77174339802076,314.30431109189186,0.0,0.0,0.0,192.29075448991262,852.0
4095,183.1354,0.10425475385125796,5.994356099282956,56.2975670796793,299.7178049641478,0.0,0.0,0.0,172.87997204382708,852.0
4096,166.4889,0.06484080398996253,5.983839170718146,35.01403415457977,299.1919585359073,0.0,0.0,0.0,167.71709269048705,852.0
4097,133.189,0.027795593272606528,6.504807299212356,15.009620367207525,325.2403649606178,0.0,0.0,0.0,207.0609853278253,852.0
4098,183.1354,0.0027041053092259053,6.971131067128517,1.4602168669819888,348.5565533564258,0.0,0.0,0.0,166.88137022340777,852.0
4099,199.7853,0.0,7.373371856555982,0.0,368.6685928277991,0.0,0.0,0.0,168.8832928277991,852.0
4100,183.1354,0.0,7.793480484571427,0.0,389.67402422857134,0.0,0.0,0.0,206.53862422857134,852.0
4101,149.839,0.0,7.740191536679536,0.0,387.0095768339768,0.0,0.0,0.0,237.17057683397678,852.0
4102,99.8926,0.0,7.365431098881412,0.0,368.2715549440706,0.0,0.0,0.0,268.3789549440706,852.0
4103,66.5962,0.0,6.833744613348043,0.0,341.68723066740216,0.0,0.0,0.0,275.09103066740215,852.0
4104,49.9463,0.0,6.089502809239934,0.0,304.4751404619967,0.0,0.0,0.0,254.5288404619967,852.0
4105,39.9557,0.0,5.062446426510755,0.0,253.12232132553777,0.0,0.0,0.0,213.16662132553776,852.0
4106,33.2964,0.0,4.476810559293988,0.0,223.84052796469942,0.0,0.0,0.0,190.5441279646994,852.0
4107,26.6371,0.0,4.310018306965251,0.0,215.50091534826254,0.0,0.0,0.0,188.86381534826253,852.0
4108,26.6371,0.0,4.497543769239933,0.0,224.87718846199667,0.0,0.0,0.0,198.24008846199666,852.0
4109,33.2964,0.0034662966776349224,5.11340515787755,1.871800205922858,255.6702578938775,0.0,0.0,0.0,224.24565809980038,852.0
4110,83.2427,0.022932343896205916,6.029491790402647,12.383465703951194,301.4745895201323,0.0,0.0,0.0,230.6153552240835,852.0
4111,133.189,0.050755374866393345,7.036581908333151,27.407902427852406,351.82909541665754,0.0,0.0,0.0,246.04799784450992,852.0
4112,166.4889,0.08143055332953066,7.549384176750139,43.97249879794656,377.4692088375069,0.0,0.0,0.0,254.9528076354535,852.0
4113,199.7853,0.10632590162506875,7.553413782557087,57.41598687753712,377.6706891278543,0.0,0.0,0.0,235.30137600539143,852.0
4114,233.0817,0.1268296881056316,7.13350484887369,68.48803157704107,356.6752424436845,0.0,0.0,0.0,192.08157402072555,852.0
4115,249.7316,0.15453568416686803,7.06751012769112,83.44926945010873,353.375506384556,0.0,0.0,0.0,187.09317583466472,852.0
4116,249.7316,0.1716653099886799,7.744282782429124,92.69926739388715,387.21413912145624,0.0,0.0,0.0,230.18180651534342,852.0
4117,216.4318,0.1655178615324253,8.92007338187755,89.37964522750966,446.00366909387753,0.0,0.0,0.0,318.95151432138715,852.0
4118,199.7853,0.14437960347518974,10.026231598455599,77.96498587660246,501.31157992277997,0.0,0.0,0.0,379.4912657993824,852.0
4119,183.1354,0.10739277277266472,10.627061885564256,57.99209729723895,531.3530942782128,0.0,0.0,0.0,406.20979157545173,852.0
4120,166.4889,0.06454350933684756,10.622089079598458,34.85349504189769,531.1044539799229,0.0,0.0,0.0,399.4690490218206,852.0
4121,133.189,0.027096070674246308,10.355707149414231,14.631878164093006,517.7853574707116,0.0,0.0,0.0,399.2282356348046,852.0
4122,183.1354,0.003188769570490697,10.117624542711527,1.7219355680649764,505.88122713557635,0.0,0.0,0.0,324.4677627036413,852.0
4123,199.7853,0.0,10.617117724911198,0.0,530.8558862455599,0.0,0.0,0.0,331.07058624555987,852.0
4124,183.1354,0.0,11.147073652633207,0.0,557.3536826316604,0.0,0.0,0.0,374.2182826316604,852.0
4125,149.839,0.0,10.562528547159403,0.0,528.1264273579701,0.0,0.0,0.0,378.2874273579701,852.0
4126,99.8926,0.0,9.849731302618862,0.0,492.48656513094306,0.0,0.0,0.0,392.59396513094305,852.0
4127,66.5962,0.0,8.960286817429674,0.0,448.0143408714837,0.0,0.0,0.0,381.4181408714837,852.0
4128,49.9463,0.0,7.996346420138997,0.0,399.81732100694984,0.0,0.0,0.0,349.87102100694983,852.0
4129,39.9557,0.0,7.373371856555982,0.0,368.6685928277991,0.0,0.0,0.0,328.7128928277991,852.0
4130,33.2964,0.0,6.788314698448978,0.0,339.4157349224489,0.0,0.0,0.0,306.1193349224489,852.0
4131,26.6371,0.0,5.9209676568428025,0.0,296.04838284214014,0.0,0.0,0.0,269.41128284214017,852.0
4132,26.6371,0.0,4.864674417985659,0.0,243.23372089928296,0.0,0.0,0.0,216.59662089928295,852.0
4133,33.2964,0.0038504128569065003,4.067963700633204,2.07922294272951,203.39818503166018,0.0,0.0,0.0,172.18100797438967,852.0
4134,83.2427,0.02750415467240254,3.625694146718148,14.852243523097371,181.2847073359074,0.0,0.0,0.0,112.89425085900477,852.0
4135,133.189,0.06129475207232688,3.5059919251274136,33.09916611905652,175.29959625637068,0.0,0.0,0.0,75.2097623754272,852.0
4136,166.4889,0.09921427159131882,3.503414335999999,53.57570665931216,175.17071679999995,0.0,0.0,0.0,62.2575234593121,852.0
4137,199.7853,0.1406416488918579,3.6810816106254833,75.94649040160327,184.05408053127417,0.0,0.0,0.0,60.215270932877445,852.0
4138,233.0817,0.16602119216918632,4.006601621568672,89.6514437713606,200.3300810784336,0.0,0.0,0.0,56.899824849794186,852.0
4139,249.7316,0.1864649857266956,4.512386826625481,100.69109229241562,225.61934133127406,0.0,0.0,0.0,76.57883362368969,852.0
4140,249.7316,0.18198582904850522,5.333312423607279,98.27234768619282,266.665621180364,0.0,0.0,0.0,115.2063688665568,852.0
4141,216.4318,0.1791186319236337,6.268060994788748,96.7240612387622,313.4030497394374,0.0,0.0,0.0,193.6953109781996,852.0
4142,199.7853,0.16340280188636208,6.894601848904578,88.23751301863552,344.73009244522893,0.0,0.0,0.0,233.18230546386445,852.0
4143,183.1354,0.12119579000324572,7.114056158393822,65.4457266017527,355.7028079196911,0.0,0.0,0.0,238.01313452144382,852.0
4144,166.4889,0.07512476652936853,7.160786956425815,40.56737392585901,358.03934782129073,0.0,0.0,0.0,232.11782174714972,852.0
4145,133.189,0.032932103637019025,7.036581908333151,17.783335963990275,351.82909541665754,0.0,0.0,0.0,236.42343138064783,852.0
4146,183.1354,0.0035323356368963596,6.9098669652509646,1.9074612439240344,345.49334826254824,0.0,0.0,0.0,164.26540950647228,852.0
4147,199.7853,0.0,6.867936821939326,0.0,343.3968410969663,0.0,0.0,0.0,143.61154109696628,852.0
4148,183.1354,0.0,6.515861003861005,0.0,325.79305019305025,0.0,0.0,0.0,142.65765019305024,852.0
4149,149.839,0.0,5.676799796915611,0.0,283.83998984578056,0.0,0.0,0.0,134.00098984578057,852.0
4150,99.8926,0.0,4.9960135510204084,0.0,249.8006775510204,0.0,0.0,0.0,149.90807755102043,852.0
4151,66.5962,0.0,4.852271653312741,0.0,242.61358266563704,0.0,0.0,0.0,176.01738266563706,852.0
4152,49.9463,0.0,4.729249938321014,0.0,236.4624969160507,0.0,0.0,0.0,186.5161969160507,852.0
4153,39.9557,0.0,4.563063179931605,0.0,228.15315899658026,0.0,0.0,0.0,188.19745899658025,852.0
4154,33.2964,0.0,3.7959536744489784,0.0,189.7976837224489,0.0,0.0,0.0,156.5012837224489,852.0
4155,26.6371,0.0,2.921523063598455,0.0,146.07615317992276,0.0,0.0,0.0,119.43905317992275,852.0
4156,26.6371,0.0,2.787736465862107,0.0,139.38682329310535,0.0,0.0,0.0,112.74972329310535,852.0
4157,33.2964,0.004457915106550813,3.2139069010744614,2.4072741575374392,160.69534505372306,0.0,0.0,0.0,129.8062192112605,852.0
4158,83.2427,0.030366734526364233,3.589027713482626,16.398036644236686,179.4513856741313,0.0,0.0,0.0,112.606722318368,852.0
4159,133.189,0.06819599187180869,4.037216899035851,36.82583561077669,201.86084495179256,0.0,0.0,0.0,105.49768056256926,852.0
4160,166.4889,0.10615001096257587,4.350650016123552,57.32100591979097,217.5325008061776,0.0,0.0,0.0,108.3646067259686,852.0
4161,199.7853,0.13763391966730426,4.135505525445119,74.32231662034431,206.77527627225595,0.0,0.0,0.0,81.31229289260023,852.0
4162,233.0817,0.15996144685394448,4.076372055545504,86.37918130113002,203.8186027772752,0.0,0.0,0.0,57.11608407840521,852.0
4163,249.7316,0.17593105240993093,4.220819605003861,95.0027683013627,211.04098025019306,0.0,0.0,0.0,56.312148551555794,852.0
4164,249.7316,0.17551284346902704,4.527257932108107,94.7769354732746,226.36289660540535,0.0,0.0,0.0,71.40823207867996,852.0
4165,216.4318,0.1664143235871932,5.097448606393823,89.86373473708433,254.87243031969115,0.0,0.0,0.0,128.30436505677545,852.0
4166,199.7853,0.14794476535424933,5.987343594996139,79.89017329129464,299.36717974980695,0.0,0.0,0.0,179.47205304110162,852.0
4167,183.1354,0.11074817323013768,6.769439355128516,59.80401354427435,338.4719677564258,0.0,0.0,0.0,215.14058130070015,852.0
4168,166.4889,0.0686985948965738,7.481080585142856,37.097241244149856,374.0540292571428,0.0,0.0,0.0,244.66237050129268,852.0
4169,133.189,0.03106640369785183,8.189696468333151,16.77585799683999,409.48482341665755,0.0,0.0,0.0,293.0716814134976,852.0
4170,183.1354,0.003154619345224713,8.72067351919691,1.703494446421345,436.0336759598455,0.0,0.0,0.0,254.60177040626684,852.0
4171,199.7853,0.0,9.181186970510758,0.0,459.0593485255379,0.0,0.0,0.0,259.2740485255379,852.0
4172,183.1354,0.0,9.327244423730836,0.0,466.3622211865418,0.0,0.0,0.0,283.22682118654177,852.0
4173,149.839,0.0,8.933465479413126,0.0,446.6732739706563,0.0,0.0,0.0,296.8342739706563,852.0
4174,99.8926,0.0,8.433216,0.0,421.6608,0.0,0.0,0.0,321.7682,852.0
4175,66.5962,0.0,8.054893332015444,0.0,402.74466660077223,0.0,0.0,0.0,336.1484666007722,852.0
4176,49.9463,0.0,7.561476914232765,0.0,378.0738457116382,0.0,0.0,0.0,328.1275457116382,852.0
4177,39.9557,0.0,6.9864980694980705,0.0,349.3249034749035,0.0,0.0,0.0,309.36920347490354,852.0
4178,33.2964,0.0,6.135632339768339,0.0,306.78161698841694,0.0,0.0,0.0,273.48521698841694,852.0
4179,26.6371,0.0,5.094260783444014,0.0,254.7130391722007,0.0,0.0,0.0,228.0759391722007,852.0
4180,26.6371,0.0,4.414939737239934,0.0,220.74698686199673,0.0,0.0,0.0,194.10988686199673,852.0
4181,33.2964,0.004013586765691758,3.9871875227887474,2.1673368534735493,199.35937613943736,0.0,0.0,0.0,168.2303129929109,852.0
4182,83.2427,0.028301509252278197,3.6309490715675676,15.282814996230229,181.5474535783784,0.0,0.0,0.0,113.58756857460862,852.0
4183,133.189,0.06220962025651264,3.615196952710425,33.59319493851683,180.75984763552125,0.0,0.0,0.0,81.16404257403809,852.0
4184,166.4889,0.09997319496553835,3.9816503890744626,53.98552528139071,199.08251945372314,0.0,0.0,0.0,86.57914473511386,852.0
4185,199.7853,0.13490255162659873,4.98341749942857,72.84737787836332,249.1708749714285,0.0,0.0,0.0,122.23295284979179,852.0
4186,233.0817,0.16039902288111124,6.563890426810811,86.61547235580008,328.1945213405406,0.0,0.0,0.0,181.72829369634064,852.0
4187,249.7316,0.17888428321005026,8.172771221498069,96.59751293342714,408.63856107490346,0.0,0.0,0.0,255.50447400833062,852.0
4188,249.7316,0.19244762208705393,9.656416187375621,103.92171592700913,482.82080936878106,0.0,0.0,0.0,337.01092529579023,852.0
4189,216.4318,0.1791345789308765,11.090796995035854,96.73267262267332,554.5398497517926,0.0,0.0,0.0,434.840722374466,852.0
4190,199.7853,0.1644842473421901,12.299514670455599,88.82149356478266,614.9757335227799,0.0,0.0,0.0,504.0119270875625,852.0
4191,183.1354,0.12167832657646052,12.897060951545505,65.70629635128869,644.8530475772752,0.0,0.0,0.0,527.4239439285639,852.0
4192,166.4889,0.0757705957655375,13.122925546537232,40.916121713390254,656.1462773268615,0.0,0.0,0.0,530.5734990402518,852.0
4193,133.189,0.033455454793482546,13.733503073429674,18.065945588480577,686.6751536714837,0.0,0.0,0.0,571.5520992599643,852.0
4194,183.1354,0.0033545358359564647,14.10475267145284,1.811449351416491,705.2376335726419,0.0,0.0,0.0,523.9136829240584,852.0
4195,199.7853,0.0,13.980305720904576,0.0,699.0152860452288,0.0,0.0,0.0,499.22998604522877,852.0
4196,183.1354,0.0,13.535743858232763,0.0,676.7871929116382,0.0,0.0,0.0,493.65179291163815,852.0
4197,149.839,0.0,12.65145964556426,0.0,632.5729822782131,0.0,0.0,0.0,482.7339822782131,852.0
4198,99.8926,0.0,11.337677790429126,0.0,566.8838895214562,0.0,0.0,0.0,466.9912895214562,852.0
4199,66.5962,0.0,9.027557096525095,0.0,451.37785482625475,0.0,0.0,0.0,384.78165482625474,852.0
4200,49.9463,0.0,7.533278815452839,0.0,376.6639407726419,0.0,0.0,0.0,326.7176407726419,852.0
4201,39.9557,0.0,6.814793319360178,0.0,340.7396659680089,0.0,0.0,0.0,300.78396596800894,852.0
4202,33.2964,0.0,5.959342301158301,0.0,297.96711505791507,0.0,0.0,0.0,264.67071505791506,852.0
4203,26.6371,0.0,4.870882678433536,0.0,243.5441339216768,0.0,0.0,0.0,216.9070339216768,852.0
4204,26.6371,0.0,4.017719249862107,0.0,200.88596249310532,0.0,0.0,0.0,174.24886249310532,852.0
4205,33.2964,0.004307604992006944,3.5629636559426374,2.32610669568375,178.14818279713188,0.0,0.0,0.0,147.17788949281564,852.0
4206,83.2427,0.03014400197495637,3.4138554454980685,16.27776106647644,170.69277227490343,0.0,0.0,0.0,103.72783334137988,852.0
4207,133.189,0.06586519874945347,3.44697134141423,35.567207324704874,172.34856707071148,0.0,0.0,0.0,74.72677439541636,852.0
4208,166.4889,0.1044857846820845,3.4879707351969103,56.42232372832563,174.3985367598455,0.0,0.0,0.0,64.33196048817115,852.0
4209,199.7853,0.14562383087232642,3.7049619768339768,78.63686867105626,185.24809884169883,0.0,0.0,0.0,64.0996675127551,852.0
4210,233.0817,0.17836708632559448,4.223680437445119,96.31822661582102,211.18402187225595,0.0,0.0,0.0,74.42054848807697,852.0
4211,249.7316,0.193415037856935,5.014942294309985,104.4441204427449,250.74711471549924,0.0,0.0,0.0,105.45963515824414,852.0
4212,249.7316,0.19493039555670635,6.260859552123553,105.26241360062143,313.04297760617766,0.0,0.0,0.0,168.5737912067991,852.0
4213,216.4318,0.18865159477373655,8.004694297239933,101.87186117781773,400.2347148619966,0.0,0.0,0.0,285.67477603981433,852.0
4214,199.7853,0.16225250938984778,9.656416187375621,87.61635507051781,482.82080936878106,0.0,0.0,0.0,370.65186443929883,852.0
4215,183.1354,0.12034815980668943,10.059842737667955,64.9880062956123,502.99213688339773,0.0,0.0,0.0,384.84474317901004,852.0
4216,166.4889,0.07501162507766054,10.194987212355212,40.50627754193669,509.7493606177606,0.0,0.0,0.0,383.76673815969724,852.0
4217,133.189,0.03338349729103541,10.9940109264556,18.027088537159123,549.7005463227799,0.0,0.0,0.0,434.53863485993907,852.0
4218,183.1354,0.0033189925188179857,12.441738554881415,1.7922559601617123,622.0869277440707,0.0,0.0,0.0,440.74378370423244,852.0
4219,199.7853,0.0,13.640213869714286,0.0,682.0106934857142,0.0,0.0,0.0,482.2253934857142,852.0
4220,183.1354,0.0,14.075059053714284,0.0,703.7529526857143,0.0,0.0,0.0,520.6175526857143,852.0
4221,149.839,0.0,13.454840269167127,0.0,672.7420134583564,0.0,0.0,0.0,522.9030134583563,852.0
4222,99.8926,0.0,12.33224426254826,0.0,616.612213127413,0.0,0.0,0.0,516.719613127413,852.0
4223,66.5962,0.0,11.373965802537231,0.0,568.6982901268616,0.0,0.0,0.0,502.1020901268616,852.0
4224,49.9463,0.0,10.345921988694982,0.0,517.2960994347491,0.0,0.0,0.0,467.34979943474906,852.0
4225,39.9557,0.0,8.973716069348042,0.0,448.6858034674021,0.0,0.0,0.0,408.7301034674021,852.0
4226,33.2964,0.0,7.4490680624644225,0.0,372.4534031232211,0.0,0.0,0.0,339.1570031232211,852.0
4227,26.6371,0.0,6.671796382146719,0.0,333.589819107336,0.0,0.0,0.0,306.952719107336,852.0
4228,26.6371,0.0,6.649384343510205,0.0,332.4692171755102,0.0,0.0,0.0,305.83211717551023,852.0
4229,33.2964,0.004380914944555217,6.871742301158303,2.365694070059817,343.5871150579151,0.0,0.0,0.0,312.65640912797494,852.0
4230,83.2427,0.0325525967785724,6.967292505239932,17.578402260429097,348.3646252619966,0.0,0.0,0.0,282.70032752242565,852.0
4231,133.189,0.07181288961068087,7.302091614464423,38.778960389767676,365.10458072322115,0.0,0.0,0.0,270.6945411129889,852.0
4232,166.4889,0.11255733316946943,7.345601892571428,60.7809599115135,367.28009462857136,0.0,0.0,0.0,261.57215454008485,852.0
4233,199.7853,0.15243768111956385,7.634280569892995,82.31634780456449,381.71402849464977,0.0,0.0,0.0,264.24507629921425,852.0
4234,233.0817,0.1774026938125651,8.12633716887369,95.79745465878516,406.3168584436845,0.0,0.0,0.0,269.03261310246967,852.0
4235,249.7316,0.19288009909478684,8.694296180915611,104.1552535111849,434.71480904578056,0.0,0.0,0.0,289.13846255696546,852.0
4236,249.7316,0.19409083033860136,9.502542072904578,104.80904838284474,475.12710364522894,0.0,0.0,0.0,330.20455202807375,852.0
4237,216.4318,0.18646407924773303,10.498240045290679,100.69060279377585,524.912002264534,0.0,0.0,0.0,409.1708050583098,852.0
4238,199.7853,0.1622056938719069,11.540780117568671,87.59107469082971,577.0390058784335,0.0,0.0,0.0,464.8447805692632,852.0
4239,183.1354,0.1184236300449925,11.587971138965251,63.94876022429595,579.3985569482626,0.0,0.0,0.0,460.2119171725585,852.0
4240,166.4889,0.07553661632695081,11.291128406980693,40.78977281655344,564.5564203490346,0.0,0.0,0.0,438.85729316558803,852.0
4241,133.189,0.0337127369805545,11.54601760395367,18.204877969499428,577.3008801976835,0.0,0.0,0.0,462.3167581671829,852.0
4242,183.1354,0.0032741441835573287,12.348629585862108,1.7680378591209576,617.4314792931054,0.0,0.0,0.0,436.06411715222634,852.0
4243,199.7853,0.0,13.316860858810811,0.0,665.8430429405405,0.0,0.0,0.0,466.0577429405405,852.0
4244,183.1354,0.0,13.80373423938224,0.0,690.186711969112,0.0,0.0,0.0,507.051311969112,852.0
4245,149.839,0.0,13.236787492571425,0.0,661.8393746285712,0.0,0.0,0.0,512.0003746285713,852.0
4246,99.8926,0.0,12.277725334804192,0.0,613.8862667402096,0.0,0.0,0.0,513.9936667402096,852.0
4247,66.5962,0.0,11.457182750217319,0.0,572.8591375108659,0.0,0.0,0.0,506.2629375108659,852.0
4248,49.9463,0.0,10.399811669250965,0.0,519.9905834625483,0.0,0.0,0.0,470.0442834625483,852.0
4249,39.9557,0.0,9.391592979591836,0.0,469.5796489795918,0.0,0.0,0.0,429.62394897959183,852.0
4250,33.2964,0.0,9.465469462980694,0.0,473.2734731490347,0.0,0.0,0.0,439.9770731490347,852.0
4251,26.6371,0.0,10.47850815283398,0.0,523.9254076416989,0.0,0.0,0.0,497.28830764169896,852.0
4252,26.6371,0.0,11.332499714965252,0.0,566.6249857482626,0.0,0.0,0.0,539.9878857482626,852.0
4253,33.2964,0.0041872701012866005,11.090796995035854,2.2611258546947646,554.5398497517926,0.0,0.0,0.0,523.5045756064875,852.0
4254,83.2427,0.031657096362981134,10.542721414001106,17.094832036009812,527.1360707000553,0.0,0.0,0.0,460.9882027360651,852.0
4255,133.189,0.06895171620312975,10.316601045780475,37.23392674969006,515.8300522890238,0.0,0.0,0.0,419.87497903871395,852.0
4256,166.4889,0.10889287740808981,10.37039568983122,58.8021538003685,518.519784491561,0.0,0.0,0.0,410.83303829192954,852.0
4257,199.7853,0.1389994058810181,10.527881267715388,75.05967917574978,526.3940633857694,0.0,0.0,0.0,401.6684425615192,852.0
4258,233.0817,0.1507358329388012,11.152198548015443,81.39734978695265,557.6099274007721,0.0,0.0,0.0,405.92557718772474,852.0
4259,249.7316,0.17463000079655056,11.953793482625484,94.30020043013731,597.6896741312742,0.0,0.0,0.0,442.25827456141155,852.0
4260,249.7316,0.1803520539620954,13.0549062460011,97.39010913953152,652.7453123000549,0.0,0.0,0.0,500.4038214395865,852.0
4261,216.4318,0.16306168227595394,14.829360048750138,88.05330842901513,741.4680024375069,0.0,0.0,0.0,613.089510866522,852.0
4262,199.7853,0.1460370244001238,16.486027361429674,78.85999317606687,824.3013680714837,0.0,0.0,0.0,703.3760612475505,852.0
4263,183.1354,0.10870507797364402,17.299132532915607,58.700742105767766,864.9566266457804,0.0,0.0,0.0,740.5219687515481,852.0
4264,166.4889,0.06948535313248544,17.482474334640933,37.52209069154214,874.1237167320467,0.0,0.0,0.0,745.1569074235888,852.0
4265,133.189,0.03085593564865848,17.852877551020406,16.662205250275576,892.6438775510203,0.0,0.0,0.0,776.1170828012959,852.0
4266,183.1354,0.003127331670970075,19.080492875861008,1.6887591023238406,954.0246437930504,0.0,0.0,0.0,772.5780028953742,852.0
4267,199.7853,0.0,20.203616928688355,0.0,1010.1808464344177,0.0,0.0,0.0,810.3955464344177,852.0
4268,183.1354,0.0,20.241019133564258,0.0,1012.0509566782129,0.0,0.0,0.0,828.9155566782129,852.0
4269,149.839,0.0,19.102119325158302,0.0,955.1059662579152,0.0,0.0,0.0,805.2669662579151,852.0
4270,99.8926,0.0,17.6876401685957,0.0,884.382008429785,0.0,0.0,0.0,784.4894084297849,852.0
4271,66.5962,0.0,15.908537634841702,0.0,795.4268817420851,0.0,0.0,0.0,728.8306817420852,852.0
4272,49.9463,0.0,14.458140099282954,0.0,722.9070049641476,0.0,0.0,0.0,672.9607049641477,852.0
4273,39.9557,0.0,13.043591381780473,0.0,652.1795690890236,0.0,0.0,0.0,612.2238690890237,852.0
4274,33.2964,0.0,11.50938646931274,0.0,575.469323465637,0.0,0.0,0.0,542.172923465637,852.0
4275,26.6371,0.0,10.812077890788746,0.0,540.6038945394373,0.0,0.0,0.0,513.9667945394373,852.0
4276,26.6371,0.0,10.766890531618314,0.0,538.3445265809157,0.0,0.0,0.0,511.70742658091575,852.0
4277,33.2964,0.0039014410741084007,10.832199094857145,2.1067781800185363,541.6099547428573,0.0,0.0,0.0,510.42033292287584,852.0
4278,83.2427,0.029254844476339498,11.363590389127415,15.797616017223328,568.1795194563707,0.0,0.0,0.0,500.734435473594,852.0
4279,133.189,0.0629049597546379,12.908295459159403,33.968678267504465,645.4147729579702,0.0,0.0,0.0,546.1944512254747,852.0
4280,166.4889,0.1000743570477086,12.964560597780473,54.04015280576265,648.2280298890237,0.0,0.0,0.0,535.7792826947864,852.0
4281,199.7853,0.1341284395228177,12.05040171744512,72.42935734232155,602.520085872256,0.0,0.0,0.0,475.1641432145775,852.0
4282,233.0817,0.15864558878107204,11.740853586321016,85.6686179417789,587.0426793160508,0.0,0.0,0.0,439.62959725782974,852.0
4283,249.7316,0.17133024426793245,12.158317954047435,92.51833190468352,607.9158977023718,0.0,0.0,0.0,450.7026296070554,852.0
4284,249.7316,0.17699055612465933,12.723713950393822,95.57490030731604,636.1856975196911,0.0,0.0,0.0,482.0289978270072,852.0
4285,216.4318,0.16759161667264705,13.339795027027026,90.4994730032294,666.9897513513513,0.0,0.0,0.0,541.0574243545807,852.0
4286,199.7853,0.15226998370307146,13.86831214035521,82.22579119965859,693.4156070177605,0.0,0.0,0.0,575.8560982174191,852.0
4287,183.1354,0.11409171914333222,13.809597074321015,61.6095283373994,690.4798537160508,0.0,0.0,0.0,568.9539820534502,852.0
4288,166.4889,0.07080987363435808,13.850681059618314,38.23733176255336,692.5340529809157,0.0,0.0,0.0,564.282484743469,852.0
4289,133.189,0.032154277962256714,14.080994605290678,17.363310099618626,704.0497302645339,0.0,0.0,0.0,588.2240403641525,852.0
4290,183.1354,0.0035391320152841047,14.536751992833974,1.9111312882534166,726.8375996416987,0.0,0.0,0.0,545.6133309299521,852.0
4291,199.7853,0.0,14.860053247293987,0.0,743.0026623646993,0.0,0.0,0.0,543.2173623646993,852.0
4292,183.1354,0.0,15.051252210409269,0.0,752.5626105204634,0.0,0.0,0.0,569.4272105204634,852.0
4293,149.839,0.0,15.069837837837841,0.0,753.4918918918921,0.0,0.0,0.0,603.6528918918921,852.0
4294,99.8926,0.0,14.579193575289576,0.0,728.9596787644788,0.0,0.0,0.0,629.0670787644788,852.0
4295,66.5962,0.0,13.698472470309984,0.0,684.9236235154992,0.0,0.0,0.0,618.3274235154993,852.0
4296,49.9463,0.0,12.751573152688364,0.0,637.5786576344182,0.0,0.0,0.0,587.6323576344182,852.0
4297,39.9557,0.0,11.815109319942634,0.0,590.7554659971316,0.0,0.0,0.0,550.7997659971317,852.0
4298,33.2964,0.0,10.912917674572531,0.0,545.6458837286266,0.0,0.0,0.0,512.3494837286266,852.0
4299,26.6371,0.0,10.30683890557529,0.0,515.3419452787646,0.0,0.0,0.0,488.7048452787646,852.0
4300,26.6371,0.0,10.190141308116935,0.0,509.5070654058468,0.0,0.0,0.0,482.8699654058468,852.0
4301,33.2964,0.004403531198808601,10.527881267715388,2.3779068473566447,526.3940633857694,0.0,0.0,0.0,495.475570233126,852.0
4302,83.2427,0.03266802153126804,10.98893160507446,17.640731626884744,549.446580253723,0.0,0.0,0.0,483.8446118806078,852.0
4303,133.189,0.07071643888220322,11.2498517701401,38.18687699638974,562.492588507005,0.0,0.0,0.0,467.49046550339483,852.0
4304,166.4889,0.11232572593631457,11.446759845348042,60.65589200560987,572.3379922674021,0.0,0.0,0.0,466.504984273012,852.0
4305,199.7853,0.14152312508667853,11.19838894017871,76.42248754680641,559.9194470089354,0.0,0.0,0.0,436.5566345557419,852.0
4306,233.0817,0.15895984698928317,10.82213557332157,85.8383173742129,541.1067786660784,0.0,0.0,0.0,393.8633960402913,852.0
4307,249.7316,0.15903776674103454,11.049980327077773,85.88039404015866,552.4990163538886,0.0,0.0,0.0,388.64781039404727,852.0
4308,249.7316,0.16604591597711865,11.587971138965251,89.66479462764407,579.3985569482626,0.0,0.0,0.0,419.33175157590665,852.0
4309,216.4318,0.1606354219941983,12.50222031747601,86.74312787686709,625.1110158738005,0.0,0.0,0.0,495.4223437506676,852.0
4310,199.7853,0.14236601468093846,13.582112257976833,76.87764792770676,679.1056128988416,0.0,0.0,0.0,556.1979608265484,852.0
4311,183.1354,0.1038354893789866,14.536751992833974,56.071164264652765,726.8375996416987,0.0,0.0,0.0,599.7733639063515,852.0
4312,166.4889,0.06538117938699405,15.125682239082183,35.30583686897678,756.2841119541091,0.0,0.0,0.0,625.1010488230859,852.0
4313,133.189,0.029150551129390682,15.640558456339768,15.741297609870971,782.0279228169884,0.0,0.0,0.0,664.5802204268595,852.0
4314,183.1354,0.0028983820214674343,15.934210873575289,1.5651262915924145,796.7105436787645,0.0,0.0,0.0,615.1402699703568,852.0
4315,199.7853,0.0,16.140547927510205,0.0,807.0273963755103,0.0,0.0,0.0,607.2420963755103,852.0
4316,183.1354,0.0,16.19239689471153,0.0,809.6198447355764,0.0,0.0,0.0,626.4844447355764,852.0
4317,149.839,0.0,15.319041906232766,0.0,765.9520953116382,0.0,0.0,0.0,616.1130953116383,852.0
4318,99.8926,0.0,13.897728840719251,0.0,694.8864420359625,0.0,0.0,0.0,594.9938420359625,852.0
4319,66.5962,0.0,12.266839779618314,0.0,613.3419889809157,0.0,0.0,0.0,546.7457889809158,852.0
4320,49.9463,0.0,10.812077890788746,0.0,540.6038945394373,0.0,0.0,0.0,490.6575945394373,852.0
4321,39.9557,0.0,9.56297647542857,0.0,478.1488237714285,0.0,0.0,0.0,438.19312377142853,852.0
4322,33.2964,0.0,8.274644389877551,0.0,413.73221949387755,0.0,0.0,0.0,380.43581949387755,852.0
4323,26.6371,0.0,7.6830522175752884,0.0,384.15261087876445,0.0,0.0,0.0,357.5155108787645,852.0
4324,26.6371,0.0,7.64239605942857,0.0,382.1198029714285,0.0,0.0,0.0,355.4827029714285,852.0
4325,33.2964,0.003266258289720387,8.355842645003863,1.7637794764490091,417.79213225019316,0.0,0.0,0.0,386.2595117266422,852.0
4326,83.2427,0.024094922228600314,9.567635102464422,13.01125800344417,478.38175512322107,0.0,0.0,0.0,408.1503131266652,852.0
4327,133.189,0.05247770572596492,10.483438957714284,28.337961092021057,524.1719478857142,0.0,0.0,0.0,419.32090897773526,852.0
4328,166.4889,0.08328561915285725,10.978777362321015,44.974234342542914,548.9388681160508,0.0,0.0,0.0,427.4242024585937,852.0
4329,199.7853,0.11033960790996913,11.4155267781401,59.58338827138333,570.776338907005,0.0,0.0,0.0,430.5744271783883,852.0
4330,233.0817,0.13394200530503617,11.2498517701401,72.32868286471954,562.492588507005,0.0,0.0,0.0,401.7395713717246,852.0
4331,249.7316,0.15549550367858195,11.065275552123554,83.96757198643425,553.2637776061777,0.0,0.0,0.0,387.4997495926119,852.0
4332,249.7316,0.15437998848804702,11.019429541877551,83.3651937835454,550.9714770938775,0.0,0.0,0.0,384.6050708774229,852.0
4333,216.4318,0.15361606857168025,11.090796995035854,82.95267702870734,554.5398497517926,0.0,0.0,0.0,421.0607267804999,852.0
4334,199.7853,0.13384322344613958,11.177845131931605,72.27534066091538,558.8922565965802,0.0,0.0,0.0,431.38229725749557,852.0
4335,183.1354,0.09974678266344142,11.373965802537231,53.86326263825837,568.6982901268616,0.0,0.0,0.0,439.4261527651199,852.0
4336,166.4889,0.06217193357315625,11.777944729239934,33.572844129504375,588.8972364619967,0.0,0.0,0.0,455.9811805915011,852.0
4337,133.189,0.02820331558582314,12.779470776163265,15.229790416344496,638.9735388081633,0.0,0.0,0.0,521.0143292245078,852.0
4338,183.1354,0.003156313773853841,14.983229580355212,1.7044094378810741,749.1614790177606,0.0,0.0,0.0,567.7304884556416,852.0
4339,199.7853,0.0,17.735732813661333,0.0,886.7866406830666,0.0,0.0,0.0,687.0013406830666,852.0
4340,183.1354,0.0,19.094908761204625,0.0,954.7454380602312,0.0,0.0,0.0,771.6100380602312,852.0
4341,149.839,0.0,18.28430763959846,0.0,914.215381979923,0.0,0.0,0.0,764.376381979923,852.0
4342,99.8926,0.0,16.584653523768335,0.0,829.2326761884167,0.0,0.0,0.0,729.3400761884167,852.0
4343,66.5962,0.0,15.678663756355213,0.0,783.9331878177607,0.0,0.0,0.0,717.3369878177607,852.0
4344,49.9463,0.0,14.307722559293993,0.0,715.3861279646997,0.0,0.0,0.0,665.4398279646997,852.0
4345,39.9557,0.0,13.704306972911198,0.0,685.2153486455599,0.0,0.0,0.0,645.2596486455599,852.0
4346,33.2964,0.0,11.587971138965251,0.0,579.3985569482626,0.0,0.0,0.0,546.1021569482626,852.0
4347,26.6371,0.0,9.849731302618862,0.0,492.48656513094306,0.0,0.0,0.0,465.8494651309431,852.0
4348,26.6371,0.0,8.571850467618312,0.0,428.59252338091557,0.0,0.0,0.0,401.9554233809156,852.0
4349,33.2964,0.003992373656125235,7.793480484571427,2.155881774307627,389.67402422857134,0.0,0.0,0.0,358.53350600287894,852.0
4350,83.2427,0.021017612366259455,7.9090144588108116,11.349510677780106,395.4507229405406,0.0,0.0,0.0,323.5575336183207,852.0
4351,133.189,0.04895601777770851,8.760331697738554,26.436249599962597,438.0165848869277,0.0,0.0,0.0,331.26383448689035,852.0
4352,166.4889,0.08090481948142124,10.045429406429122,43.68860251996747,502.2714703214561,0.0,0.0,0.0,379.47117284142354,852.0
4353,199.7853,0.1130127014665061,11.218956355212354,61.0268587919133,560.9478177606177,0.0,0.0,0.0,422.18937655253103,852.0
4354,233.0817,0.13846100173749076,11.640547288286818,74.76894093824501,582.0273644143409,0.0,0.0,0.0,423.7146053525859,852.0
4355,249.7316,0.15762809448203358,12.007404408163266,85.11917102029814,600.3702204081633,0.0,0.0,0.0,435.7577914284615,852.0
4356,249.7316,0.1734320410106409,12.52425949034749,93.6533021457461,626.2129745173745,0.0,0.0,0.0,470.1346766631207,852.0
4357,216.4318,0.16007960314785089,13.357012020633208,86.44298569983947,667.8506010316604,0.0,0.0,0.0,537.8617867314999,852.0
4358,199.7853,0.13930870914641302,14.694788393831223,75.22670293906303,734.7394196915611,0.0,0.0,0.0,610.1808226306241,852.0
4359,183.1354,0.10329663781364293,15.780566802321013,55.78018441936718,789.0283401160507,0.0,0.0,0.0,661.6731245354179,852.0
4360,166.4889,0.06572508841883432,17.4484288351594,35.49154774617053,872.42144175797,0.0,0.0,0.0,741.4240895041405,852.0
4361,133.189,0.02879425444150492,20.158793006455607,15.548897398412656,1007.9396503227804,0.0,0.0,0.0,890.2995477211931,852.0
4362,183.1354,0.0031977931269606065,21.828853993831224,1.7268082885587275,1091.4426996915613,0.0,0.0,0.0,910.03410798012,852.0
4363,199.7853,0.0,22.057504642718154,0.0,1102.8752321359077,0.0,0.0,0.0,903.0899321359077,852.0
4364,183.1354,0.0,21.601737729729738,0.0,1080.086886486487,0.0,0.0,0.0,896.9514864864869,852.0
4365,149.839,0.0,19.39197734011693,0.0,969.5988670058465,0.0,0.0,0.0,819.7598670058464,852.0
4366,99.8926,0.0,15.659603725414229,0.0,782.9801862707114,0.0,0.0,0.0,683.0875862707114,852.0
4367,66.5962,0.0,13.547326557476005,0.0,677.3663278738003,0.0,0.0,0.0,610.7701278738003,852.0
4368,49.9463,0.0,12.679219076694984,0.0,633.9609538347493,0.0,0.0,0.0,584.0146538347493,852.0
4369,39.9557,0.0,11.152198548015443,0.0,557.6099274007721,0.0,0.0,0.0,517.6542274007721,852.0
4370,33.2964,0.0,9.359384515282956,0.0,467.96922576414784,0.0,0.0,0.0,434.67282576414783,852.0
4371,26.6371,0.0,8.347272578047438,0.0,417.3636289023719,0.0,0.0,0.0,390.7265289023719,852.0
4372,26.6371,0.0,8.506692828169884,0.0,425.3346414084942,0.0,0.0,0.0,398.6975414084942,852.0
4373,33.2964,0.002499139826632685,8.95581315385328,1.34953550638165,447.79065769266396,0.0,0.0,0.0,415.8437931990456,852.0
4374,83.2427,0.01887244702145854,9.117733890788747,10.191121391587611,455.88669453943737,0.0,0.0,0.0,382.835115931025,852.0
4375,133.189,0.041641707855172426,9.483994559293988,22.48652224179311,474.1997279646994,0.0,0.0,0.0,363.4972502064925,852.0
4376,166.4889,0.06826723667890093,10.011848210321016,36.864307806606504,500.5924105160508,0.0,0.0,0.0,370.96781832265725,852.0
4377,199.7853,0.1091604480952934,10.175612190393823,58.94664197145845,508.78060951969115,0.0,0.0,0.0,367.94195149114955,852.0
4378,233.0817,0.12799598958789019,9.816557991607281,69.11783437746071,490.82789958036403,0.0,0.0,0.0,326.8640339578247,852.0
4379,249.7316,0.14025082153221666,9.99269030572973,75.73544362739699,499.6345152864865,0.0,0.0,0.0,325.6383589138835,852.0
4380,249.7316,0.14912670049232704,11.4155267781401,80.5284182658566,570.776338907005,0.0,0.0,0.0,401.57315717286167,852.0
4381,216.4318,0.14356949270447245,14.003956048061777,77.52752606041513,700.1978024030889,0.0,0.0,0.0,561.2935284635039,852.0
4382,199.7853,0.13186281938675998,17.584865770537228,71.20592246885039,879.2432885268614,0.0,0.0,0.0,750.6639109957118,852.0
4383,183.1354,0.09488312415691348,20.24850491559183,51.23688704473328,1012.4252457795915,0.0,0.0,0.0,880.5267328243248,852.0
4384,166.4889,0.05960028048188829,21.206032602016553,32.18415146021968,1060.3016301008277,0.0,0.0,0.0,925.9968815610473,852.0
4385,133.189,0.026617913897158386,20.799790795931607,14.373673504465529,1039.9895397965804,0.0,0.0,0.0,921.174213301046,852.0
4386,183.1354,0.0031169472774713984,20.00984203423276,1.6831515298345552,1000.492101711638,0.0,0.0,0.0,819.0398532414725,852.0
4387,199.7853,0.0,20.270972947591833,0.0,1013.5486473795917,0.0,0.0,0.0,813.7633473795917,852.0
4388,183.1354,0.0,21.18290251440927,0.0,1059.1451257204635,0.0,0.0,0.0,876.0097257204635,852.0
4389,149.839,0.0,21.781738703567573,0.0,1089.0869351783786,0.0,0.0,0.0,939.2479351783786,852.0
4390,99.8926,0.0,22.26381051725097,0.0,1113.1905258625486,0.0,0.0,0.0,1013.2979258625486,852.0
4391,66.5962,0.0,22.399373691552125,0.0,1119.9686845776062,0.0,0.0,0.0,1053.3724845776062,852.0
4392,49.9463,0.0,21.407175413127415,0.0,1070.3587706563708,0.0,0.0,0.0,1020.4124706563708,852.0
4393,39.9557,0.0,19.97271523657143,0.0,998.6357618285716,0.0,0.0,0.0,958.6800618285716,852.0
4394,33.2964,0.0,18.263279871293992,0.0,913.1639935646996,0.0,0.0,0.0,879.8675935646996,852.0
4395,26.6371,0.0,16.224856370409267,0.0,811.2428185204633,0.0,0.0,0.0,784.6057185204633,852.0
4396,26.6371,0.0,15.119470819618314,0.0,755.9735409809157,0.0,0.0,0.0,729.3364409809157,852.0
4397,33.2964,0.0031396612012844485,14.585263070217316,1.6954170486936022,729.2631535108658,0.0,0.0,0.0,697.6621705595594,852.0
4398,83.2427,0.024773257777645347,14.940044361884167,13.377559199928488,747.0022180942084,0.0,0.0,0.0,677.1370772941368,852.0
4399,133.189,0.05607629703622117,16.134074261250962,30.281200399559427,806.7037130625481,0.0,0.0,0.0,703.7959134621076,852.0
4400,166.4889,0.08918009124613585,17.873601431510203,48.15724927291336,893.6800715755102,0.0,0.0,0.0,775.3484208484235,852.0
4401,199.7853,0.11861137957610769,18.537852354047438,64.05014497109816,926.8926177023719,0.0,0.0,0.0,791.15746267347,852.0
4402,233.0817,0.12637924720534563,18.144415227375628,68.24479349088665,907.2207613687814,0.0,0.0,0.0,742.383854859668,852.0
4403,249.7316,0.13725288548665002,18.74372777612355,74.11655816279101,937.1863888061774,0.0,0.0,0.0,761.5713469689684,852.0
4404,249.7316,0.14389232456320172,20.099127353892996,77.70185526412894,1004.9563676946498,0.0,0.0,0.0,832.9266229587787,852.0
4405,216.4318,0.12862338071840368,20.48899138223938,69.45662558793798,1024.449569111969,0.0,0.0,0.0,877.4743946999067,852.0
4406,199.7853,0.12306531299616602,19.203250836262548,66.45526901792965,960.1625418131274,0.0,0.0,0.0,826.8325108310571,852.0
4407,183.1354,0.08948166624821317,18.24226760828682,48.320099774035114,912.113380414341,0.0,0.0,0.0,777.2980801883762,852.0
4408,166.4889,0.05624864899933346,18.02604743519029,30.37427045964007,901.3023717595145,0.0,0.0,0.0,765.1877422191546,852.0
4409,133.189,0.02564072859124226,18.19329926085825,13.84599343927082,909.6649630429125,0.0,0.0,0.0,790.3219564821834,852.0
4410,183.1354,0.0028492068564918323,18.929547696926637,1.5385717025055894,946.4773848463318,0.0,0.0,0.0,764.8805565488374,852.0
4411,199.7853,0.0,20.047013183576397,0.0,1002.3506591788198,0.0,0.0,0.0,802.5653591788198,852.0
4412,183.1354,0.0,20.59477941671043,0.0,1029.7389708355215,0.0,0.0,0.0,846.6035708355215,852.0
4413,149.839,0.0,19.66259751709653,0.0,983.1298758548264,0.0,0.0,0.0,833.2908758548265,852.0
4414,99.8926,0.0,18.693900138996142,0.0,934.6950069498071,0.0,0.0,0.0,834.802406949807,852.0
4415,66.5962,0.0,17.667054617698845,0.0,883.3527308849423,0.0,0.0,0.0,816.7565308849423,852.0
4416,49.9463,0.0,16.309445158301155,0.0,815.4722579150578,0.0,0.0,0.0,765.5259579150578,852.0
4417,39.9557,0.0,15.20034586514286,0.0,760.0172932571429,0.0,0.0,0.0,720.0615932571429,852.0
4418,33.2964,0.0,14.003956048061777,0.0,700.1978024030889,0.0,0.0,0.0,666.9014024030889,852.0
4419,26.6371,0.0,12.740424862711528,0.0,637.0212431355764,0.0,0.0,0.0,610.3841431355763,852.0
4420,26.6371,0.0,11.959147795027027,0.0,597.9573897513513,0.0,0.0,0.0,571.3202897513513,852.0
4421,33.2964,0.0030730432824715393,11.7144048405957,1.6594433725346311,585.720242029785,0.0,0.0,0.0,554.0832854023197,852.0
4422,83.2427,0.02312802270371443,11.682715724355214,12.48913226000579,584.1357862177607,0.0,0.0,0.0,513.3822184777665,852.0
4423,133.189,0.05308100547425294,12.093495649853283,28.663742956096588,604.6747824926641,0.0,0.0,0.0,500.14952544876076,852.0
4424,166.4889,0.0854560771348511,12.942036015444017,46.14628165281959,647.1018007722009,0.0,0.0,0.0,526.7591824250205,852.0
4425,199.7853,0.10956395516073676,14.694788393831223,59.164535786797856,734.7394196915611,0.0,0.0,0.0,594.118655478359,852.0
4426,233.0817,0.12391290218043176,16.743237472688357,66.91296717743316,837.1618736344178,0.0,0.0,0.0,670.9931408118509,852.0
4427,249.7316,0.13561657748592673,18.559082211618314,73.23295184240044,927.9541105809157,0.0,0.0,0.0,751.4554624233161,852.0
4428,249.7316,0.13637789266570016,19.61854938394264,73.6440620394781,980.9274691971319,0.0,0.0,0.0,804.8399312366101,852.0
4429,216.4318,0.14384607491449716,18.886561749074456,77.67688045382847,944.3280874537228,0.0,0.0,0.0,805.5731679075514,852.0
4430,199.7853,0.12856641817116546,17.123747803004964,69.42586581242935,856.1873901502482,0.0,0.0,0.0,725.8279559626776,852.0
4431,183.1354,0.09695768849296804,15.495034536595698,52.35715178620275,774.751726829785,0.0,0.0,0.0,643.9734786159877,852.0
4432,166.4889,0.061506315443326076,14.804834507861006,33.213410339396084,740.2417253930503,0.0,0.0,0.0,606.9662357324464,852.0
4433,133.189,0.027253004563851536,14.964711929822395,14.716622464479832,748.2355964911197,0.0,0.0,0.0,629.7632189555997,852.0
4434,183.1354,0.002981182862059657,15.362920167607284,1.6098387455122147,768.1460083803642,0.0,0.0,0.0,586.6204471258764,852.0
4435,199.7853,0.0,15.786949709661338,0.0,789.3474854830669,0.0,0.0,0.0,589.5621854830669,852.0
4436,183.1354,0.0,15.979202548138993,0.0,798.9601274069496,0.0,0.0,0.0,615.8247274069496,852.0
4437,149.839,0.0,15.300261372858248,0.0,765.0130686429125,0.0,0.0,0.0,615.1740686429125,852.0
4438,99.8926,0.0,14.253816272555984,0.0,712.6908136277992,0.0,0.0,0.0,612.7982136277992,852.0
4439,66.5962,0.0,13.35127146353668,0.0,667.563573176834,0.0,0.0,0.0,600.967373176834,852.0
4440,49.9463,0.0,12.562886885312743,0.0,628.1443442656372,0.0,0.0,0.0,578.1980442656372,852.0
4441,39.9557,0.0,11.709119581476008,0.0,585.4559790738004,0.0,0.0,0.0,545.5002790738005,852.0
4442,33.2964,0.0,10.651947691984553,0.0,532.5973845992277,0.0,0.0,0.0,499.30098459922766,852.0
4443,26.6371,0.0,9.892484779984557,0.0,494.6242389992278,0.0,0.0,0.0,467.98713899922785,852.0
4444,26.6371,0.0,9.940123503691117,0.0,497.00617518455584,0.0,0.0,0.0,470.36907518455587,852.0
4445,33.2964,0.002925928925105832,10.336142585645888,1.5800016195571494,516.8071292822945,0.0,0.0,0.0,485.0907309018516,852.0
4446,83.2427,0.024906816052353942,11.224101899119692,13.44968066827113,561.2050949559846,0.0,0.0,0.0,491.41207562425575,852.0
4447,133.189,0.054583069673341214,12.695893142804193,29.474857623604258,634.7946571402097,0.0,0.0,0.0,531.080514763814,852.0
4448,166.4889,0.0837664140417872,13.576310723035851,45.23386358256509,678.8155361517926,0.0,0.0,0.0,557.5604997343576,852.0
4449,199.7853,0.11959389332950346,13.86831214035521,64.58070239793187,693.4156070177605,0.0,0.0,0.0,558.2110094156924,852.0
4450,233.0817,0.14445105661557747,13.980305720904576,78.00357057241183,699.0152860452288,0.0,0.0,0.0,543.9371566176405,852.0
4451,249.7316,0.1489958634187328,14.188105906232762,80.45776624611572,709.405295311638,0.0,0.0,0.0,540.1314615577538,852.0
4452,249.7316,0.15838827989986592,13.891842343077773,85.52967114592761,694.5921171538887,0.0,0.0,0.0,530.3901882998164,852.0
4453,216.4318,0.15957541135029807,13.43754366492664,86.17072212916096,671.877183246332,0.0,0.0,0.0,541.6161053754929,852.0
4454,199.7853,0.14626166123239023,13.518381554409267,78.98129706549074,675.9190777204633,0.0,0.0,0.0,555.115074785954,852.0
4455,183.1354,0.10808855753146056,14.560994709780475,58.3678210669887,728.0497354890238,0.0,0.0,0.0,603.2821565560124,852.0
4456,166.4889,0.06851962900656519,15.73593247756426,37.0005996635452,786.796623878213,0.0,0.0,0.0,657.3083235417582,852.0
4457,133.189,0.031020374840331304,17.489288530321016,16.751002413778906,874.4644265160508,0.0,0.0,0.0,758.0264289298298,852.0
4458,183.1354,0.0030908609901261533,19.16709307732156,1.6690649346681228,958.354653866078,0.0,0.0,0.0,776.8883188007461,852.0
4459,199.7853,0.0,19.370140684178708,0.0,968.5070342089354,0.0,0.0,0.0,768.7217342089353,852.0
4460,183.1354,0.0,18.47425623630226,0.0,923.712811815113,0.0,0.0,0.0,740.577411815113,852.0
4461,149.839,0.0,18.587412933259788,0.0,929.3706466629894,0.0,0.0,0.0,779.5316466629895,852.0
4462,99.8926,0.0,18.800777884169893,0.0,940.0388942084946,0.0,0.0,0.0,840.1462942084946,852.0
4463,66.5962,0.0,18.333432762810812,0.0,916.6716381405406,0.0,0.0,0.0,850.0754381405407,852.0
4464,49.9463,0.0,16.10819615290458,0.0,805.409807645229,0.0,0.0,0.0,755.463507645229,852.0
4465,39.9557,0.0,13.780298655699944,0.0,689.0149327849972,0.0,0.0,0.0,649.0592327849972,852.0
4466,33.2964,0.0,12.607124262548265,0.0,630.3562131274132,0.0,0.0,0.0,597.0598131274132,852.0
4467,26.6371,0.0,11.905672412169885,0.0,595.2836206084943,0.0,0.0,0.0,568.6465206084943,852.0
4468,26.6371,0.0,11.7144048405957,0.0,585.720242029785,0.0,0.0,0.0,559.083142029785,852.0
4469,33.2964,0.0030159768683440183,11.608983691119692,1.62862750890577,580.4491845559846,0.0,0.0,0.0,548.7814120648904,852.0
4470,83.2427,0.023165070031413156,11.556497045780475,12.509137816963104,577.8248522890237,0.0,0.0,0.0,507.0912901059868,852.0
4471,133.189,0.0524848344411804,11.399930285714285,28.341810598237416,569.9965142857143,0.0,0.0,0.0,465.14932488395175,852.0
4472,166.4889,0.0849598821159923,10.731826431293985,45.87833634263585,536.5913215646992,0.0,0.0,0.0,415.9807579073351,852.0
4473,199.7853,0.11364967829453113,10.552622083953668,61.3708262790468,527.6311041976834,0.0,0.0,0.0,389.2166304767302,852.0
4474,233.0817,0.13493298451611277,10.513054146718147,72.8638116387009,525.6527073359074,0.0,0.0,0.0,365.4348189746083,852.0
4475,249.7316,0.15089268477808399,10.791980035953669,81.48204978016535,539.5990017976834,0.0,0.0,0.0,371.34945157784875,852.0
4476,249.7316,0.167477601740037,11.280800376586873,90.43790493962,564.0400188293437,0.0,0.0,0.0,404.74632376896375,852.0
4477,216.4318,0.1598284542203416,11.77264149942857,86.30736527898446,588.6320749714284,0.0,0.0,0.0,458.50764025041286,852.0
4478,199.7853,0.1378420180189886,12.9026774340695,74.43468973025385,645.1338717034749,0.0,0.0,0.0,519.7832614337287,852.0
4479,183.1354,0.1034122911961598,13.962584589096524,55.84263724592629,698.1292294548263,0.0,0.0,0.0,570.8364667007526,852.0
4480,166.4889,0.0664526005525404,14.134485954718151,35.88440429837182,706.7242977359076,0.0,0.0,0.0,576.1198020342795,852.0
4481,133.189,0.029516512219443798,13.986215928904578,15.938916598499652,699.3107964452289,0.0,0.0,0.0,582.0607130437286,852.0
4482,183.1354,0.003380011446975681,14.737522152842802,1.8252061813668676,736.8761076421401,0.0,0.0,0.0,555.565913823507,852.0
4483,199.7853,0.0,16.024275111783787,0.0,801.2137555891893,0.0,0.0,0.0,601.4284555891893,852.0
4484,183.1354,0.0,16.512290960873692,0.0,825.6145480436846,0.0,0.0,0.0,642.4791480436846,852.0
4485,149.839,0.0,16.043616704741314,0.0,802.1808352370657,0.0,0.0,0.0,652.3418352370657,852.0
4486,99.8926,0.0,14.964711929822395,0.0,748.2355964911197,0.0,0.0,0.0,648.3429964911197,852.0
4487,66.5962,0.0,13.179778872339767,0.0,658.9889436169883,0.0,0.0,0.0,592.3927436169884,852.0
4488,49.9463,0.0,10.912917674572531,0.0,545.6458837286266,0.0,0.0,0.0,495.6995837286266,852.0
4489,39.9557,0.0,9.254037714285717,0.0,462.7018857142859,0.0,0.0,0.0,422.7461857142859,852.0
4490,33.2964,0.0,8.334427580116934,0.0,416.7213790058467,0.0,0.0,0.0,383.4249790058467,852.0
4491,26.6371,0.0,7.863502477661336,0.0,393.1751238830668,0.0,0.0,0.0,366.53802388306684,852.0
4492,26.6371,0.0,7.57761886376172,0.0,378.880943188086,0.0,0.0,0.0,352.24384318808603,852.0
4493,33.2964,0.0032356415021532916,7.203786146841701,1.7472464111627777,360.18930734208504,0.0,0.0,0.0,328.64015375324783,852.0
4494,83.2427,0.02811646830051771,7.32580507633315,15.182892882279564,366.2902538166575,0.0,0.0,0.0,298.2304466989371,852.0
4495,133.189,0.06317887903024996,8.025587267212355,34.11659467633498,401.27936336061777,0.0,0.0,0.0,302.20695803695276,852.0
4496,166.4889,0.10238467495142715,8.450469492915612,55.287724473770666,422.5234746457806,0.0,0.0,0.0,311.32229911955125,852.0
4497,199.7853,0.14037511429554092,8.185463148302262,75.80256171959209,409.2731574151131,0.0,0.0,0.0,285.2904191347052,852.0
4498,233.0817,0.16361111839811732,8.185463148302262,88.35000393498335,409.2731574151131,0.0,0.0,0.0,264.5414613500964,852.0
4499,249.7316,0.17573451391042014,8.685514649204631,94.89663751162688,434.27573246023155,0.0,0.0,0.0,279.44076997185846,852.0
4500,249.7316,0.17864363479837533,9.153959536926642,96.46756279112269,457.6979768463321,0.0,0.0,0.0,304.43393963745484,852.0
4501,216.4318,0.17557312325272292,9.623648269167123,94.80948655647038,481.18241345835617,0.0,0.0,0.0,359.56010001482656,852.0
4502,199.7853,0.15581885969303697,10.219238230557085,84.14218423423996,510.9619115278543,0.0,0.0,0.0,395.3187957620943,852.0
4503,183.1354,0.11456274548170056,10.87251160491561,61.8638825601183,543.6255802457805,0.0,0.0,0.0,422.3540628058988,852.0
4504,166.4889,0.07286581573354191,11.540780117568671,39.34754049611263,577.0390058784335,0.0,0.0,0.0,449.8976463745461,852.0
4505,133.189,0.033062065149911696,12.196231620518478,17.853515180952318,609.8115810259239,0.0,0.0,0.0,494.47609620687626,852.0
4506,183.1354,0.0033196427262977978,13.242496903942635,1.792607072200811,662.1248451971318,0.0,0.0,0.0,480.78205226933255,852.0
4507,199.7853,0.0,14.579193575289576,0.0,728.9596787644788,0.0,0.0,0.0,529.1743787644788,852.0
4508,183.1354,0.0,15.406878311360176,0.0,770.3439155680088,0.0,0.0,0.0,587.2085155680088,852.0
4509,149.839,0.0,14.603481177239933,0.0,730.1740588619966,0.0,0.0,0.0,580.3350588619967,852.0
4510,99.8926,0.0,13.862433535576393,0.0,693.1216767788196,0.0,0.0,0.0,593.2290767788196,852.0
4511,66.5962,0.0,13.145648255082182,0.0,657.2824127541091,0.0,0.0,0.0,590.6862127541092,852.0
4512,49.9463,0.0,11.16758207611693,0.0,558.3791038058465,0.0,0.0,0.0,508.4328038058465,852.0
4513,39.9557,0.0,9.56297647542857,0.0,478.1488237714285,0.0,0.0,0.0,438.19312377142853,852.0
4514,33.2964,0.0,8.888873263020407,0.0,444.44366315102036,0.0,0.0,0.0,411.14726315102035,852.0
4515,26.6371,0.0,8.773575692425814,0.0,438.6787846212907,0.0,0.0,0.0,412.0416846212907,852.0
4516,26.6371,0.0,8.946869956024269,0.0,447.34349780121346,0.0,0.0,0.0,420.7063978012135,852.0
4517,33.2964,0.00293145703574475,9.07257639271925,1.5829867993021651,453.62881963596254,0.0,0.0,0.0,421.9154064352647,852.0
4518,83.2427,0.02497833607065528,9.258602695942635,13.488301478153852,462.93013479713176,0.0,0.0,0.0,393.1757362752856,852.0
4519,133.189,0.055836340614538876,9.802362104339768,30.151623931850995,490.1181052169884,0.0,0.0,0.0,387.0807291488394,852.0
4520,166.4889,0.08988186086903469,10.161095960710426,48.53620486927873,508.05479803552134,0.0,0.0,0.0,390.1021029048001,852.0
4521,199.7853,0.11968327193355983,10.238664854239383,64.6289668441223,511.93324271196917,0.0,0.0,0.0,376.7769095560915,852.0
4522,233.0817,0.14810243718116736,10.542721414001106,79.97531607783037,527.1360707000553,0.0,0.0,0.0,374.0296867778856,852.0
4523,249.7316,0.14947577964861783,10.6569292100695,80.71692101025363,532.846460503475,0.0,0.0,0.0,363.83178151372863,852.0
4524,249.7316,0.14463384315748326,10.912917674572531,78.10227530504096,545.6458837286266,0.0,0.0,0.0,374.0165590336676,852.0
4525,216.4318,0.15139955907901248,11.724979848225042,81.75576190266675,586.2489924112521,0.0,0.0,0.0,451.57295431391884,852.0
4526,199.7853,0.13961333242858254,12.829783404302262,75.39119951143458,641.4891702151131,0.0,0.0,0.0,517.0950697265476,852.0
4527,183.1354,0.10329277540397214,13.786155188633206,55.77809871814495,689.3077594316603,0.0,0.0,0.0,561.9504581498053,852.0
4528,166.4889,0.06363831641033606,14.440037288842799,34.36469086158147,722.0018644421399,0.0,0.0,0.0,589.8776553037214,852.0
4529,133.189,0.028388988333265655,14.958542613321562,15.330053699963454,747.9271306660781,0.0,0.0,0.0,630.0681843660416,852.0
4530,183.1354,0.0029606518427814682,15.640558456339768,1.598751995101993,782.0279228169884,0.0,0.0,0.0,600.4912748120904,852.0
4531,199.7853,0.0,16.322483730321018,0.0,816.1241865160509,0.0,0.0,0.0,616.3388865160509,852.0
4532,183.1354,0.0,16.296413232679534,0.0,814.8206616339767,0.0,0.0,0.0,631.6852616339767,852.0
4533,149.839,0.0,15.691378647510202,0.0,784.5689323755101,0.0,0.0,0.0,634.7299323755101,852.0
4534,99.8926,0.0,14.86619672544512,0.0,743.309836272256,0.0,0.0,0.0,643.417236272256,852.0
4535,66.5962,0.0,14.027631703545504,0.0,701.3815851772752,0.0,0.0,0.0,634.7853851772752,852.0
4536,49.9463,0.0,12.201653918711527,0.0,610.0826959355763,0.0,0.0,0.0,560.1363959355764,852.0
4537,39.9557,0.0,10.409628527444017,0.0,520.4814263722009,0.0,0.0,0.0,480.5257263722009,852.0
4538,33.2964,0.0,9.774008542146715,0.0,488.70042710733577,0.0,0.0,0.0,455.40402710733576,852.0
4539,26.6371,0.0,9.82129278598566,0.0,491.064639299283,0.0,0.0,0.0,464.427539299283,852.0
4540,26.6371,0.0,9.954442832873688,0.0,497.72214164368444,0.0,0.0,0.0,471.08504164368446,852.0
4541,33.2964,0.0028876780751298813,10.170772015444015,1.559346160570136,508.53860077220077,0.0,0.0,0.0,476.8015469327709,852.0
4542,83.2427,0.0231227520922615,10.82213557332157,12.486286129821211,541.1067786660784,0.0,0.0,0.0,470.3503647958996,852.0
4543,133.189,0.05271200539598229,12.294065057853283,28.464482913830437,614.7032528926642,0.0,0.0,0.0,509.9787358064947,852.0
4544,166.4889,0.08483260712933849,13.28822820257253,45.809607849842784,664.4114101286265,0.0,0.0,0.0,543.7321179784692,852.0
4545,199.7853,0.1169946963583588,13.06056600043243,63.177136033513754,653.0283000216216,0.0,0.0,0.0,516.4201360551353,852.0
4546,233.0817,0.14182646051680672,12.891446011375617,76.58628867907564,644.5723005687809,0.0,0.0,0.0,488.0768892478565,852.0
4547,249.7316,0.15531794015003425,12.891446011375617,83.8716876810185,644.5723005687809,0.0,0.0,0.0,478.71238824979935,852.0
4548,249.7316,0.14769067275751782,12.852184598309984,79.75296328905962,642.6092299154992,0.0,0.0,0.0,472.63059320455886,852.0
4549,216.4318,0.15209546670394156,13.03793627156757,82.13155202012845,651.8968135783786,0.0,0.0,0.0,517.5965655985069,852.0
4550,199.7853,0.13692113865151334,13.52416742329399,73.93741487181721,676.2083711646995,0.0,0.0,0.0,550.3604860365167,852.0
4551,183.1354,0.1007015409188411,14.45210423030116,54.3788320961742,722.605211515058,0.0,0.0,0.0,593.8486436112322,852.0
4552,166.4889,0.06209812874763763,15.425741987618313,33.532989523724325,771.2870993809156,0.0,0.0,0.0,638.3311889046399,852.0
4553,133.189,0.028174468874335255,15.889300015444018,15.214213192141038,794.4650007722009,0.0,0.0,0.0,676.490213964342,852.0
4554,183.1354,0.0027929186727738715,16.140547927510205,1.5081760832978908,807.0273963755103,0.0,0.0,0.0,625.4001724588082,852.0
4555,199.7853,0.0,16.043616704741314,0.0,802.1808352370657,0.0,0.0,0.0,602.3955352370657,852.0
4556,183.1354,0.0,15.350375373414233,0.0,767.5187686707117,0.0,0.0,0.0,584.3833686707117,852.0
4557,149.839,0.0,14.241854614239383,0.0,712.0927307119691,0.0,0.0,0.0,562.2537307119692,852.0
4558,99.8926,0.0,13.44330763691561,0.0,672.1653818457805,0.0,0.0,0.0,572.2727818457805,852.0
4559,66.5962,0.0,12.629279696555983,0.0,631.4639848277991,0.0,0.0,0.0,564.8677848277991,852.0
4560,49.9463,0.0,10.82213557332157,0.0,541.1067786660784,0.0,0.0,0.0,491.1604786660784,852.0
4561,39.9557,0.0,8.875522387768338,0.0,443.77611938841693,0.0,0.0,0.0,403.82041938841695,852.0
4562,33.2964,0.0,7.971334689853281,0.0,398.56673449266407,0.0,0.0,0.0,365.27033449266406,852.0
4563,26.6371,0.0,8.189696468333151,0.0,409.48482341665755,0.0,0.0,0.0,382.8477234166576,852.0
4564,26.6371,0.0,9.149426482974075,0.0,457.47132414870373,0.0,0.0,0.0,430.83422414870375,852.0
4565,33.2964,0.0027164165976104634,10.238664854239383,1.4668649627096502,511.93324271196917,0.0,0.0,0.0,480.1037076746788,852.0
4566,83.2427,0.023197918170125547,11.177845131931605,12.526875811867795,558.8922565965802,0.0,0.0,0.0,488.1764324084479,852.0
4567,133.189,0.050444886204479504,12.05040171744512,27.240238550418933,602.520085872256,0.0,0.0,0.0,496.57132442267493,852.0
4568,166.4889,0.08125825421265676,12.942036015444017,43.87945727483465,647.1018007722009,0.0,0.0,0.0,524.4923580470356,852.0
4569,199.7853,0.10914357418439358,13.06056600043243,58.93753005957254,653.0283000216216,0.0,0.0,0.0,512.1805300811941,852.0
4570,233.0817,0.13915824756664566,12.97019560507446,75.14545368598866,648.509780253723,0.0,0.0,0.0,490.5735339397116,852.0
4571,249.7316,0.14479737703233458,13.088888004271373,78.19058359746067,654.4444002135687,0.0,0.0,0.0,482.90338381102936,852.0
4572,249.7316,0.14103685180742798,13.397239598455599,76.15989997601112,669.8619799227799,0.0,0.0,0.0,496.29027989879114,852.0
4573,216.4318,0.14262272067279236,14.211978315861003,77.01626916330788,710.5989157930502,0.0,0.0,0.0,571.1833849563582,852.0
4574,199.7853,0.12595203069534508,15.539232763375619,68.01409657548635,776.961638168781,0.0,0.0,0.0,645.1904347442673,852.0
4575,183.1354,0.09402509480490791,16.499155825667952,50.773551194650274,824.9577912833976,0.0,0.0,0.0,692.5959424780478,852.0
4576,166.4889,0.059557580197322955,16.499155825667952,32.1610933065544,824.9577912833976,0.0,0.0,0.0,690.6299845899521,852.0
4577,133.189,0.026947674297780305,16.037167854455596,14.551744120801366,801.8583927227799,0.0,0.0,0.0,683.2211368435812,852.0
4578,183.1354,0.002719456396299878,15.691378647510202,1.4685064540019344,784.5689323755101,0.0,0.0,0.0,602.9020388295121,852.0
4579,199.7853,0.0,15.895710907128516,0.0,794.7855453564258,0.0,0.0,0.0,595.0002453564258,852.0
4580,183.1354,0.0,15.755051613158304,0.0,787.7525806579152,0.0,0.0,0.0,604.6171806579152,852.0
4581,149.839,0.0,15.312780099953669,0.0,765.6390049976834,0.0,0.0,0.0,615.8000049976833,852.0
4582,99.8926,0.0,15.100846292333154,0.0,755.0423146166577,0.0,0.0,0.0,655.1497146166577,852.0
4583,66.5962,0.0,15.051252210409269,0.0,752.5626105204634,0.0,0.0,0.0,685.9664105204635,852.0
4584,49.9463,0.0,13.974397095077773,0.0,698.7198547538886,0.0,0.0,0.0,648.7735547538887,852.0
4585,39.9557,0.0,12.408826294857143,0.0,620.4413147428571,0.0,0.0,0.0,580.4856147428571,852.0
4586,33.2964,0.0,10.771905516796469,0.0,538.5952758398234,0.0,0.0,0.0,505.29887583982344,852.0
4587,26.6371,0.0,11.019429541877551,0.0,550.9714770938775,0.0,0.0,0.0,524.3343770938775,852.0
4588,26.6371,0.0,11.640547288286818,0.0,582.0273644143409,0.0,0.0,0.0,555.3902644143409,852.0
4589,33.2964,0.0028153273535411094,10.938219027027028,1.5202767709121991,546.9109513513514,0.0,0.0,0.0,515.1348281222637,852.0
4590,83.2427,0.023494854877299645,10.156260080503031,12.687221633741808,507.8130040251516,0.0,0.0,0.0,437.2575256588934,852.0
4591,133.189,0.05514606631944951,10.055036867282956,29.77887581250274,502.7518433641478,0.0,0.0,0.0,399.3417191766506,852.0
4592,166.4889,0.08998663237405694,10.928094093661334,48.59278148199075,546.4047046830667,0.0,0.0,0.0,428.50858616505747,852.0
4593,199.7853,0.12737428818421576,11.504159404302264,68.7821156194765,575.2079702151132,0.0,0.0,0.0,444.20478583458964,852.0
4594,233.0817,0.14635866393168034,12.077324095293987,79.03367852310738,603.8662047646993,0.0,0.0,0.0,449.8181832878067,852.0
4595,249.7316,0.16283684993199193,12.71814671814672,87.93189896327564,635.907335907336,0.0,0.0,0.0,474.1076348706117,852.0
4596,249.7316,0.16529324319629168,12.913915027027029,89.25835132599751,645.6957513513514,0.0,0.0,0.0,485.222502677349,852.0
4597,216.4318,0.15823353628347733,12.874610442872584,85.44610959307776,643.7305221436292,0.0,0.0,0.0,512.7448317367068,852.0
4598,199.7853,0.13474513212174943,12.824186955861006,72.7623713457447,641.2093477930503,0.0,0.0,0.0,514.1864191387949,852.0
4599,183.1354,0.10156847125582416,12.52425949034749,54.84697447814505,626.2129745173745,0.0,0.0,0.0,497.92454899551956,852.0
4600,166.4889,0.06321783666273041,12.518747405414235,34.13763179787442,625.9373702707118,0.0,0.0,0.0,493.5861020685862,852.0
4601,133.189,0.02778685719019193,12.729282718429122,15.004902882703643,636.4641359214561,0.0,0.0,0.0,518.2800388041597,852.0
4602,183.1354,0.002852417545367402,13.408747237877549,1.540305474498397,670.4373618938774,0.0,0.0,0.0,488.8422673683758,852.0
4603,199.7853,0.0,14.603481177239933,0.0,730.1740588619966,0.0,0.0,0.0,530.3887588619966,852.0
4604,183.1354,0.0,15.319041906232766,0.0,765.9520953116382,0.0,0.0,0.0,582.8166953116382,852.0
4605,149.839,0.0,15.381749586321014,0.0,769.0874793160507,0.0,0.0,0.0,619.2484793160506,852.0
4606,99.8926,0.0,14.921560653096527,0.0,746.0780326548264,0.0,0.0,0.0,646.1854326548264,852.0
4607,66.5962,0.0,13.628580995035852,0.0,681.4290497517926,0.0,0.0,0.0,614.8328497517927,852.0
4608,49.9463,0.0,11.905672412169885,0.0,595.2836206084943,0.0,0.0,0.0,545.3373206084943,852.0
4609,39.9557,0.0,9.788178956425812,0.0,489.4089478212906,0.0,0.0,0.0,449.45324782129063,852.0
4610,33.2964,0.0,7.892446111699944,0.0,394.6223055849972,0.0,0.0,0.0,361.3259055849972,852.0
4611,26.6371,0.0,6.788314698448978,0.0,339.4157349224489,0.0,0.0,0.0,312.77863492244893,852.0
4612,26.6371,0.0,6.7430669584026495,0.0,337.1533479201325,0.0,0.0,0.0,310.5162479201325,852.0
4613,33.2964,0.002897824674562112,6.928976979591836,1.5648253242635406,346.4488489795918,0.0,0.0,0.0,314.71727430385533,852.0
4614,83.2427,0.027126646469150466,7.052035780271372,14.648389093341253,352.6017890135686,0.0,0.0,0.0,284.00747810690984,852.0
4615,133.189,0.061242000980577874,7.373371856555982,33.07068052951205,368.6685928277991,0.0,0.0,0.0,268.5502733573112,852.0
4616,166.4889,0.100744011756463,7.561476914232765,54.40176634849002,378.0738457116382,0.0,0.0,0.0,265.98671206012824,852.0
4617,199.7853,0.13881740386771546,7.381317802572533,74.96139808856636,369.0658901286267,0.0,0.0,0.0,244.241988217193,852.0
4618,233.0817,0.16470657996610133,7.250872105266409,88.94155318169473,362.54360526332044,0.0,0.0,0.0,218.40345844501513,852.0
4619,249.7316,0.17889588903032722,7.521213503576391,96.6037800763767,376.06067517881957,0.0,0.0,0.0,222.93285525519624,852.0
4620,249.7316,0.1749664848767285,8.36870785217871,94.4819018334334,418.4353926089355,0.0,0.0,0.0,263.1856944423689,852.0
4621,216.4318,0.16613341400882214,9.549009021564256,89.71204356476396,477.4504510782128,0.0,0.0,0.0,350.73069464297674,852.0
4622,199.7853,0.13531802377658797,10.637011852178711,73.07173283935751,531.8505926089356,0.0,0.0,0.0,405.1370254482931,852.0
4623,183.1354,0.10314341093735314,11.2498517701401,55.697441906170695,562.492588507005,0.0,0.0,0.0,435.0546304131757,852.0
4624,166.4889,0.0647133092547454,11.603728315375617,34.945186997562516,580.1864157687809,0.0,0.0,0.0,448.64270276634335,852.0
4625,133.189,0.029652969820126576,12.321328317776063,16.01260370286835,616.0664158888031,0.0,0.0,0.0,498.8900195916715,852.0
4626,183.1354,0.0029650046408021234,13.815461485290678,1.6011025060331467,690.7730742645339,0.0,0.0,0.0,509.23877677056703,852.0
4627,199.7853,0.0,15.244007669127413,0.0,762.2003834563707,0.0,0.0,0.0,562.4150834563707,852.0
4628,183.1354,0.0,15.026494048123551,0.0,751.3247024061775,0.0,0.0,0.0,568.1893024061775,852.0
4629,149.839,0.0,13.547326557476005,0.0,677.3663278738003,0.0,0.0,0.0,527.5273278738002,852.0
4630,99.8926,0.0,12.33224426254826,0.0,616.612213127413,0.0,0.0,0.0,516.719613127413,852.0
4631,66.5962,0.0,11.98058010810811,0.0,599.0290054054055,0.0,0.0,0.0,532.4328054054056,852.0
4632,49.9463,0.0,11.884324383382243,0.0,594.2162191691122,0.0,0.0,0.0,544.2699191691122,852.0
4633,39.9557,0.0,10.716820803035855,0.0,535.8410401517928,0.0,0.0,0.0,495.8853401517928,852.0
4634,33.2964,0.0,9.637683213837837,0.0,481.88416069189185,0.0,0.0,0.0,448.58776069189184,852.0
4635,26.6371,0.0,9.23579169044898,0.0,461.78958452244905,0.0,0.0,0.0,435.1524845224491,852.0
4636,26.6371,0.0,8.871074841698842,0.0,443.5537420849421,0.0,0.0,0.0,416.9166420849421,852.0
4637,33.2964,0.002869015362709927,8.463423809482624,1.5492682958633608,423.1711904741312,0.0,0.0,0.0,391.4240587699946,852.0
4638,83.2427,0.026026442427081183,7.662707734309983,14.05427891062384,383.1353867154991,0.0,0.0,0.0,313.94696562612296,852.0
4639,133.189,0.06105894744796781,7.235156155552125,32.971831621902616,361.7578077776062,0.0,0.0,0.0,261.5406393995088,852.0
4640,166.4889,0.09640949603633976,7.634280569892995,52.061127859623475,381.71402849464977,0.0,0.0,0.0,267.28625635427323,852.0
4641,199.7853,0.13552073804670636,8.219367218974078,73.18119854522143,410.9683609487039,0.0,0.0,0.0,284.3642594939253,852.0
4642,233.0817,0.15835765811103794,8.515362884024269,85.51313537996049,425.76814420121343,0.0,0.0,0.0,278.1995795811739,852.0
4643,249.7316,0.1734966576738155,8.60236189507777,93.68819514386037,430.1180947538885,0.0,0.0,0.0,274.07468989774895,852.0
4644,249.7316,0.1803673925375233,8.760331697738554,97.39839197026258,438.0165848869277,0.0,0.0,0.0,285.6833768571903,852.0
4645,216.4318,0.17103210634210583,9.068068247510205,92.35733742473715,453.40341237551024,0.0,0.0,0.0,329.32894980024736,852.0
4646,199.7853,0.14564413508694532,9.712750418321013,78.64783294695049,485.6375209160507,0.0,0.0,0.0,364.5000538630012,852.0
4647,183.1354,0.11131128110074509,10.72182122353668,60.10809179440235,536.0910611768339,0.0,0.0,0.0,413.0637529712362,852.0
4648,166.4889,0.0681113423173062,12.045021771931603,36.78012485134535,602.2510885965802,0.0,0.0,0.0,472.54231344792555,852.0
4649,133.189,0.030614976235009663,13.334059147190292,16.532087166905217,666.7029573595146,0.0,0.0,0.0,550.0460445264198,852.0
4650,183.1354,0.003182237801909168,14.289739460271376,1.7184084130309507,714.4869730135688,0.0,0.0,0.0,533.0699814265997,852.0
4651,199.7853,0.0,15.032681159942637,0.0,751.6340579971319,0.0,0.0,0.0,551.8487579971319,852.0
4652,183.1354,0.0,14.804834507861006,0.0,740.2417253930503,0.0,0.0,0.0,557.1063253930503,852.0
4653,149.839,0.0,13.495253731159401,0.0,674.76268655797,0.0,0.0,0.0,524.9236865579701,852.0
4654,99.8926,0.0,11.651080432503035,0.0,582.5540216251517,0.0,0.0,0.0,482.66142162515166,852.0
4655,66.5962,0.0,10.08389349764589,0.0,504.1946748822945,0.0,0.0,0.0,437.5984748822945,852.0
4656,49.9463,0.0,8.632939941348043,0.0,431.6469970674022,0.0,0.0,0.0,381.7006970674022,852.0
4657,39.9557,0.0,7.373371856555982,0.0,368.6685928277991,0.0,0.0,0.0,328.7128928277991,852.0
4658,33.2964,0.0,6.750595612911196,0.0,337.5297806455598,0.0,0.0,0.0,304.2333806455598,852.0
4659,26.6371,0.0,6.769439355128516,0.0,338.4719677564258,0.0,0.0,0.0,311.8348677564258,852.0
4660,26.6371,0.0,7.176405011768338,0.0,358.8202505884169,0.0,0.0,0.0,332.18315058841694,852.0
4661,33.2964,0.003176577427180058,7.785267686301159,1.7153518106772314,389.263384315058,0.0,0.0,0.0,357.6823361257352,852.0
4662,83.2427,0.031906898254402245,8.278905878309985,17.229725057377216,413.94529391549924,0.0,0.0,0.0,347.93231897287643,852.0
4663,133.189,0.07306936131602648,8.667967947190293,39.4574551106543,433.39839735951466,0.0,0.0,0.0,339.6668524701689,852.0
4664,166.4889,0.11670821055268403,9.167567014618866,63.022433698449376,458.3783507309433,0.0,0.0,0.0,354.9118844293926,852.0
4665,199.7853,0.15030909200190423,9.93058439271925,81.16690968102829,496.52921963596253,0.0,0.0,0.0,377.91082931699077,852.0
4666,233.0817,0.1872521974047829,11.172712866841701,101.11618659858277,558.635643342085,0.0,0.0,0.0,426.6701299406678,852.0
4667,249.7316,0.19486616410591343,11.619498919289573,105.22772861719325,580.9749459644786,0.0,0.0,0.0,436.4710745816719,852.0
4668,249.7316,0.1926830213518331,10.68185859614782,104.04883152998987,534.092929807391,0.0,0.0,0.0,388.41016133738094,852.0
4669,216.4318,0.1832888293246253,9.299750137892996,98.97596783529767,464.9875068946498,0.0,0.0,0.0,347.5316747299475,852.0
4670,199.7853,0.1624718701896636,7.933906735020406,87.73480990241835,396.6953367510203,0.0,0.0,0.0,284.64484665343866,852.0
4671,183.1354,0.11862824453175241,7.3932464534451166,64.0592520471463,369.6623226722558,0.0,0.0,0.0,250.5861747194021,852.0
4672,166.4889,0.07610574087953782,8.13476769111969,41.097100074950426,406.73838455598445,0.0,0.0,0.0,281.3465846309349,852.0
4673,133.189,0.03496902377210505,9.479361184123553,18.883272836936726,473.96805920617766,0.0,0.0,0.0,359.66233204311436,852.0
4674,183.1354,0.0030611375644433816,10.517995073482627,1.6530142847994262,525.8997536741314,0.0,0.0,0.0,344.41736795893075,852.0
4675,199.7853,0.0,11.270478261445122,0.0,563.5239130722562,0.0,0.0,0.0,363.73861307225616,852.0
4676,183.1354,0.0,12.447229267768337,0.0,622.3614633884168,0.0,0.0,0.0,439.22606338841683,852.0
4677,149.839,0.0,13.454840269167127,0.0,672.7420134583564,0.0,0.0,0.0,522.9030134583563,852.0
4678,99.8926,0.0,13.727660707618309,0.0,686.3830353809154,0.0,0.0,0.0,586.4904353809154,852.0
4679,66.5962,0.0,13.651853023947048,0.0,682.5926511973524,0.0,0.0,0.0,615.9964511973525,852.0
4680,49.9463,0.0,13.088888004271373,0.0,654.4444002135687,0.0,0.0,0.0,604.4981002135687,852.0
4681,39.9557,0.0,11.863000405321564,0.0,593.1500202660782,0.0,0.0,0.0,553.1943202660782,852.0
4682,33.2964,0.0,10.686848833976835,0.0,534.3424416988418,0.0,0.0,0.0,501.04604169884175,852.0
4683,26.6371,0.0,9.244911922232763,0.0,462.2455961116382,0.0,0.0,0.0,435.6084961116382,852.0
4684,26.6371,0.0,8.160091340178708,0.0,408.0045670089354,0.0,0.0,0.0,381.3674670089354,852.0
4685,33.2964,0.003239018647191755,7.549384176750139,1.7490700694835477,377.4692088375069,0.0,0.0,0.0,345.92187890699046,852.0
4686,83.2427,0.03094640557547933,7.313942522810811,16.71105901075884,365.69712614054055,0.0,0.0,0.0,299.1654851512994,852.0
4687,133.189,0.07172576520063056,7.184221757564256,38.73191320834051,359.21108787821277,0.0,0.0,0.0,264.75400108655333,852.0
4688,166.4889,0.11513486879983298,7.361462665142859,62.17282915190981,368.07313325714296,0.0,0.0,0.0,263.75706240905276,852.0
4689,199.7853,0.15542627442685297,8.185463148302262,83.9301881905006,409.2731574151131,0.0,0.0,0.0,293.41804560561366,852.0
4690,233.0817,0.1782290770702568,8.978195241089905,96.24370161793867,448.9097620544952,0.0,0.0,0.0,312.07176367243386,852.0
4691,249.7316,0.19620790930838397,9.797632973167127,105.95227102652734,489.88164865835637,0.0,0.0,0.0,346.1023196848838,852.0
4692,249.7316,0.19191386864847654,10.637011852178711,103.63348907017733,531.8505926089356,0.0,0.0,0.0,385.752481679113,852.0
4693,216.4318,0.1737988638566303,11.78324945798566,93.85138648258037,589.162472899283,0.0,0.0,0.0,466.5820593818633,852.0
4694,199.7853,0.14985084651952027,13.157018918548264,80.91945712054094,657.8509459274132,0.0,0.0,0.0,538.9851030479542,852.0
4695,183.1354,0.10724874269388533,14.609557087699946,57.914321054698085,730.4778543849973,0.0,0.0,0.0,605.2567754396954,852.0
4696,166.4889,0.06752274905948705,15.71046329427027,36.46228449212301,785.5231647135134,0.0,0.0,0.0,655.4965492056365,852.0
4697,133.189,0.03168151232000616,16.342054054054053,17.108016652803325,817.1027027027027,0.0,0.0,0.0,701.0217193555061,852.0
4698,183.1354,0.00294864389394408,16.427031780147825,1.5922677027298033,821.3515890073912,0.0,0.0,0.0,639.808456710121,852.0
4699,199.7853,0.0,17.312671026974076,0.0,865.6335513487038,0.0,0.0,0.0,665.8482513487038,852.0
4700,183.1354,0.0,18.580327654548267,0.0,929.0163827274133,0.0,0.0,0.0,745.8809827274133,852.0
4701,149.839,0.0,18.750852957158298,0.0,937.5426478579149,0.0,0.0,0.0,787.7036478579148,852.0
4702,99.8926,0.0,17.584865770537228,0.0,879.2432885268614,0.0,0.0,0.0,779.3506885268614,852.0
4703,66.5962,0.0,15.908537634841702,0.0,795.4268817420851,0.0,0.0,0.0,728.8306817420852,852.0
4704,49.9463,0.0,14.283748280586872,0.0,714.1874140293436,0.0,0.0,0.0,664.2411140293436,852.0
4705,39.9557,0.0,12.234219544286816,0.0,611.7109772143408,0.0,0.0,0.0,571.7552772143408,852.0
4706,33.2964,0.0,9.92105096655709,0.0,496.0525483278545,0.0,0.0,0.0,462.7561483278545,852.0
4707,26.6371,0.0,7.917306581780474,0.0,395.8653290890237,0.0,0.0,0.0,369.2282290890237,852.0
4708,26.6371,0.0,6.890788747931604,0.0,344.53943739658024,0.0,0.0,0.0,317.90233739658026,852.0
4709,33.2964,0.003104624092589415,6.171257720904578,1.6764970099982843,308.5628860452289,0.0,0.0,0.0,276.94298305522716,852.0
4710,83.2427,0.029713059733402727,5.738126375854385,16.045052256037472,286.9063187927193,0.0,0.0,0.0,219.70867104875674,852.0
4711,133.189,0.06975556240605703,5.704008003035852,37.6680036992708,285.2004001517926,0.0,0.0,0.0,189.67940385106343,852.0
4712,166.4889,0.1119371679520457,6.1285219991439615,60.446070694104684,306.42609995719806,0.0,0.0,0.0,200.38327065130272,852.0
4713,199.7853,0.15061015556508467,6.97881201692664,81.32948400514573,348.940600846332,0.0,0.0,0.0,230.48478485147774,852.0
4714,233.0817,0.1805150534024531,7.818150544873689,97.47812883732468,390.90752724368446,0.0,0.0,0.0,255.30395608100912,852.0
4715,249.7316,0.19745441741883377,8.51102717853723,106.62538540617022,425.5513589268615,0.0,0.0,0.0,282.44514433303175,852.0
4716,249.7316,0.19774941811777313,8.942400421348044,106.7846857835975,447.1200210674022,0.0,0.0,0.0,304.1731068509997,852.0
4717,216.4318,0.18119461362544606,9.263169068302261,97.84509135774087,463.15845341511306,0.0,0.0,0.0,344.57174477285395,852.0
4718,199.7853,0.15808324106181337,9.844988007077772,85.36495017337923,492.2494003538886,0.0,0.0,0.0,377.8290505272678,852.0
4719,183.1354,0.11674174843394043,10.419451154321013,63.04054415432784,520.9725577160507,0.0,0.0,0.0,400.8777018703785,852.0
4720,166.4889,0.07388753875945547,10.968628984833979,39.899270930105956,548.4314492416989,0.0,0.0,0.0,421.84182017180484,852.0
4721,133.189,0.032906622883577846,11.593222039510204,17.769576357132035,579.6611019755102,0.0,0.0,0.0,464.2416783326422,852.0
4722,183.1354,0.0030175003314866066,12.13668631383122,1.6294501790027676,606.834315691561,0.0,0.0,0.0,425.32836587056374,852.0
4723,199.7853,0.0,12.662558817429675,0.0,633.1279408714837,0.0,0.0,0.0,433.3426408714837,852.0
4724,183.1354,0.0,12.568411201482627,0.0,628.4205600741313,0.0,0.0,0.0,445.28516007413134,852.0
4725,149.839,0.0,11.76733976833977,0.0,588.3669884169885,0.0,0.0,0.0,438.52798841698853,852.0
4726,99.8926,0.0,10.978777362321015,0.0,548.9388681160508,0.0,0.0,0.0,449.0462681160508,852.0
4727,66.5962,0.0,10.258114434047434,0.0,512.9057217023717,0.0,0.0,0.0,446.3095217023717,852.0
4728,49.9463,0.0,9.37778097519691,0.0,468.8890487598455,0.0,0.0,0.0,418.9427487598455,852.0
4729,39.9557,0.0,8.101077660734694,0.0,405.0538830367347,0.0,0.0,0.0,365.0981830367347,852.0
4730,33.2964,0.0,6.928976979591836,0.0,346.4488489795918,0.0,0.0,0.0,313.1524489795918,852.0
4731,26.6371,0.0,6.185542288061777,0.0,309.27711440308883,0.0,0.0,0.0,282.64001440308886,852.0
4732,26.6371,0.0,6.036533574424712,0.0,301.82667872123557,0.0,0.0,0.0,275.1895787212356,852.0
4733,33.2964,0.002842488978389885,6.110767616000001,1.5349440483305379,305.5383808000001,0.0,0.0,0.0,273.7769248483306,852.0
4734,83.2427,0.026885893932321978,6.050631801822394,14.51838272345387,302.5315900911197,0.0,0.0,0.0,233.8072728145736,852.0
4735,133.189,0.06220477596844219,6.008395736710426,33.590579022958785,300.41978683552134,0.0,0.0,0.0,200.8213658584801,852.0
4736,166.4889,0.10092298490815564,5.69039429764589,54.49841185040405,284.51971488229447,0.0,0.0,0.0,172.52922673269853,852.0
4737,199.7853,0.13817694149726525,5.323496302455599,74.61554840852324,266.17481512277993,0.0,0.0,0.0,141.00506353130316,852.0
4738,233.0817,0.16793347016494534,5.171089720904577,90.68407388907049,258.5544860452289,0.0,0.0,0.0,116.15685993429935,852.0
4739,249.7316,0.17460416672344423,5.043413498069498,94.28625003065989,252.1706749034749,0.0,0.0,0.0,96.72532493413482,852.0
4740,249.7316,0.17392391120682657,4.858470743510203,93.91891205168635,242.92353717551015,0.0,0.0,0.0,87.1108492271965,852.0
4741,216.4318,0.16887565082748657,4.970839920503034,91.19285144684274,248.5419960251517,0.0,0.0,0.0,123.30304747199443,852.0
4742,199.7853,0.14949489358587162,5.287594443190293,80.72724253637068,264.37972215951464,0.0,0.0,0.0,145.32166469588532,852.0
4743,183.1354,0.11044300883384223,5.602372720432432,59.6392247702748,280.11863602162157,0.0,0.0,0.0,156.62246079189634,852.0
4744,166.4889,0.06918946027803485,5.875805241645891,37.36230855013883,293.79026208229453,0.0,0.0,0.0,164.66367063243337,852.0
4745,133.189,0.030696219823309424,6.23928485291561,16.575958704587087,311.9642426457805,0.0,0.0,0.0,195.35120135036757,852.0
4746,183.1354,0.0028129942550825446,6.600980137831219,1.5190168977445742,330.04900689156096,0.0,0.0,0.0,148.43262378930552,852.0
4747,199.7853,0.0,7.13350484887369,0.0,356.6752424436845,0.0,0.0,0.0,156.8899424436845,852.0
4748,183.1354,0.0,7.904870384997242,0.0,395.2435192498621,0.0,0.0,0.0,212.1081192498621,852.0
4749,149.839,0.0,8.857740437568673,0.0,442.88702187843364,0.0,0.0,0.0,293.04802187843364,852.0
4750,99.8926,0.0,9.231233659128515,0.0,461.5616829564257,0.0,0.0,0.0,361.6690829564257,852.0
4751,66.5962,0.0,9.095137853281853,0.0,454.7568926640927,0.0,0.0,0.0,388.16069266409266,852.0
4752,49.9463,0.0,8.441840042996137,0.0,422.0920021498069,0.0,0.0,0.0,372.1457021498069,852.0
4753,39.9557,0.0,7.188132060734693,0.0,359.4066030367347,0.0,0.0,0.0,319.4509030367347,852.0
4754,33.2964,0.0,5.973333206804191,0.0,298.66666034020955,0.0,0.0,0.0,265.37026034020954,852.0
4755,26.6371,0.0,5.248590872286816,0.0,262.4295436143408,0.0,0.0,0.0,235.79244361434078,852.0
4756,26.6371,0.0,4.836793972915609,0.0,241.83969864578043,0.0,0.0,0.0,215.20259864578043,852.0
4757,33.2964,0.002228018939084182,4.729249938321014,1.2031302271054582,236.4624969160507,0.0,0.0,0.0,204.36922714315614,852.0
4758,83.2427,0.02347334334057705,4.781311062980696,12.675605403911607,239.0655531490348,0.0,0.0,0.0,168.49845855294643,852.0
4759,133.189,0.053810076204456554,4.753708289306123,29.05744115040654,237.68541446530614,0.0,0.0,0.0,133.5538556157127,852.0
4760,166.4889,0.08794521352256977,4.353560601239935,47.49041530218768,217.67803006199676,0.0,0.0,0.0,98.67954536418443,852.0
4761,199.7853,0.12793771486717007,3.602099172147822,69.08636602827184,180.1049586073911,0.0,0.0,0.0,49.40602463566293,852.0
4762,233.0817,0.15504568928079077,3.1967237058929947,83.72467221162701,159.83618529464974,0.0,0.0,0.0,10.47915750627675,852.0
4763,249.7316,0.17549147842466475,3.2558458378378377,94.76539834931897,162.7922918918919,0.0,0.0,0.0,7.826090241210892,852.0
4764,249.7316,0.17976370801105238,3.355694980694981,97.07240232596828,167.78474903474904,0.0,0.0,0.0,15.125551360717367,852.0
4765,216.4318,0.177147117340656,3.575982550239383,95.65944336395424,178.79912751196915,0.0,0.0,0.0,58.026770875923376,852.0
4766,199.7853,0.15643858239407563,4.189423050625483,84.47683449280083,209.47115253127416,0.0,0.0,0.0,94.16268702407501,852.0
4767,183.1354,0.11726323453736692,4.9739825841632666,63.32214665017814,248.69912920816333,0.0,0.0,0.0,128.88587585834148,852.0
4768,166.4889,0.07318904264719157,6.402180691768339,39.52208302948345,320.10903458841693,0.0,0.0,0.0,193.14221761790037,852.0
4769,133.189,0.03237997803646233,8.415984128000002,17.485188139689658,420.79920640000006,0.0,0.0,0.0,305.0953945396898,852.0
4770,183.1354,0.0029732031696592214,10.161095960710426,1.6055297116159795,508.05479803552134,0.0,0.0,0.0,326.5249277471373,852.0
4771,199.7853,0.0,11.52507659398566,0.0,576.253829699283,0.0,0.0,0.0,376.46852969928295,852.0
4772,183.1354,0.0,12.071936598980692,0.0,603.5968299490346,0.0,0.0,0.0,420.4614299490346,852.0
4773,149.839,0.0,12.2722817980011,0.0,613.614089900055,0.0,0.0,0.0,463.775089900055,852.0
4774,99.8926,0.0,12.028890991691117,0.0,601.4445495845558,0.0,0.0,0.0,501.5519495845558,852.0
4775,66.5962,0.0,11.719691596108108,0.0,585.9845798054054,0.0,0.0,0.0,519.3883798054054,852.0
4776,49.9463,0.0,11.039790857142854,0.0,551.9895428571427,0.0,0.0,0.0,502.04324285714273,852.0
4777,39.9557,0.0,10.567483951761721,0.0,528.3741975880861,0.0,0.0,0.0,488.4184975880861,852.0
4778,33.2964,0.0,9.027557096525095,0.0,451.37785482625475,0.0,0.0,0.0,418.08145482625474,852.0
4779,26.6371,0.0,7.727925696741311,0.0,386.39628483706554,0.0,0.0,0.0,359.75918483706556,852.0
4780,26.6371,0.0,7.1529856434903465,0.0,357.64928217451734,0.0,0.0,0.0,331.01218217451736,852.0
4781,33.2964,0.0022864015087142096,6.735543354140098,1.2346568147056733,336.77716770700493,0.0,0.0,0.0,304.7154245217106,852.0
4782,83.2427,0.023716123871543423,7.168593411953668,12.806706890633448,358.4296705976834,0.0,0.0,0.0,287.99367748831685,852.0
4783,133.189,0.05787412377121171,7.309990926402646,31.252026836454327,365.4995463201323,0.0,0.0,0.0,263.5625731565866,852.0
4784,166.4889,0.09315465158633285,7.365431098881412,50.30351185661974,368.2715549440706,0.0,0.0,0.0,252.08616680069036,852.0
4785,199.7853,0.12884353288787054,7.830503397348042,69.57550775945009,391.5251698674021,0.0,0.0,0.0,261.3153776268522,852.0
4786,233.0817,0.147197703121266,8.545750783576391,79.48675968548365,427.28753917881954,0.0,0.0,0.0,273.6925988643032,852.0
4787,249.7316,0.15829352323518872,9.194819410321013,85.47850254700191,459.74097051605065,0.0,0.0,0.0,295.4878730630526,852.0
4788,249.7316,0.1632154208544696,9.802362104339768,88.13632726141358,490.1181052169884,0.0,0.0,0.0,328.52283247840205,852.0
4789,216.4318,0.1615768233256859,10.77692195960728,87.2514845958704,538.846097980364,0.0,0.0,0.0,409.66578257623434,852.0
4790,199.7853,0.13998495261364302,11.815109319942634,75.59187441136723,590.7554659971316,0.0,0.0,0.0,466.5620404084989,852.0
4791,183.1354,0.10497471268567411,12.163729648503034,56.68634485026402,608.1864824251517,0.0,0.0,0.0,481.7374272754157,852.0
4792,166.4889,0.06659720398302088,12.023517083004966,35.96249015083128,601.1758541502484,0.0,0.0,0.0,470.64944430107965,852.0
4793,133.189,0.030067882381287325,11.900333149476005,16.236656485895157,595.0166574738003,0.0,0.0,0.0,478.0643139596955,852.0
4794,183.1354,0.003104211129791813,12.018144682996137,1.6762740100875793,600.9072341498069,0.0,0.0,0.0,419.44810815989445,852.0
4795,199.7853,0.0,12.169142857142859,0.0,608.4571428571429,0.0,0.0,0.0,408.6718428571429,852.0
4796,183.1354,0.0,12.071936598980692,0.0,603.5968299490346,0.0,0.0,0.0,420.4614299490346,852.0
4797,149.839,0.0,11.472828253158301,0.0,573.6414126579151,0.0,0.0,0.0,423.8024126579151,852.0
4798,99.8926,0.0,10.63203614302041,0.0,531.6018071510205,0.0,0.0,0.0,431.70920715102045,852.0
4799,66.5962,0.0,9.717454107004965,0.0,485.8727053502482,0.0,0.0,0.0,419.2765053502482,852.0
4800,49.9463,0.0,8.71187561421732,0.0,435.593780710866,0.0,0.0,0.0,385.647480710866,852.0
4801,39.9557,0.0,7.646455771004964,0.0,382.3227885502482,0.0,0.0,0.0,342.36708855024824,852.0
4802,33.2964,0.0,6.921329156518478,0.0,346.0664578259239,0.0,0.0,0.0,312.7700578259239,852.0
4803,26.6371,0.0,6.619572024339767,0.0,330.97860121698835,0.0,0.0,0.0,304.3415012169884,852.0
4804,26.6371,0.0,6.164122815293988,0.0,308.2061407646994,0.0,0.0,0.0,281.5690407646994,852.0
4805,33.2964,0.002208755834420677,5.796403870429125,1.1927281505871654,289.82019352145625,0.0,0.0,0.0,257.7165216720434,852.0
4806,83.2427,0.023071725101153177,5.841204295413129,12.458731554622716,292.06021477065644,0.0,0.0,0.0,221.27624632527915,852.0
4807,133.189,0.05483973221851862,6.343974776904577,29.613455398000056,317.1987388452289,0.0,0.0,0.0,213.62319424322894,852.0
4808,166.4889,0.08886920010159632,6.879357069096524,47.98936805486202,343.9678534548262,0.0,0.0,0.0,225.46832150968822,852.0
4809,199.7853,0.11929641149820278,7.345601892571428,64.4200622090295,367.28009462857136,0.0,0.0,0.0,231.91485683760084,852.0
4810,233.0817,0.14050055968899328,8.050702755653614,75.87030223205636,402.5351377826807,0.0,0.0,0.0,245.32374001473704,852.0
4811,249.7316,0.14936562509975854,9.032052813096524,80.65743755386961,451.6026406548262,0.0,0.0,0.0,282.5284782086959,852.0
4812,249.7316,0.15893701035854746,10.267847836734695,85.82598559361564,513.3923918367348,0.0,0.0,0.0,349.48677743035046,852.0
4813,216.4318,0.15409091211253026,11.353220904525099,83.20909254076633,567.6610452262549,0.0,0.0,0.0,434.4383377670213,852.0
4814,199.7853,0.1338151887438798,12.039643335942639,72.26020192169509,601.982166797132,0.0,0.0,0.0,474.45706871882703,852.0
4815,183.1354,0.09917435721744339,11.77264149942857,53.55415289741943,588.6320749714284,0.0,0.0,0.0,459.0508278688478,852.0
4816,166.4889,0.061603201690275666,11.332499714965252,33.26572891274886,566.6249857482626,0.0,0.0,0.0,433.40181466101143,852.0
4817,133.189,0.027496977627262036,11.337677790429126,14.848367918721499,566.8838895214562,0.0,0.0,0.0,448.54325744017774,852.0
4818,183.1354,0.002614170307561182,11.900333149476005,1.4116519660830384,595.0166574738003,0.0,0.0,0.0,413.29290943988326,852.0
4819,199.7853,0.0,12.880220757250965,0.0,644.0110378625483,0.0,0.0,0.0,444.22573786254827,852.0
4820,183.1354,0.0,13.202563673239935,0.0,660.1281836619967,0.0,0.0,0.0,476.99278366199667,852.0
4821,149.839,0.0,13.397239598455599,0.0,669.8619799227799,0.0,0.0,0.0,520.02297992278,852.0
4822,99.8926,0.0,13.22537333480419,0.0,661.2686667402096,0.0,0.0,0.0,561.3760667402096,852.0
4823,66.5962,0.0,12.65145964556426,0.0,632.5729822782131,0.0,0.0,0.0,565.9767822782131,852.0
4824,49.9463,0.0,11.889659135293988,0.0,594.4829567646993,0.0,0.0,0.0,544.5366567646994,852.0
4825,39.9557,0.0,10.64696762644898,0.0,532.348381322449,0.0,0.0,0.0,492.392681322449,852.0
4826,33.2964,0.0,9.38698758156426,0.0,469.34937907821296,0.0,0.0,0.0,436.05297907821296,852.0
4827,26.6371,0.0,8.532719261405404,0.0,426.63596307027024,0.0,0.0,0.0,399.99886307027026,852.0
4828,26.6371,0.0,8.48504139571539,0.0,424.2520697857695,0.0,0.0,0.0,397.6149697857695,852.0
4829,33.2964,0.002244267310326509,8.760331697738554,1.211904347576315,438.0165848869277,0.0,0.0,0.0,405.932089234504,852.0
4830,83.2427,0.023271067525279576,8.541405586321016,12.566376463650972,427.0702793160508,0.0,0.0,0.0,356.39395577970174,852.0
4831,133.189,0.05609723048349138,8.857740437568673,30.292504461085343,442.88702187843364,0.0,0.0,0.0,339.99052633951896,852.0
4832,166.4889,0.09086549228491735,9.23579169044898,49.06736583385537,461.78958452244905,0.0,0.0,0.0,344.3680503563044,852.0
4833,199.7853,0.13110928290668092,9.400807966393824,70.7990127696077,470.0403983196912,0.0,0.0,0.0,341.0541110892989,852.0
4834,233.0817,0.1613456804462499,9.359384515282956,87.12666744097494,467.96922576414784,0.0,0.0,0.0,322.0141932051228,852.0
4835,249.7316,0.17261845964858988,9.199366332116933,93.21396821023853,459.9683166058466,0.0,0.0,0.0,303.4506848160852,852.0
4836,249.7316,0.1839276216294477,9.414640926640926,99.32091567990176,470.7320463320463,0.0,0.0,0.0,320.32136201194805,852.0
4837,216.4318,0.1717443628977113,9.887728718402647,92.7419559647641,494.3864359201323,0.0,0.0,0.0,370.69659188489646,852.0
4838,199.7853,0.15156438740813896,10.16593327228682,81.84476920039505,508.29666361434096,0.0,0.0,0.0,390.35613281473604,852.0
4839,183.1354,0.11271997058245527,11.070376900024268,60.868784114525845,553.5188450012134,0.0,0.0,0.0,431.2522291157393,852.0
4840,166.4889,0.07177870009771051,12.65145964556426,38.76049805276367,632.5729822782131,0.0,0.0,0.0,504.8445803309767,852.0
4841,133.189,0.031922941313527756,13.950778409266409,17.238388309304987,697.5389204633204,0.0,0.0,0.0,581.5883087726255,852.0
4842,183.1354,0.0026564703980509405,15.914953471293988,1.4344940149475078,795.7476735646994,0.0,0.0,0.0,614.0467675796469,852.0
4843,199.7853,0.0,18.651258432000002,0.0,932.5629216000001,0.0,0.0,0.0,732.7776216000001,852.0
4844,183.1354,0.0,19.01570785217871,0.0,950.7853926089356,0.0,0.0,0.0,767.6499926089356,852.0
4845,149.839,0.0,17.777021639942635,0.0,888.8510819971318,0.0,0.0,0.0,739.0120819971319,852.0
4846,99.8926,0.0,15.902123446857145,0.0,795.1061723428572,0.0,0.0,0.0,695.2135723428572,852.0
4847,66.5962,0.0,13.715980694980692,0.0,685.7990347490346,0.0,0.0,0.0,619.2028347490347,852.0
4848,49.9463,0.0,12.33224426254826,0.0,616.612213127413,0.0,0.0,0.0,566.6659131274131,852.0
4849,39.9557,0.0,11.57222738433977,0.0,578.6113692169886,0.0,0.0,0.0,538.6556692169886,852.0
4850,33.2964,0.0,10.43911372090458,0.0,521.955686045229,0.0,0.0,0.0,488.65928604522895,852.0
4851,26.6371,0.0,9.902001161884169,0.0,495.1000580942084,0.0,0.0,0.0,468.46295809420843,852.0
4852,26.6371,0.0,10.409628527444017,0.0,520.4814263722009,0.0,0.0,0.0,493.8443263722009,852.0
4853,33.2964,0.0022069994238657934,10.797002311413125,1.1917796888875285,539.8501155706563,0.0,0.0,0.0,507.7454952595438,852.0
4854,83.2427,0.022621957783540394,10.983853750433537,12.215857203111813,549.1926875216768,0.0,0.0,0.0,478.1658447247886,852.0
4855,133.189,0.054242431601554994,11.065275552123554,29.2909130648397,553.2637776061777,0.0,0.0,0.0,449.36569067101743,852.0
4856,166.4889,0.08996119140688028,10.676869812139,48.57904335971535,533.84349060695,0.0,0.0,0.0,415.93363396666535,852.0
4857,199.7853,0.1180362527395846,10.458799382557087,63.739576479375685,522.9399691278544,0.0,0.0,0.0,386.8942456072301,852.0
4858,233.0817,0.1407570360396249,10.622089079598458,76.00879946139743,531.1044539799229,0.0,0.0,0.0,374.03155344132034,852.0
4859,249.7316,0.17217305785852527,11.049980327077773,92.97345124360365,552.4990163538886,0.0,0.0,0.0,395.7408675974923,852.0
4860,249.7316,0.1799179099705405,12.315872625985657,97.15567138409186,615.7936312992829,0.0,0.0,0.0,463.2177026833748,852.0
4861,216.4318,0.17748659921668544,13.95668070851848,95.84276357701015,697.834035425924,0.0,0.0,0.0,577.244999002934,852.0
4862,199.7853,0.14940535425031226,14.810963475768338,80.67889129516863,740.5481737884169,0.0,0.0,0.0,621.4417650835856,852.0
4863,183.1354,0.11091275290887524,14.940044361884167,59.892886570792626,747.0022180942084,0.0,0.0,0.0,623.759704665001,852.0
4864,166.4889,0.06992076312228133,14.995582767020407,37.75721208603192,749.7791383510204,0.0,0.0,0.0,621.0474504370522,852.0
4865,133.189,0.03183634038344171,15.653253662464426,17.191623807058523,782.6626831232213,0.0,0.0,0.0,666.6653069302798,852.0
4866,183.1354,0.002824628765859198,16.466347169429675,1.525299533563967,823.3173584714838,0.0,0.0,0.0,641.7072580050477,852.0
4867,199.7853,0.0,16.862808642965252,0.0,843.1404321482626,0.0,0.0,0.0,643.3551321482626,852.0
4868,183.1354,0.0,16.703501118587976,0.0,835.1750559293988,0.0,0.0,0.0,652.0396559293988,852.0
4869,149.839,0.0,16.179424710424712,0.0,808.9712355212356,0.0,0.0,0.0,659.1322355212355,852.0
4870,99.8926,0.0,15.979202548138993,0.0,798.9601274069496,0.0,0.0,0.0,699.0675274069496,852.0
4871,66.5962,0.0,14.81709405507777,0.0,740.8547027538885,0.0,0.0,0.0,674.2585027538886,852.0
4872,49.9463,0.0,13.03793627156757,0.0,651.8968135783786,0.0,0.0,0.0,601.9505135783786,852.0
4873,39.9557,0.0,11.208669696,0.0,560.4334848,0.0,0.0,0.0,520.4777848,852.0
4874,33.2964,0.0,8.663584679077772,0.0,433.17923395388857,0.0,0.0,0.0,399.88283395388856,852.0
4875,26.6371,0.0,8.795676376286817,0.0,439.78381881434086,0.0,0.0,0.0,413.1467188143409,852.0
4876,26.6371,0.0,9.963996163282955,0.0,498.1998081641477,0.0,0.0,0.0,471.56270816414775,852.0
4877,33.2964,0.0019702762555343003,10.791980035953669,1.0639491779885222,539.5990017976834,0.0,0.0,0.0,507.36655097567194,852.0
4878,83.2427,0.019248659439640135,10.055036867282956,10.394276097405672,502.7518433641478,0.0,0.0,0.0,429.9034194615534,852.0
4879,133.189,0.04656298580747439,9.79290525726641,25.14401233603617,489.6452628633205,0.0,0.0,0.0,381.6002751993567,852.0
4880,166.4889,0.07677656484630986,10.577399108024268,41.45934501700732,528.8699554012135,0.0,0.0,0.0,403.8404004182208,852.0
4881,199.7853,0.10571926836489696,11.959147795027027,57.08840491704436,597.9573897513513,0.0,0.0,0.0,455.2604946683957,852.0
4882,233.0817,0.1264563196892046,12.975832157476008,68.28641263217048,648.7916078738004,0.0,0.0,0.0,483.9963205059709,852.0
4883,249.7316,0.13665973352895475,14.003956048061777,73.79625610563556,700.1978024030889,0.0,0.0,0.0,524.2624585087245,852.0
4884,249.7316,0.12919713413602496,14.706989999196912,69.76645243345348,735.3494999598456,0.0,0.0,0.0,555.3843523932991,852.0
4885,216.4318,0.12798499093824758,15.602512180915612,69.1118951066537,780.1256090457806,0.0,0.0,0.0,632.8057041524344,852.0
4886,199.7853,0.10341638478181409,16.77639717757529,55.844847782179606,838.8198588787645,0.0,0.0,0.0,694.8794066609441,852.0
4887,183.1354,0.07403317386718779,17.646484408163264,39.97791388828141,882.3242204081632,0.0,0.0,0.0,739.1667342964446,852.0
4888,166.4889,0.047155638716312405,17.557523971953668,25.464044906808702,877.8761985976834,0.0,0.0,0.0,736.851343504492,852.0
4889,133.189,0.02148226117464704,17.380465146069497,11.600421034309402,869.0232573034748,0.0,0.0,0.0,747.4346783377842,852.0
4890,183.1354,0.001919828187655494,18.249269973498066,1.0367072213339668,912.4634986749033,0.0,0.0,0.0,730.3648058962373,852.0
4891,199.7853,0.0,19.537959265853274,0.0,976.8979632926637,0.0,0.0,0.0,777.1126632926637,852.0
4892,183.1354,0.0,20.413643049089906,0.0,1020.6821524544953,0.0,0.0,0.0,837.5467524544953,852.0
4893,149.839,0.0,19.699352805877545,0.0,984.9676402938773,0.0,0.0,0.0,835.1286402938772,852.0
4894,99.8926,0.0,18.067767634321015,0.0,903.3883817160507,0.0,0.0,0.0,803.4957817160507,852.0
4895,66.5962,0.0,17.09015087821732,0.0,854.5075439108659,0.0,0.0,0.0,787.911343910866,852.0
4896,49.9463,0.0,16.231353241239933,0.0,811.5676620619967,0.0,0.0,0.0,761.6213620619967,852.0
4897,39.9557,0.0,15.026494048123551,0.0,751.3247024061775,0.0,0.0,0.0,711.3690024061775,852.0
4898,33.2964,0.0,13.328324826016546,0.0,666.4162413008273,0.0,0.0,0.0,633.1198413008274,852.0
4899,26.6371,0.0,12.034266409266408,0.0,601.7133204633204,0.0,0.0,0.0,575.0762204633204,852.0
4900,26.6371,0.0,11.693272780355212,0.0,584.6636390177606,0.0,0.0,0.0,558.0265390177606,852.0
4901,33.2964,0.0015533195676244195,11.598474431576394,0.8387925665171866,579.9237215788197,0.0,0.0,0.0,547.466114145337,852.0
4902,83.2427,0.014885791467143378,11.682715724355214,8.038327392257424,584.1357862177607,0.0,0.0,0.0,508.9314136100181,852.0
4903,133.189,0.03503848633315441,12.20707773257143,18.92078261990338,610.3538866285714,0.0,0.0,0.0,496.0856692484749,852.0
4904,166.4889,0.05606090316883516,13.30540312371539,30.27288771117099,665.2701561857695,0.0,0.0,0.0,529.0541438969403,852.0
4905,199.7853,0.08342652809641667,14.039479033645893,45.050325172065,701.9739516822947,0.0,0.0,0.0,547.2389768543596,852.0
4906,233.0817,0.1118296445731955,14.307722559293993,60.38800806952557,715.3861279646997,0.0,0.0,0.0,542.6924360342252,852.0
4907,249.7316,0.12315931469325214,14.331722339159402,66.50602993435616,716.5861169579701,0.0,0.0,0.0,533.3605468923264,852.0
4908,249.7316,0.11928405744401109,13.998041092271373,64.413391019766,699.9020546135687,0.0,0.0,0.0,514.5838456333347,852.0
4909,216.4318,0.12063762284417151,13.968490051212356,65.14431633585262,698.4245025606178,0.0,0.0,0.0,547.1370188964704,852.0
4910,199.7853,0.10791639641960554,13.962584589096524,58.274854066587,698.1292294548263,0.0,0.0,0.0,556.6187835214132,852.0
4911,183.1354,0.0821633181492536,13.885957424432432,44.36819180059694,694.2978712216216,0.0,0.0,0.0,555.5306630222185,852.0
4912,166.4889,0.05194539632426047,13.874192323282958,28.050514015100653,693.709616164148,0.0,0.0,0.0,555.2712301792487,852.0
4913,133.189,0.022157938951589864,13.698472470309984,11.965287033858527,684.9236235154992,0.0,0.0,0.0,563.6999105493578,852.0
4914,183.1354,0.002237311984473637,13.51259725096525,1.2081484716157638,675.6298625482625,0.0,0.0,0.0,493.7026110198783,852.0
4915,199.7853,0.0,13.122925546537232,0.0,656.1462773268615,0.0,0.0,0.0,456.36097732686153,852.0
4916,183.1354,0.0,12.762727590054054,0.0,638.1363795027027,0.0,0.0,0.0,455.00097950270265,852.0
4917,149.839,0.0,12.540804914974077,0.0,627.0402457487038,0.0,0.0,0.0,477.2012457487038,852.0
4918,99.8926,0.0,12.294065057853283,0.0,614.7032528926642,0.0,0.0,0.0,514.8106528926642,852.0
4919,66.5962,0.0,11.777944729239934,0.0,588.8972364619967,0.0,0.0,0.0,522.3010364619968,852.0
4920,49.9463,0.0,10.791980035953669,0.0,539.5990017976834,0.0,0.0,0.0,489.6527017976834,852.0
4921,39.9557,0.0,9.451590343942636,0.0,472.5795171971318,0.0,0.0,0.0,432.6238171971318,852.0
4922,33.2964,0.0,8.164316629250965,0.0,408.2158314625483,0.0,0.0,0.0,374.9194314625483,852.0
4923,26.6371,0.0,7.117943329429675,0.0,355.89716647148373,0.0,0.0,0.0,329.26006647148375,852.0
4924,26.6371,0.0,6.23928485291561,0.0,311.9642426457805,0.0,0.0,0.0,285.3271426457805,852.0
4925,33.2964,0.0020375038580042523,5.758655142301159,1.1002520833222962,287.932757115058,0.0,0.0,0.0,255.73660919838028,852.0
4926,83.2427,0.022323518256239936,5.609114888719249,12.054699858369565,280.45574443596246,0.0,0.0,0.0,209.26774429433203,852.0
4927,133.189,0.053881231800634616,6.022454890572531,29.095865172342695,301.1227445286265,0.0,0.0,0.0,197.02960970096925,852.0
4928,166.4889,0.08714376586592316,6.841334002974077,47.057633567598515,342.06670014870383,0.0,0.0,0.0,222.63543371630232,852.0
4929,199.7853,0.1231077052355356,7.6545791288339755,66.47816082718923,382.72895644169876,0.0,0.0,0.0,249.421817268888,852.0
4930,233.0817,0.140354849632526,8.257611868734696,75.79161880156404,412.8805934367348,0.0,0.0,0.0,255.5905122382988,852.0
4931,249.7316,0.15177445344171112,8.835543864904581,81.958204858524,441.77719324522906,0.0,0.0,0.0,274.00379810375307,852.0
4932,249.7316,0.15247891756575668,9.05905610230116,82.33861548550861,452.95280511505797,0.0,0.0,0.0,285.5598206005666,852.0
4933,216.4318,0.14500442291532245,8.982675790402645,78.30238837427413,449.13378952013227,0.0,0.0,0.0,311.00437789440645,852.0
4934,199.7853,0.12684406584099092,9.176645598393824,68.4957955541351,458.8322799196912,0.0,0.0,0.0,327.5427754738263,852.0
4935,183.1354,0.09151715481984893,9.05004948262548,49.419263602718424,452.502474131274,0.0,0.0,0.0,318.78633773399247,852.0
4936,166.4889,0.05753791864172129,9.600284840595696,31.070476066529498,480.01424202978484,0.0,0.0,0.0,344.59581809631436,852.0
4937,133.189,0.025056023508371928,10.434195914625484,13.530252694520842,521.7097957312742,0.0,0.0,0.0,402.0510484257951,852.0
4938,183.1354,0.0023012144102535575,11.446759845348042,1.242655781536921,572.3379922674021,0.0,0.0,0.0,390.445248048939,852.0
4939,199.7853,0.0,11.991305305698843,0.0,599.5652652849421,0.0,0.0,0.0,399.77996528494214,852.0
4940,183.1354,0.0,11.446759845348042,0.0,572.3379922674021,0.0,0.0,0.0,389.2025922674021,852.0
4941,149.839,0.0,10.857383455452842,0.0,542.8691727726421,0.0,0.0,0.0,393.03017277264206,852.0
4942,99.8926,0.0,10.37039568983122,0.0,518.519784491561,0.0,0.0,0.0,418.627184491561,852.0
4943,66.5962,0.0,9.774008542146715,0.0,488.70042710733577,0.0,0.0,0.0,422.10422710733576,852.0
4944,49.9463,0.0,9.176645598393824,0.0,458.8322799196912,0.0,0.0,0.0,408.8859799196912,852.0
4945,39.9557,0.0,8.567497126301156,0.0,428.3748563150578,0.0,0.0,0.0,388.4191563150578,852.0
4946,33.2964,0.0,8.232103361482626,0.0,411.60516807413126,0.0,0.0,0.0,378.30876807413125,852.0
4947,26.6371,0.0,8.454786246001103,0.0,422.73931230005513,0.0,0.0,0.0,396.10221230005516,852.0
4948,26.6371,0.0,8.716273884169883,0.0,435.81369420849416,0.0,0.0,0.0,409.1765942084942,852.0
4949,33.2964,0.0019216132895777485,8.411679536679536,1.0376711763719844,420.5839768339768,0.0,0.0,0.0,388.3252480103488,852.0
4950,83.2427,0.02193607348906269,7.341639938965249,11.845479684093853,367.0819969482625,0.0,0.0,0.0,295.6847766323563,852.0
4951,133.189,0.05269940174859257,6.460704833976834,28.45767694423999,323.0352416988417,0.0,0.0,0.0,218.3039186430817,852.0
4952,166.4889,0.08166588264864826,6.427745795953668,44.09957663027006,321.3872897976834,0.0,0.0,0.0,198.9979664279535,852.0
4953,199.7853,0.11545889489238824,6.358496469250966,62.34780324188965,317.92482346254826,0.0,0.0,0.0,180.48732670443792,852.0
4954,233.0817,0.14174288852809216,5.952354150054054,76.54115980516977,297.61770750270273,0.0,0.0,0.0,141.07716730787246,852.0
4955,249.7316,0.15228518731447752,5.53186816988417,82.23400114981786,276.5934084942085,0.0,0.0,0.0,109.09580964402639,852.0
4956,249.7316,0.16844190652724977,5.040245399545506,90.95862952471488,252.01226997727528,0.0,0.0,0.0,93.23929950199019,852.0
4957,216.4318,0.1603849575300486,4.66539275691561,86.60787706622625,233.2696378457805,0.0,0.0,0.0,103.44571491200674,852.0
4958,199.7853,0.14660486829557,4.917590980694979,79.16662887960781,245.87954903474895,0.0,0.0,0.0,125.26087791435674,852.0
4959,183.1354,0.10803823349563388,6.124968669405405,58.34064608764229,306.24843347027024,0.0,0.0,0.0,181.45367955791255,852.0
4960,166.4889,0.06778210854541503,7.413153503947051,36.602338614524115,370.65767519735255,0.0,0.0,0.0,240.77111381187666,852.0
4961,133.189,0.029335158405913227,8.672352578047434,15.840985539193143,433.6176289023717,0.0,0.0,0.0,316.26961444156484,852.0
4962,183.1354,0.002362619208811124,9.14036453171539,1.2758143727580071,457.01822658576947,0.0,0.0,0.0,275.1586409585275,852.0
4963,199.7853,0.0,9.359384515282956,0.0,467.96922576414784,0.0,0.0,0.0,268.18392576414783,852.0
4964,183.1354,0.0,9.43772382129068,0.0,471.886191064534,0.0,0.0,0.0,288.750791064534,852.0
4965,149.839,0.0,9.470098636178708,0.0,473.5049318089354,0.0,0.0,0.0,323.6659318089354,852.0
4966,99.8926,0.0,9.873469048586875,0.0,493.67345242934374,0.0,0.0,0.0,393.7808524293437,852.0
4967,66.5962,0.0,10.214385159942637,0.0,510.7192579971319,0.0,0.0,0.0,444.12305799713187,852.0
4968,49.9463,0.0,10.78193986026255,0.0,539.0969930131275,0.0,0.0,0.0,489.1506930131275,852.0
4969,39.9557,0.0,11.561739001645888,0.0,578.0869500822944,0.0,0.0,0.0,538.1312500822944,852.0
4970,33.2964,0.0,11.67743943914396,0.0,583.871971957198,0.0,0.0,0.0,550.575571957198,852.0
4971,26.6371,0.0,10.055036867282956,0.0,502.7518433641478,0.0,0.0,0.0,476.11474336414784,852.0
4972,26.6371,0.0,8.291698406548264,0.0,414.5849203274132,0.0,0.0,0.0,387.94782032741324,852.0
4973,33.2964,0.002130998804598896,6.928976979591836,1.150739354483404,346.4488489795918,0.0,0.0,0.0,314.3031883340752,852.0
4974,83.2427,0.02293818140531169,6.347603339931605,12.386617958868312,317.3801669965803,0.0,0.0,0.0,246.5240849554486,852.0
4975,133.189,0.05595815541347775,6.822370035715389,30.21740392327798,341.11850178576947,0.0,0.0,0.0,238.14690570904745,852.0
4976,166.4889,0.09581649466450343,8.325870980694983,51.74090711883185,416.29354903474916,0.0,0.0,0.0,301.545556153581,852.0
4977,199.7853,0.13147074895628202,8.663584679077772,70.9942044363923,433.17923395388857,0.0,0.0,0.0,304.38813839028086,852.0
4978,233.0817,0.15031661960188544,8.498028191947048,81.17097458501814,424.9014095973524,0.0,0.0,0.0,272.99068418237056,852.0
4979,249.7316,0.16668682545998045,8.764744995159408,90.01088574838944,438.2372497579704,0.0,0.0,0.0,278.5165355063599,852.0
4980,249.7316,0.1700881178113392,9.14489481464093,91.84758361812317,457.24474073204647,0.0,0.0,0.0,299.3607243501697,852.0
4981,216.4318,0.16214337623926034,9.090622795861005,87.55742316920059,454.5311397930503,0.0,0.0,0.0,325.65676296225087,852.0
4982,199.7853,0.1430620034873254,8.654822230239382,77.25348188315571,432.7411115119691,0.0,0.0,0.0,310.2092933951248,852.0
4983,183.1354,0.10719762073058235,8.446154091984557,57.886715194514466,422.30770459922786,0.0,0.0,0.0,297.0590197937423,852.0
4984,166.4889,0.06563510112865527,8.84885769442912,35.442954609473844,442.442884721456,0.0,0.0,0.0,311.3969393309298,852.0
4985,133.189,0.0280947324007902,10.282458711510206,15.17115549642671,514.1229355755103,0.0,0.0,0.0,396.10509107193707,852.0
4986,183.1354,0.002597145867617775,12.463710558464424,1.4024587685135985,623.1855279232212,0.0,0.0,0.0,441.45258669173484,852.0
4987,199.7853,0.0,14.253816272555984,0.0,712.6908136277992,0.0,0.0,0.0,512.9055136277992,852.0
4988,183.1354,0.0,14.737522152842802,0.0,736.8761076421401,0.0,0.0,0.0,553.7407076421401,852.0
4989,149.839,0.0,14.427976741312742,0.0,721.398837065637,0.0,0.0,0.0,571.5598370656371,852.0
4990,99.8926,0.0,13.727660707618309,0.0,686.3830353809154,0.0,0.0,0.0,586.4904353809154,852.0
4991,66.5962,0.0,12.62373854030226,0.0,631.1869270151129,0.0,0.0,0.0,564.590727015113,852.0
4992,49.9463,0.0,11.229248919510205,0.0,561.4624459755103,0.0,0.0,0.0,511.51614597551026,852.0
4993,39.9557,0.0,10.007056597498067,0.0,500.35282987490336,0.0,0.0,0.0,460.3971298749034,852.0
4994,33.2964,0.0,8.946869956024269,0.0,447.34349780121346,0.0,0.0,0.0,414.04709780121345,852.0
4995,26.6371,0.0,8.489368973661334,0.0,424.4684486830667,0.0,0.0,0.0,397.8313486830667,852.0
4996,26.6371,0.0,8.428906005568669,0.0,421.4453002784334,0.0,0.0,0.0,394.80820027843345,852.0
4997,33.2964,0.002105635074555152,8.502359832710424,1.1370429402597821,425.11799163552115,0.0,0.0,0.0,392.95863457578093,852.0
4998,83.2427,0.023088245225465633,8.78683199756426,12.467652421751442,439.341599878213,0.0,0.0,0.0,368.5665522999644,852.0
4999,133.189,0.058219329139099586,9.12225724985328,31.43843773511378,456.112862492664,0.0,0.0,0.0,354.36230022777784,852.0
5000,166.4889,0.09835748410014927,9.181186970510758,53.113041414080605,459.0593485255379,0.0,0.0,0.0,345.6834899396185,852.0
5001,199.7853,0.1260273130700972,8.946869956024269,68.0547490578525,447.34349780121346,0.0,0.0,0.0,315.6129468590659,852.0
5002,233.0817,0.14634468843798354,8.480715171618312,79.02613175651112,424.0357585809156,0.0,0.0,0.0,269.98019033742673,852.0
5003,249.7316,0.16135117851345296,8.334427580116934,87.1296363972646,416.7213790058467,0.0,0.0,0.0,254.11941540311133,852.0
5004,249.7316,0.16026647366712568,8.202404464679535,86.54389578024788,410.1202232339768,0.0,0.0,0.0,246.93251901422465,852.0
5005,216.4318,0.16036830206307723,7.900727636015442,86.5988831140617,395.0363818007721,0.0,0.0,0.0,265.20346491483383,852.0
5006,199.7853,0.14304702776384293,7.996346420138997,77.24539499247518,399.81732100694984,0.0,0.0,0.0,277.277415999425,852.0
5007,183.1354,0.1062757953352676,8.411679536679536,57.3889294810445,420.5839768339768,0.0,0.0,0.0,294.8375063150213,852.0
5008,166.4889,0.06369733959760455,9.117733890788747,34.39656338270646,455.88669453943737,0.0,0.0,0.0,323.79435792214383,852.0
5009,133.189,0.027454105825970396,9.769287899428573,14.825217146024013,488.46439497142865,0.0,0.0,0.0,370.10061211745267,852.0
5010,183.1354,0.0022843739319857873,10.243525096525099,1.2335619232723252,512.176254826255,0.0,0.0,0.0,330.2744167495273,852.0
5011,199.7853,0.0,11.131707805476006,0.0,556.5853902738003,0.0,0.0,0.0,356.80009027380027,852.0
5012,183.1354,0.0,12.002036532915609,0.0,600.1018266457804,0.0,0.0,0.0,416.9664266457804,852.0
5013,149.839,0.0,12.52425949034749,0.0,626.2129745173745,0.0,0.0,0.0,476.3739745173745,852.0
5014,99.8926,0.0,12.757149602841697,0.0,637.8574801420848,0.0,0.0,0.0,537.9648801420848,852.0
5015,66.5962,0.0,12.337704515953668,0.0,616.8852257976833,0.0,0.0,0.0,550.2890257976834,852.0
5016,49.9463,0.0,11.577473811591837,0.0,578.8736905795919,0.0,0.0,0.0,528.9273905795919,852.0
5017,39.9557,0.0,10.887652911196911,0.0,544.3826455598455,0.0,0.0,0.0,504.42694555984554,852.0
5018,33.2964,0.0,9.56297647542857,0.0,478.1488237714285,0.0,0.0,0.0,444.8524237714285,852.0
5019,26.6371,0.0,9.368579953667954,0.0,468.4289976833977,0.0,0.0,0.0,441.79189768339774,852.0
5020,26.6371,0.0,9.750419466448978,0.0,487.5209733224489,0.0,0.0,0.0,460.88387332244895,852.0
5021,33.2964,0.0019358362298343473,9.281448469003859,1.0453515641105475,464.07242345019296,0.0,0.0,0.0,431.8213750143035,852.0
5022,83.2427,0.020823544887128537,9.604954712710425,11.244714239049411,480.2477356355213,0.0,0.0,0.0,408.2497498745707,852.0
5023,133.189,0.053782298260480844,10.552622083953668,29.042441060659655,527.6311041976834,0.0,0.0,0.0,423.484545258343,852.0
5024,166.4889,0.09185493032375334,11.756740801482628,49.60166237482681,587.8370400741314,0.0,0.0,0.0,470.9498024489582,852.0
5025,199.7853,0.1289371827610423,12.981470255196909,69.62607869096284,649.0735127598455,0.0,0.0,0.0,518.9142914508083,852.0
5026,233.0817,0.15764270663315058,13.570510755653615,85.12706158190132,678.5255377826808,0.0,0.0,0.0,530.5708993645821,852.0
5027,249.7316,0.1641847425199058,13.622766911999998,88.65976096074914,681.1383455999999,0.0,0.0,0.0,520.0665065607491,852.0
5028,249.7316,0.16893912308796696,13.698472470309984,91.22712646750216,684.9236235154992,0.0,0.0,0.0,526.4191499830014,852.0
5029,216.4318,0.15626646689248086,13.30540312371539,84.38389212193967,665.2701561857695,0.0,0.0,0.0,533.2222483077092,852.0
5030,199.7853,0.1437436431136909,12.212503062309986,77.62156728139308,610.6251531154993,0.0,0.0,0.0,488.46142039689244,852.0
5031,183.1354,0.10156268946678111,10.691840525837836,54.8438523120618,534.5920262918918,0.0,0.0,0.0,406.3004786039536,852.0
5032,166.4889,0.06455854922829146,10.267847836734695,34.86161658327739,513.3923918367348,0.0,0.0,0.0,381.76510842001215,852.0
5033,133.189,0.025676402639292245,9.516467427618311,13.865257425217813,475.82337138091555,0.0,0.0,0.0,356.4996288061334,852.0
5034,183.1354,0.002106114858156476,8.519699944842804,1.137302023404497,425.9849972421402,0.0,0.0,0.0,243.9868992655447,852.0
5035,199.7853,0.0,7.537303196911196,0.0,376.8651598455598,0.0,0.0,0.0,177.07985984555978,852.0
5036,183.1354,0.0,6.917507153862106,0.0,345.8753576931053,0.0,0.0,0.0,162.73995769310528,852.0
5037,149.839,0.0,7.481080585142856,0.0,374.0540292571428,0.0,0.0,0.0,224.21502925714282,852.0
5038,99.8926,0.0,8.537061745667954,0.0,426.85308728339766,0.0,0.0,0.0,326.96048728339764,852.0
5039,66.5962,0.0,9.86871866291892,0.0,493.43593314594597,0.0,0.0,0.0,426.83973314594596,852.0
5040,49.9463,0.0,9.07257639271925,0.0,453.62881963596254,0.0,0.0,0.0,403.68251963596254,852.0
5041,39.9557,0.0,6.97881201692664,0.0,348.940600846332,0.0,0.0,0.0,308.98490084633204,852.0
5042,33.2964,0.0,6.523236388147821,0.0,326.1618194073911,0.0,0.0,0.0,292.8654194073911,852.0
5043,26.6371,0.0,7.533278815452839,0.0,376.6639407726419,0.0,0.0,0.0,350.02684077264195,852.0
5044,26.6371,0.0,7.7975888622702705,0.0,389.8794431135135,0.0,0.0,0.0,363.2423431135135,852.0
5045,33.2964,0.0018307910065151684,6.578711270618863,0.988627143518191,328.9355635309431,0.0,0.0,0.0,296.6277906744613,852.0
5046,83.2427,0.022054707835952665,5.264821827035851,11.909542231414438,263.24109135179253,0.0,0.0,0.0,191.90793358320695,852.0
5047,133.189,0.05374099278066447,4.217959873306121,29.020136101558812,210.89799366530605,0.0,0.0,0.0,106.72912976686487,852.0
5048,166.4889,0.08817356244813769,4.155323835375622,47.613723721994354,207.7661917687811,0.0,0.0,0.0,88.89101549077546,852.0
5049,199.7853,0.11841309456244486,5.065622639444016,63.943071063720225,253.28113197220082,0.0,0.0,0.0,117.43890303592104,852.0
5050,233.0817,0.14161847893956164,6.387599413127414,76.4739786273633,319.3799706563707,0.0,0.0,0.0,162.77224928373397,852.0
5051,249.7316,0.15371654919971303,8.054893332015444,83.00693656784505,402.74466660077223,0.0,0.0,0.0,236.0200031686173,852.0
5052,249.7316,0.1612148173044596,8.257611868734696,87.05600134440819,412.8805934367348,0.0,0.0,0.0,250.20499478114297,852.0
5053,216.4318,0.15700627430055858,8.372998950548261,84.78338812230163,418.6499475274131,0.0,0.0,0.0,287.0015356497147,852.0
5054,199.7853,0.13702358784231056,8.893326301158302,73.99273743484771,444.6663150579151,0.0,0.0,0.0,318.87375249276283,852.0
5055,183.1354,0.1036641086991923,9.844988007077772,55.978618697563846,492.2494003538886,0.0,0.0,0.0,365.0926190514524,852.0
5056,166.4889,0.06462659536027023,11.229248919510205,34.898361494545924,561.4624459755103,0.0,0.0,0.0,429.8719074700562,852.0
5057,133.189,0.027060545421491482,12.419790951077768,14.6126945276054,620.9895475538884,0.0,0.0,0.0,502.4132420814939,852.0
5058,183.1354,0.002175088899511566,12.673664123128518,1.1745480057362456,633.6832061564259,0.0,0.0,0.0,451.7223541621621,852.0
5059,199.7853,0.0,12.13668631383122,0.0,606.834315691561,0.0,0.0,0.0,407.04901569156095,852.0
5060,183.1354,0.0,11.624758772138996,0.0,581.2379386069498,0.0,0.0,0.0,398.1025386069498,852.0
5061,149.839,0.0,10.562528547159403,0.0,528.1264273579701,0.0,0.0,0.0,378.2874273579701,852.0
5062,99.8926,0.0,9.405417555591837,0.0,470.27087777959184,0.0,0.0,0.0,370.3782777795918,852.0
5063,66.5962,0.0,8.168543256286815,0.0,408.42716281434076,0.0,0.0,0.0,341.83096281434075,852.0
5064,49.9463,0.0,6.940458261780473,0.0,347.0229130890237,0.0,0.0,0.0,297.0766130890237,852.0
5065,39.9557,0.0,6.050631801822394,0.0,302.5315900911197,0.0,0.0,0.0,262.57589009111973,852.0
5066,33.2964,0.0,5.538560241738555,0.0,276.92801208692777,0.0,0.0,0.0,243.63161208692776,852.0
5067,26.6371,0.0,5.212985881239933,0.0,260.64929406199667,0.0,0.0,0.0,234.01219406199667,852.0
5068,26.6371,0.0,5.148611972271374,0.0,257.4305986135687,0.0,0.0,0.0,230.7934986135687,852.0
5069,33.2964,0.0019041446630344654,4.9394767021467185,1.0282381180386113,246.97383510733593,0.0,0.0,0.0,214.70567322537454,852.0
5070,83.2427,0.025182265042673322,4.307124353729731,13.598423123043593,215.35621768648653,0.0,0.0,0.0,145.71194080953012,852.0
5071,133.189,0.0628482037996996,4.003824926640927,33.938030051837785,200.19124633204638,0.0,0.0,0.0,100.94027638388417,852.0
5072,166.4889,0.10545501973064955,4.324504687020407,56.94571065455076,216.22523435102033,0.0,0.0,0.0,106.68204500557107,852.0
5073,199.7853,0.1437032107840158,4.698779332518478,77.59973382336852,234.93896662592388,0.0,0.0,0.0,112.75340044929237,852.0
5074,233.0817,0.1575699162565116,4.84917382678875,85.08775477851627,242.4586913394375,0.0,0.0,0.0,94.46474611795378,852.0
5075,249.7316,0.1798147847197559,4.735357698788749,97.09998374866818,236.76788493943747,0.0,0.0,0.0,84.13626868810567,852.0
5076,249.7316,0.18617939715650933,4.438451491159404,100.53687446451505,221.92257455797022,0.0,0.0,0.0,72.72784902248529,852.0
5077,216.4318,0.17614491957390235,4.414939737239934,95.11825656990727,220.74698686199673,0.0,0.0,0.0,99.43344343190398,852.0
5078,199.7853,0.15150891059333482,4.753708289306123,81.8148117204008,237.68541446530614,0.0,0.0,0.0,119.71492618570693,852.0
5079,183.1354,0.11113169658288118,5.174305494309984,60.01111615475583,258.7152747154992,0.0,0.0,0.0,135.59099087025504,852.0
5080,166.4889,0.06752787912498306,5.475177627428572,36.46505472749085,273.7588813714286,0.0,0.0,0.0,143.7350360989194,852.0
5081,133.189,0.028549152208202207,5.478502861167126,15.416542192429192,273.9251430583563,0.0,0.0,0.0,156.15268525078548,852.0
5082,183.1354,0.0019719184791103395,5.320226616339769,1.0648359787195834,266.01133081698845,0.0,0.0,0.0,83.94076679570804,852.0
5083,199.7853,0.0,6.1783975445957,0.0,308.91987722978496,0.0,0.0,0.0,109.13457722978495,852.0
5084,183.1354,0.0,7.867633312688365,0.0,393.38166563441825,0.0,0.0,0.0,210.24626563441825,852.0
5085,149.839,0.0,9.167567014618866,0.0,458.3783507309433,0.0,0.0,0.0,308.5393507309433,852.0
5086,99.8926,0.0,10.112801535293988,0.0,505.6400767646994,0.0,0.0,0.0,405.7474767646994,852.0
5087,66.5962,0.0,11.0601756741401,0.0,553.008783707005,0.0,0.0,0.0,486.412583707005,852.0
5088,49.9463,0.0,11.624758772138996,0.0,581.2379386069498,0.0,0.0,0.0,531.2916386069498,852.0
5089,39.9557,0.0,11.5146150224556,0.0,575.7307511227799,0.0,0.0,0.0,535.7750511227799,852.0
5090,33.2964,0.0,10.857383455452842,0.0,542.8691727726421,0.0,0.0,0.0,509.57277277264205,852.0
5091,26.6371,0.0,10.007056597498067,0.0,500.35282987490336,0.0,0.0,0.0,473.7157298749034,852.0
5092,26.6371,0.0,9.656416187375621,0.0,482.82080936878106,0.0,0.0,0.0,456.1837093687811,852.0
5093,33.2964,0.0016623404219483701,9.759850855783785,0.8976638278521198,487.99254278918926,0.0,0.0,0.0,455.59380661704137,852.0
5094,83.2427,0.017968566058834245,9.83550566795367,9.703025671770494,491.77528339768355,0.0,0.0,0.0,418.23560906945403,852.0
5095,133.189,0.044794304144645,10.132102142587975,24.1889242381083,506.60510712939873,0.0,0.0,0.0,397.6050313675071,852.0
5096,166.4889,0.0763343330012829,10.857383455452842,41.220539820692764,542.8691727726421,0.0,0.0,0.0,417.60081259333487,852.0
5097,199.7853,0.10342216290202794,11.78324945798566,55.84796796709509,589.162472899283,0.0,0.0,0.0,445.22514086637807,852.0
5098,233.0817,0.12749143556340461,13.004038103510204,68.8453752042385,650.2019051755102,0.0,0.0,0.0,485.9655803797487,852.0
5099,249.7316,0.15442623504948413,14.823226246001104,83.39016692672143,741.1613123000552,0.0,0.0,0.0,574.8198792267767,852.0
5100,249.7316,0.15285454092758038,16.816244154810807,82.54145210089341,840.8122077405403,0.0,0.0,0.0,673.6220598414337,852.0
5101,216.4318,0.1434875621101847,18.20728161062548,77.48328353949974,910.364080531274,0.0,0.0,0.0,771.4155640707738,852.0
5102,199.7853,0.1248364881050889,18.573244108178717,67.41170357674801,928.6622054089358,0.0,0.0,0.0,796.2886089856838,852.0
5103,183.1354,0.08864419056329076,18.01910007453723,47.86786290417702,900.9550037268616,0.0,0.0,0.0,765.6874666310387,852.0
5104,166.4889,0.05431981994949223,18.45308866298069,29.332702772725806,922.6544331490345,0.0,0.0,0.0,785.4982359217604,852.0
5105,133.189,0.022795474920268476,20.78455991136017,12.309556456944978,1039.2279955680085,0.0,0.0,0.0,918.3485520249536,852.0
5106,183.1354,0.0017997143797032328,22.995680123552123,0.9718457650397458,1149.7840061776062,0.0,0.0,0.0,967.6204519426459,852.0
5107,199.7853,0.0,22.849700765158307,0.0,1142.4850382579154,0.0,0.0,0.0,942.6997382579154,852.0
5108,183.1354,0.0,21.075177033884167,0.0,1053.7588516942083,0.0,0.0,0.0,870.6234516942083,852.0
5109,149.839,0.0,19.26119430156425,0.0,963.0597150782124,0.0,0.0,0.0,813.2207150782124,852.0
5110,99.8926,0.0,17.285600811490347,0.0,864.2800405745173,0.0,0.0,0.0,764.3874405745173,852.0
5111,66.5962,0.0,15.356646955490346,0.0,767.8323477745173,0.0,0.0,0.0,701.2361477745173,852.0
5112,49.9463,0.0,13.020980225976835,0.0,651.0490112988417,0.0,0.0,0.0,601.1027112988418,852.0
5113,39.9557,0.0,10.756864933312741,0.0,537.843246665637,0.0,0.0,0.0,497.88754666563705,852.0
5114,33.2964,0.0,9.433104445281852,0.0,471.65522226409263,0.0,0.0,0.0,438.3588222640926,852.0
5115,26.6371,0.0,8.747100007783782,0.0,437.3550003891891,0.0,0.0,0.0,410.71790038918914,852.0
5116,26.6371,0.0,8.667967947190293,0.0,433.39839735951466,0.0,0.0,0.0,406.7612973595147,852.0
5117,33.2964,0.0015227683295990862,7.9754999897804755,0.8222948979835066,398.7749994890238,0.0,0.0,0.0,366.3008943870073,852.0
5118,83.2427,0.0208087704255038,7.258737822393822,11.236736029772052,362.9368911196911,0.0,0.0,0.0,290.9309271494631,852.0
5119,133.189,0.0502145166822898,6.925152431691122,27.11583900843649,346.2576215845561,0.0,0.0,0.0,240.18446059299256,852.0
5120,166.4889,0.08430407510506802,7.290252345575288,45.52420055673673,364.5126172787644,0.0,0.0,0.0,243.54791783550115,852.0
5121,199.7853,0.12216743018714907,7.537303196911196,65.97041230106049,376.8651598455598,0.0,0.0,0.0,243.05027214662027,852.0
5122,233.0817,0.13724818116612553,7.529255739552124,74.11401782970779,376.4627869776062,0.0,0.0,0.0,217.49510480731396,852.0
5123,249.7316,0.163412879261722,7.2784247104247095,88.24295480132989,363.9212355212355,0.0,0.0,0.0,202.43259032256535,852.0
5124,249.7316,0.1671760385090197,7.040443457482624,90.27506079487063,352.02217287413123,0.0,0.0,0.0,192.56563366900187,852.0
5125,216.4318,0.1606277780394318,7.215540234448977,86.73900014129318,360.7770117224489,0.0,0.0,0.0,231.08421186374204,852.0
5126,199.7853,0.13981497774205603,8.308773932302262,75.50008798071026,415.43869661511314,0.0,0.0,0.0,291.1534845958234,852.0
5127,183.1354,0.10084736226983157,8.942400421348044,54.45757562570905,447.1200210674022,0.0,0.0,0.0,318.44219669311127,852.0
5128,166.4889,0.06204623819352106,8.991641022587975,33.50496862450137,449.5820511293988,0.0,0.0,0.0,316.59811975390016,852.0
5129,133.189,0.026721309390252506,8.969238274965251,14.429507070736355,448.4619137482626,0.0,0.0,0.0,329.7024208189989,852.0
5130,183.1354,0.0018034437235288229,9.117733890788747,0.9738596107055644,455.88669453943737,0.0,0.0,0.0,273.72515415014294,852.0
5131,199.7853,0.0,9.465469462980694,0.0,473.2734731490347,0.0,0.0,0.0,273.4881731490347,852.0
5132,183.1354,0.0,9.684557919452843,0.0,484.22789597264216,0.0,0.0,0.0,301.09249597264215,852.0
5133,149.839,0.0,9.731573643931606,0.0,486.5786821965803,0.0,0.0,0.0,336.7396821965803,852.0
5134,99.8926,0.0,9.535054204116935,0.0,476.75271020584677,0.0,0.0,0.0,376.86011020584675,852.0
5135,66.5962,0.0,9.04554824433315,0.0,452.27741221665747,0.0,0.0,0.0,385.68121221665746,852.0
5136,49.9463,0.0,8.25335709553668,0.0,412.667854776834,0.0,0.0,0.0,362.721554776834,852.0
5137,39.9557,0.0,6.724267413250966,0.0,336.2133706625483,0.0,0.0,0.0,296.2576706625483,852.0
5138,33.2964,0.0,5.203300006618862,0.0,260.16500033094314,0.0,0.0,0.0,226.86860033094314,852.0
5139,26.6371,0.0,4.858470743510203,0.0,242.92353717551015,0.0,0.0,0.0,216.28643717551014,852.0
5140,26.6371,0.0,4.692698838804192,0.0,234.63494194020961,0.0,0.0,0.0,207.9978419402096,852.0
5141,33.2964,0.0017092081373153085,4.533214233698843,0.9229723941502667,226.66071168494213,0.0,0.0,0.0,194.2872840790924,852.0
5142,83.2427,0.023208790639933266,4.671452840595696,12.532746945563963,233.5726420297848,0.0,0.0,0.0,162.86268897534876,852.0
5143,133.189,0.057804842343632645,4.805924429661335,31.21461486556163,240.29622148306674,0.0,0.0,0.0,138.32183634862835,852.0
5144,166.4889,0.0972053509554538,4.66539275691561,52.49088951594505,233.2696378457805,0.0,0.0,0.0,119.27162736172556,852.0
5145,199.7853,0.13731862093722172,4.653286180571429,74.15205530609973,232.66430902857147,0.0,0.0,0.0,107.03106433467121,852.0
5146,233.0817,0.15590722125389095,4.9394767021467185,84.18989947710111,246.97383510733593,0.0,0.0,0.0,98.08203458443705,852.0
5147,249.7316,0.17275776703052786,5.132591408432433,93.28919419648506,256.6295704216217,0.0,0.0,0.0,100.18716461810672,852.0
5148,249.7316,0.17914253059162302,5.145405529239933,96.73696651947644,257.2702764619967,0.0,0.0,0.0,104.27564298147311,852.0
5149,216.4318,0.1708661024964299,5.392431922409267,92.26769534807215,269.6215961204634,0.0,0.0,0.0,145.45749146853552,852.0
5150,199.7853,0.1546837895230612,6.189116505239933,83.52924634245305,309.45582526199667,0.0,0.0,0.0,193.19977160444972,852.0
5151,183.1354,0.111788558642915,7.337679280750138,60.365821667174096,366.8839640375069,0.0,0.0,0.0,244.114385704681,852.0
5152,166.4889,0.06695841647811697,8.342989565281854,36.15754489818317,417.14947826409275,0.0,0.0,0.0,286.8181231622759,852.0
5153,133.189,0.02688593403781879,8.57620516702041,14.518404380422146,428.8102583510205,0.0,0.0,0.0,310.1396627314426,852.0
5154,183.1354,0.0017565472015622552,8.428906005568669,0.9485354888436178,421.4453002784334,0.0,0.0,0.0,239.25843576727704,852.0
5155,199.7853,0.0,8.57620516702041,0.0,428.8102583510205,0.0,0.0,0.0,229.02495835102047,852.0
5156,183.1354,0.0,8.897780712842803,0.0,444.88903564214013,0.0,0.0,0.0,261.7536356421401,852.0
5157,149.839,0.0,9.633003491159405,0.0,481.6501745579703,0.0,0.0,0.0,331.8111745579703,852.0
5158,99.8926,0.0,9.27687653171539,0.0,463.8438265857695,0.0,0.0,0.0,363.95122658576946,852.0
5159,66.5962,0.0,8.703083168688362,0.0,435.1541584344181,0.0,0.0,0.0,368.5579584344181,852.0
5160,49.9463,0.0,7.892446111699944,0.0,394.6223055849972,0.0,0.0,0.0,344.6760055849972,852.0
5161,39.9557,0.0,6.7430669584026495,0.0,337.1533479201325,0.0,0.0,0.0,297.1976479201325,852.0
5162,33.2964,0.0,5.622613569482627,0.0,281.13067847413134,0.0,0.0,0.0,247.83427847413134,852.0
5163,26.6371,0.0,5.103827739004964,0.0,255.1913869502482,0.0,0.0,0.0,228.55428695024818,852.0
5164,26.6371,0.0,4.815173287077772,0.0,240.7586643538886,0.0,0.0,0.0,214.1215643538886,852.0
5165,33.2964,0.0016974815732280152,4.551110107004963,0.9166400495431283,227.55550535024813,0.0,0.0,0.0,195.17574539979125,852.0
5166,83.2427,0.023073729881216972,4.304231507591837,12.459814135857165,215.21157537959184,0.0,0.0,0.0,144.42868951544898,852.0
5167,133.189,0.0585081111065277,4.292671189780476,31.594379997524957,214.6335594890238,0.0,0.0,0.0,113.03893948654877,852.0
5168,166.4889,0.09452856453862983,4.512386826625481,51.04542485086011,225.61934133127406,0.0,0.0,0.0,110.17586618213414,852.0
5169,199.7853,0.13747417603959253,4.793608613348041,74.23605506137996,239.68043066740202,0.0,0.0,0.0,114.13118572878199,852.0
5170,233.0817,0.1634800445885577,5.075158239382241,88.27922407782115,253.75791196911206,0.0,0.0,0.0,108.95543604693319,852.0
5171,249.7316,0.17882083996553982,5.255079736339767,96.5632535813915,262.75398681698834,0.0,0.0,0.0,109.58564039837987,852.0
5172,249.7316,0.18584182059733248,5.225916758804193,100.35458312255955,261.29583794020965,0.0,0.0,0.0,111.91882106276918,852.0
5173,216.4318,0.1775898419416088,5.4122234247413115,95.89851464846875,270.61117123706555,0.0,0.0,0.0,150.07788588553427,852.0
5174,199.7853,0.1616821134921924,5.987343594996139,87.3083412857839,299.36717974980695,0.0,0.0,0.0,186.89022103559086,852.0
5175,183.1354,0.12060220435419404,6.526925955282955,65.12519035126478,326.3462977641478,0.0,0.0,0.0,208.33608811541257,852.0
5176,166.4889,0.0736948458575164,7.373371856555982,39.79521676305886,368.6685928277991,0.0,0.0,0.0,241.97490959085798,852.0
5177,133.189,0.030571489101318277,9.014078225367896,16.50860411471187,450.7039112683948,0.0,0.0,0.0,334.02351538310666,852.0
5178,183.1354,0.001929008058975426,11.004173970285713,1.04166435184673,550.2086985142856,0.0,0.0,0.0,368.1149628661324,852.0
5179,199.7853,0.0,12.779470776163265,0.0,638.9735388081633,0.0,0.0,0.0,439.1882388081633,852.0
5180,183.1354,0.0,13.669323533167127,0.0,683.4661766583563,0.0,0.0,0.0,500.3307766583563,852.0
5181,149.839,0.0,13.745192525096526,0.0,687.2596262548262,0.0,0.0,0.0,537.4206262548262,852.0
5182,99.8926,0.0,13.657674956425813,0.0,682.8837478212906,0.0,0.0,0.0,582.9911478212906,852.0
5183,66.5962,0.0,13.501033339552123,0.0,675.0516669776061,0.0,0.0,0.0,608.4554669776062,852.0
5184,49.9463,0.0,12.919536137884165,0.0,645.9768068942083,0.0,0.0,0.0,596.0305068942083,852.0
5185,39.9557,0.0,11.698553551567569,0.0,584.9276775783784,0.0,0.0,0.0,544.9719775783784,852.0
5186,33.2964,0.0,9.549009021564256,0.0,477.4504510782128,0.0,0.0,0.0,444.1540510782128,852.0
5187,26.6371,0.0,8.130551761862108,0.0,406.5275880931054,0.0,0.0,0.0,379.89048809310543,852.0
5188,26.6371,0.0,7.176405011768338,0.0,358.8202505884169,0.0,0.0,0.0,332.18315058841694,852.0
5189,33.2964,0.0016925091507451436,6.627017566464423,0.9139549414023775,331.35087832322114,0.0,0.0,0.0,298.9684332646235,852.0
5190,83.2427,0.024970128980072663,6.716756427190291,13.483869649239239,335.8378213595146,0.0,0.0,0.0,266.0789910087538,852.0
5191,133.189,0.06338635841218934,6.769439355128516,34.228633542582244,338.4719677564258,0.0,0.0,0.0,239.51160129900805,852.0
5192,166.4889,0.10359389277973267,7.0327216380540545,55.94070210105565,351.6360819027027,0.0,0.0,0.0,241.08788400375835,852.0
5193,199.7853,0.14719390712926184,7.345601892571428,79.4847098498014,367.28009462857136,0.0,0.0,0.0,246.97950447837275,852.0
5194,233.0817,0.16866781115582338,7.64239605942857,91.08061802414463,382.1198029714285,0.0,0.0,0.0,240.11872099557314,852.0
5195,249.7316,0.18063972115479432,7.805809575854385,97.54544942358893,390.2904787927192,0.0,0.0,0.0,238.10432821630818,852.0
5196,249.7316,0.18059126566263214,7.493106771591836,97.51928345782136,374.6553385795918,0.0,0.0,0.0,222.44302203741316,852.0
5197,216.4318,0.1777557269705407,7.465063908147822,95.98809256409199,373.2531954073911,0.0,0.0,0.0,252.80948797148307,852.0
5198,199.7853,0.15279544562721645,7.732012994047436,82.50954063869688,386.60064970237175,0.0,0.0,0.0,269.3248903410686,852.0
5199,183.1354,0.11259156124377186,8.338707899375617,60.7994430716368,416.9353949687808,0.0,0.0,0.0,294.5994380404176,852.0
5200,166.4889,0.06838832261513722,9.488629335545504,36.9296942121741,474.4314667772752,0.0,0.0,0.0,344.87226098944933,852.0
5201,133.189,0.02861837693940513,10.82213557332157,15.45392354727877,541.1067786660784,0.0,0.0,0.0,423.37170221335725,852.0
5202,183.1354,0.0016485542412039552,11.141950230557088,0.8902192902501358,557.0975115278544,0.0,0.0,0.0,374.8523308181045,852.0
5203,199.7853,0.0,10.741837462804193,0.0,537.0918731402097,0.0,0.0,0.0,337.3065731402097,852.0
5204,183.1354,0.0,10.429279551576393,0.0,521.4639775788196,0.0,0.0,0.0,338.3285775788196,852.0
5205,149.839,0.0,9.925816969142856,0.0,496.2908484571428,0.0,0.0,0.0,346.4518484571428,852.0
5206,99.8926,0.0,9.86871866291892,0.0,493.43593314594597,0.0,0.0,0.0,393.54333314594595,852.0
5207,66.5962,0.0,9.37778097519691,0.0,468.8890487598455,0.0,0.0,0.0,402.29284875984547,852.0
5208,49.9463,0.0,8.4763903011583,0.0,423.819515057915,0.0,0.0,0.0,373.873215057915,852.0
5209,39.9557,0.0,8.537061745667954,0.0,426.85308728339766,0.0,0.0,0.0,386.8973872833977,852.0
5210,33.2964,0.0,9.009588027128517,0.0,450.47940135642585,0.0,0.0,0.0,417.18300135642585,852.0
5211,26.6371,0.0,9.954442832873688,0.0,497.72214164368444,0.0,0.0,0.0,471.08504164368446,852.0
5212,26.6371,0.0,10.637011852178711,0.0,531.8505926089356,0.0,0.0,0.0,505.2134926089356,852.0
5213,33.2964,0.00127727332619436,9.99269030572973,0.6897275961449544,499.6345152864865,0.0,0.0,0.0,467.02784288263143,852.0
5214,83.2427,0.022405615772348644,8.969238274965251,12.099032517068267,448.4619137482626,0.0,0.0,0.0,377.31824626533086,852.0
5215,133.189,0.05478852916687792,8.676738571861002,29.58580575011408,433.83692859305006,0.0,0.0,0.0,330.2337343431642,852.0
5216,166.4889,0.0934085329852922,9.104172117568671,50.440607812057785,455.20860587843356,0.0,0.0,0.0,339.16031369049136,852.0
5217,199.7853,0.1329210575601421,9.614298676915608,71.77737108247675,480.71493384578037,0.0,0.0,0.0,352.7070049282571,852.0
5218,233.0817,0.15378251773424934,9.92105096655709,83.04255957649464,496.0525483278545,0.0,0.0,0.0,346.0134079043491,852.0
5219,249.7316,0.15874577798006748,9.651730831143958,85.72272010923643,482.5865415571979,0.0,0.0,0.0,318.57766166643444,852.0
5220,249.7316,0.16186759323019123,9.525758009892995,87.40850034430326,476.2879004946497,0.0,0.0,0.0,313.964800838953,852.0
5221,216.4318,0.15515858205245575,9.446966770409269,83.78563430832611,472.3483385204634,0.0,0.0,0.0,339.7021728287895,852.0
5222,199.7853,0.13046957393065117,9.586283661661334,70.45356992255164,479.31418308306667,0.0,0.0,0.0,349.98245300561825,852.0
5223,183.1354,0.09406971110049242,10.219238230557085,50.79764399426591,510.9619115278543,0.0,0.0,0.0,378.6241555221202,852.0
5224,166.4889,0.0597339471851289,11.467611599143957,32.25633147996961,573.3805799571978,0.0,0.0,0.0,439.14801143716744,852.0
5225,133.189,0.024345836368907445,13.362754137239932,13.14675163921002,668.1377068619965,0.0,0.0,0.0,548.0954585012066,852.0
5226,183.1354,0.0014377221443742788,16.387776345698843,0.7763699579621106,819.3888172849421,0.0,0.0,0.0,637.0297872429041,852.0
5227,199.7853,0.0,20.293457012915606,0.0,1014.6728506457803,0.0,0.0,0.0,814.8875506457803,852.0
5228,183.1354,0.0,22.995680123552123,0.0,1149.7840061776062,0.0,0.0,0.0,966.6486061776062,852.0
5229,149.839,0.0,22.27973156398455,0.0,1113.9865781992276,0.0,0.0,0.0,964.1475781992276,852.0
5230,99.8926,0.0,19.589219221498073,0.0,979.4609610749037,0.0,0.0,0.0,879.5683610749037,852.0
5231,66.5962,0.0,17.272075861003863,0.0,863.6037930501932,0.0,0.0,0.0,797.0075930501932,852.0
5232,49.9463,0.0,15.026494048123551,0.0,751.3247024061775,0.0,0.0,0.0,701.3784024061775,852.0
5233,39.9557,0.0,13.145648255082182,0.0,657.2824127541091,0.0,0.0,0.0,617.3267127541092,852.0
5234,33.2964,0.0,11.587971138965251,0.0,579.3985569482626,0.0,0.0,0.0,546.1021569482626,852.0
5235,26.6371,0.0,10.711821837837839,0.0,535.5910918918919,0.0,0.0,0.0,508.9539918918919,852.0
5236,26.6371,0.0,10.209533523027027,0.0,510.47667615135134,0.0,0.0,0.0,483.83957615135137,852.0
5237,33.2964,0.0013703009215280284,9.92105096655709,0.7399624976251353,496.0525483278545,0.0,0.0,0.0,463.4961108254796,852.0
5238,83.2427,0.01959339607776335,10.064650034974079,10.580433881992208,503.23250174870395,0.0,0.0,0.0,430.5702356306962,852.0
5239,133.189,0.046903264589073165,9.703347275119691,25.32776287809951,485.1673637559846,0.0,0.0,0.0,377.3061266340841,852.0
5240,166.4889,0.07636675137872144,10.602212366402647,41.23804574450958,530.1106183201323,0.0,0.0,0.0,404.85976406464187,852.0
5241,199.7853,0.11146476012863205,12.012773791452844,60.1909704694613,600.6386895726422,0.0,0.0,0.0,461.04436004210345,852.0
5242,233.0817,0.13850304489798462,13.43178125541313,74.79164424491171,671.5890627706565,0.0,0.0,0.0,513.2990070155681,852.0
5243,249.7316,0.1532898759810695,14.253816272555984,82.77653302977753,712.6908136277992,0.0,0.0,0.0,545.7357466575768,852.0
5244,249.7316,0.1527236008885648,14.554931626996137,82.470744479825,727.7465813498068,0.0,0.0,0.0,560.4857258296319,852.0
5245,216.4318,0.14825903748948435,14.470216634810809,80.05988024432155,723.5108317405404,0.0,0.0,0.0,587.138911984862,852.0
5246,199.7853,0.1410711497407905,14.682593217976834,76.17842086002686,734.1296608988417,0.0,0.0,0.0,610.5227817588686,852.0
5247,183.1354,0.10396658181153198,14.536751992833974,56.14195417822727,726.8375996416987,0.0,0.0,0.0,599.844153819926,852.0
5248,166.4889,0.06329892902670671,14.057261911510203,34.18142167442162,702.8630955755101,0.0,0.0,0.0,570.5556172499316,852.0
5249,133.189,0.02536266161571289,14.397853334804193,13.69583727248496,719.8926667402096,0.0,0.0,0.0,600.3995040126946,852.0
5250,183.1354,0.0016621636756945662,15.79972045788417,0.8975683848750657,789.9860228942085,0.0,0.0,0.0,607.7481912790836,852.0
5251,199.7853,0.0,16.889453863854385,0.0,844.4726931927192,0.0,0.0,0.0,644.6873931927192,852.0
5252,183.1354,0.0,17.44162482956426,0.0,872.0812414782131,0.0,0.0,0.0,688.9458414782131,852.0
5253,149.839,0.0,17.191068252911197,0.0,859.5534126455599,0.0,0.0,0.0,709.7144126455598,852.0
5254,99.8926,0.0,16.00494838934804,0.0,800.247419467402,0.0,0.0,0.0,700.354819467402,852.0
5255,66.5962,0.0,14.194071623730833,0.0,709.7035811865417,0.0,0.0,0.0,643.1073811865417,852.0
5256,49.9463,0.0,12.163729648503034,0.0,608.1864824251517,0.0,0.0,0.0,558.2401824251517,852.0
5257,39.9557,0.0,10.002266409266406,0.0,500.1133204633203,0.0,0.0,0.0,460.1576204633203,852.0
5258,33.2964,0.0,8.738285714285714,0.0,436.9142857142857,0.0,0.0,0.0,403.6178857142857,852.0
5259,26.6371,0.0,9.099654293780473,0.0,454.9827146890236,0.0,0.0,0.0,428.34561468902365,852.0
5260,26.6371,0.0,10.32636893857253,0.0,516.3184469286265,0.0,0.0,0.0,489.6813469286265,852.0
5261,33.2964,0.0014135839421517441,11.651080432503035,0.7633353287619419,582.5540216251517,0.0,0.0,0.0,550.0209569539137,852.0
5262,83.2427,0.019585304087383144,11.603728315375617,10.576064207186898,580.1864157687809,0.0,0.0,0.0,507.5197799759677,852.0
5263,133.189,0.04965323260747566,11.36877735462548,26.812745608036856,568.4388677312741,0.0,0.0,0.0,462.06261333931093,852.0
5264,166.4889,0.08304250707926301,11.126588802047435,44.84295382280203,556.3294401023717,0.0,0.0,0.0,434.68349392517376,852.0
5265,199.7853,0.11335067667632388,11.20352858027137,61.20936540521489,560.1764290135685,0.0,0.0,0.0,421.60049441878334,852.0
5266,233.0817,0.13424356754729225,11.213812287576394,72.49152647553781,560.6906143788196,0.0,0.0,0.0,400.1004408543575,852.0
5267,249.7316,0.15613365638387589,9.940123503691117,84.31217444729299,497.00617518455584,0.0,0.0,0.0,331.5867496318489,852.0
5268,249.7316,0.15469440089301997,9.902001161884169,83.53497648223079,495.1000580942084,0.0,0.0,0.0,328.9034345764393,852.0
5269,216.4318,0.14259712577366324,12.52425949034749,77.00244791777816,626.2129745173745,0.0,0.0,0.0,486.7836224351526,852.0
5270,199.7853,0.1226537910369407,14.223924062429125,66.23304715994799,711.1962031214563,0.0,0.0,0.0,577.6439502814043,852.0
5271,183.1354,0.09303406315625558,15.425741987618313,50.23839410437801,771.2870993809156,0.0,0.0,0.0,638.3900934852936,852.0
5272,166.4889,0.057150397524345774,16.26386248549807,30.861214663146722,813.1931242749035,0.0,0.0,0.0,677.5654389380502,852.0
5273,133.189,0.023267572083899204,16.882790038804195,12.564488925305572,844.1395019402098,0.0,0.0,0.0,723.5149908655154,852.0
5274,183.1354,0.00152114855457259,17.08343655388417,0.8214202194691986,854.1718276942084,0.0,0.0,0.0,671.8578479136777,852.0
5275,199.7853,0.0,16.670433535576397,0.0,833.5216767788198,0.0,0.0,0.0,633.7363767788198,852.0
5276,183.1354,0.0,15.570852006618866,0.0,778.5426003309433,0.0,0.0,0.0,595.4072003309433,852.0
5277,149.839,0.0,14.122587879854384,0.0,706.1293939927192,0.0,0.0,0.0,556.2903939927191,852.0
5278,99.8926,0.0,13.535743858232763,0.0,676.7871929116382,0.0,0.0,0.0,576.8945929116381,852.0
5279,66.5962,0.0,12.740424862711528,0.0,637.0212431355764,0.0,0.0,0.0,570.4250431355764,852.0
5280,49.9463,0.0,10.812077890788746,0.0,540.6038945394373,0.0,0.0,0.0,490.6575945394373,852.0
5281,39.9557,0.0,8.611091678711528,0.0,430.5545839355764,0.0,0.0,0.0,390.5988839355764,852.0
5282,33.2964,0.0,6.5380021591969095,0.0,326.90010795984546,0.0,0.0,0.0,293.60370795984545,852.0
5283,26.6371,0.0,5.772365074321015,0.0,288.61825371605073,0.0,0.0,0.0,261.98115371605076,852.0
5284,26.6371,0.0,6.811006861167127,0.0,340.55034305835636,0.0,0.0,0.0,313.9132430583564,852.0
5285,33.2964,0.0011551255990189344,8.143203559289576,0.6237678234702246,407.1601779644788,0.0,0.0,0.0,374.48754578794905,852.0
5286,83.2427,0.016609601525167498,8.80010061887259,8.969184823590448,440.00503094362944,0.0,0.0,0.0,365.7315157672199,852.0
5287,133.189,0.04337564171912933,9.3364203344556,23.42284652832984,466.82101672278,0.0,0.0,0.0,357.05486325110985,852.0
5288,166.4889,0.07330494060775662,9.167567014618866,39.58466792818858,458.3783507309433,0.0,0.0,0.0,331.4741186591319,852.0
5289,199.7853,0.09864972425230441,9.014078225367896,53.270851096244385,450.7039112683948,0.0,0.0,0.0,304.18946236463916,852.0
5290,233.0817,0.11642913263866651,9.410028542270272,62.871731624879914,470.5014271135136,0.0,0.0,0.0,300.2914587383935,852.0
5291,249.7316,0.12780832796761776,9.92105096655709,69.0164971025136,496.0525483278545,0.0,0.0,0.0,315.3374454303681,852.0
5292,249.7316,0.14322537258287585,10.08389349764589,77.34170119475296,504.1946748822945,0.0,0.0,0.0,331.80477607704756,852.0
5293,216.4318,0.14390714334951213,9.897242261074464,77.70985740873655,494.8621130537232,0.0,0.0,0.0,356.1401704624597,852.0
5294,199.7853,0.12742732494314482,9.493265513089908,68.8107554692982,474.66327565449535,0.0,0.0,0.0,343.68873112379356,852.0
5295,183.1354,0.0966777587700643,8.893326301158302,52.20598973583473,444.6663150579151,0.0,0.0,0.0,313.73690479374983,852.0
5296,166.4889,0.061194410636266905,8.755919767510203,33.04498174358413,437.79598837551015,0.0,0.0,0.0,304.35207011909426,852.0
5297,133.189,0.02483101958841139,9.327244423730836,13.40875057774215,466.3622211865418,0.0,0.0,0.0,346.58197176428394,852.0
5298,183.1354,0.0015868689657369335,10.686848833976835,0.8569092414979441,534.3424416988418,0.0,0.0,0.0,352.06395094033974,852.0
5299,199.7853,0.0,12.14209195366795,0.0,607.1045976833975,0.0,0.0,0.0,407.3192976833975,852.0
5300,183.1354,0.0,13.077554555552123,0.0,653.8777277776061,0.0,0.0,0.0,470.7423277776061,852.0
5301,149.839,0.0,12.829783404302262,0.0,641.4891702151131,0.0,0.0,0.0,491.65017021511306,852.0
5302,99.8926,0.0,11.969860938448981,0.0,598.493046922449,0.0,0.0,0.0,498.600446922449,852.0
5303,66.5962,0.0,11.177845131931605,0.0,558.8922565965802,0.0,0.0,0.0,492.2960565965802,852.0
5304,49.9463,0.0,10.122448979591837,0.0,506.12244897959187,0.0,0.0,0.0,456.17614897959186,852.0
5305,39.9557,0.0,8.844418380108108,0.0,442.2209190054054,0.0,0.0,0.0,402.2652190054054,852.0
5306,33.2964,0.0,7.793480484571427,0.0,389.67402422857134,0.0,0.0,0.0,356.37762422857134,852.0
5307,26.6371,0.0,7.250872105266409,0.0,362.54360526332044,0.0,0.0,0.0,335.90650526332047,852.0
5308,26.6371,0.0,7.274484749661337,0.0,363.7242374830668,0.0,0.0,0.0,337.08713748306684,852.0
5309,33.2964,0.0013540724688062727,6.974970904286819,0.7311991331553873,348.74854521434094,0.0,0.0,0.0,316.1833443474963,852.0
5310,83.2427,0.018454889233764545,6.894601848904578,9.965640186232855,344.73009244522893,0.0,0.0,0.0,271.4530326314618,852.0
5311,133.189,0.04752114779619871,7.32580507633315,25.661419809947304,366.2902538166575,0.0,0.0,0.0,258.76267362660485,852.0
5312,166.4889,0.07780030515487814,7.711589662640927,42.0121647836342,385.57948313204633,0.0,0.0,0.0,261.10274791568054,852.0
5313,199.7853,0.10067741167622242,8.398773863360178,54.36580230516011,419.9386931680089,0.0,0.0,0.0,274.519195473169,852.0
5314,233.0817,0.11436643949333042,9.405417555591837,61.75787732639842,470.27087777959184,0.0,0.0,0.0,298.9470551059903,852.0
5315,249.7316,0.1287223584145718,10.741837462804193,69.51007354386877,537.0918731402097,0.0,0.0,0.0,356.8703466840785,852.0
5316,249.7316,0.13792004294238341,11.884324383382243,74.47682318888704,594.2162191691122,0.0,0.0,0.0,418.9614423579992,852.0
5317,216.4318,0.13455099108421129,12.30496580253723,72.65753518547409,615.2482901268615,0.0,0.0,0.0,471.47402531233564,852.0
5318,199.7853,0.12090149018637067,12.201653918711527,65.28680470064016,610.0826959355763,0.0,0.0,0.0,475.58420063621645,852.0
5319,183.1354,0.0876103559601689,11.943089375382238,47.309592218491204,597.1544687691119,0.0,0.0,0.0,461.32866098760303,852.0
5320,166.4889,0.05243593912118631,11.927044505239936,28.31540712544061,596.3522252619968,0.0,0.0,0.0,458.1787323874374,852.0
5321,133.189,0.021150312683021952,11.756740801482628,11.421168848831856,587.8370400741314,0.0,0.0,0.0,466.0692089229633,852.0
5322,183.1354,0.0012347189932728959,11.7144048405957,0.6667482563673638,585.720242029785,0.0,0.0,0.0,403.25159028615235,852.0
5323,199.7853,0.0,11.535544120586872,0.0,576.7772060293436,0.0,0.0,0.0,376.99190602934357,852.0
5324,183.1354,0.0,11.19838894017871,0.0,559.9194470089354,0.0,0.0,0.0,376.78404700893543,852.0
5325,149.839,0.0,10.607179368525097,0.0,530.3589684262548,0.0,0.0,0.0,380.5199684262548,852.0
5326,99.8926,0.0,10.112801535293988,0.0,505.6400767646994,0.0,0.0,0.0,405.7474767646994,852.0
5327,66.5962,0.0,9.887728718402647,0.0,494.3864359201323,0.0,0.0,0.0,427.7902359201323,852.0
5328,49.9463,0.0,9.14036453171539,0.0,457.01822658576947,0.0,0.0,0.0,407.07192658576946,852.0
5329,39.9557,0.0,7.933906735020406,0.0,396.6953367510203,0.0,0.0,0.0,356.7396367510203,852.0
5330,33.2964,0.0,6.773211894857144,0.0,338.6605947428572,0.0,0.0,0.0,305.3641947428572,852.0
5331,26.6371,0.0,6.015422873239934,0.0,300.7711436619967,0.0,0.0,0.0,274.1340436619967,852.0
5332,26.6371,0.0,5.69039429764589,0.0,284.51971488229447,0.0,0.0,0.0,257.8826148822945,852.0
5333,33.2964,0.0009913903468639477,5.501812743730832,0.5353507873065317,275.0906371865416,0.0,0.0,0.0,242.3295879738481,852.0
5334,83.2427,0.014132213622189431,5.307159637568669,7.631395355982294,265.35798187843346,0.0,0.0,0.0,189.74667723441576,852.0
5335,133.189,0.03627587363288904,5.448618462217318,19.588971761760085,272.43092311086593,0.0,0.0,0.0,158.83089487262603,852.0
5336,166.4889,0.06209658267145844,5.789529611861004,33.53215464258756,289.47648059305016,0.0,0.0,0.0,156.5197352356377,852.0
5337,199.7853,0.09065706305492832,6.149867751536681,48.954814049661294,307.49338757683404,0.0,0.0,0.0,156.66290162649534,852.0
5338,233.0817,0.11246548859624936,6.493764835618313,60.73136384197465,324.68824178091563,0.0,0.0,0.0,152.33790562289028,852.0
5339,249.7316,0.12093910922526303,6.750595612911196,65.30711898164203,337.5297806455598,0.0,0.0,0.0,153.10529962720184,852.0
5340,249.7316,0.12996708092763204,7.13350484887369,70.18222370092131,356.6752424436845,0.0,0.0,0.0,177.12586614460585,852.0
5341,216.4318,0.1270411669908006,7.405186787618311,68.60223017503232,370.25933938091555,0.0,0.0,0.0,222.42976955594787,852.0
5342,199.7853,0.11513386628434788,7.695274666572531,62.17228779354785,384.76373332862653,0.0,0.0,0.0,247.1507211221744,852.0
5343,183.1354,0.08423874653601685,7.818150544873689,45.4889231294491,390.90752724368446,0.0,0.0,0.0,253.26105037313357,852.0
5344,166.4889,0.05115361230095518,8.193931127598454,27.622950642515796,409.6965563799227,0.0,0.0,0.0,270.83060702243847,852.0
5345,133.189,0.020276901671684423,9.194819410321013,10.94952690270959,459.74097051605065,0.0,0.0,0.0,337.5014974187602,852.0
5346,183.1354,0.0012445898053431226,10.68185859614782,0.6720784948852863,534.092929807391,0.0,0.0,0.0,351.6296083022763,852.0
5347,199.7853,0.0,12.255960297266412,0.0,612.7980148633206,0.0,0.0,0.0,413.01271486332064,852.0
5348,183.1354,0.0,13.768590314537231,0.0,688.4295157268616,0.0,0.0,0.0,505.2941157268616,852.0
5349,149.839,0.0,14.609557087699946,0.0,730.4778543849973,0.0,0.0,0.0,580.6388543849973,852.0
5350,99.8926,0.0,14.500435969306125,0.0,725.0217984653062,0.0,0.0,0.0,625.1291984653062,852.0
5351,66.5962,0.0,13.51259725096525,0.0,675.6298625482625,0.0,0.0,0.0,609.0336625482626,852.0
5352,49.9463,0.0,11.239547390587976,0.0,561.9773695293989,0.0,0.0,0.0,512.0310695293989,852.0
5353,39.9557,0.0,8.751509204262549,0.0,437.5754602131274,0.0,0.0,0.0,397.61976021312745,852.0
5354,33.2964,0.0,6.7430669584026495,0.0,337.1533479201325,0.0,0.0,0.0,303.8569479201325,852.0
5355,26.6371,0.0,5.741544827552126,0.0,287.0772413776063,0.0,0.0,0.0,260.4401413776063,852.0
5356,26.6371,0.0,5.5922684283552115,0.0,279.6134214177606,0.0,0.0,0.0,252.9763214177606,852.0
5357,33.2964,0.0011554981763675692,5.441990525564258,0.6239690152384874,272.0995262782129,0.0,0.0,0.0,239.42709529345143,852.0
5358,83.2427,0.01745784390685573,5.303895833239935,9.427235709702094,265.19479166199676,0.0,0.0,0.0,191.37932737169882,852.0
5359,133.189,0.04449990309297973,5.323496302455599,24.029947670209054,266.17481512277993,0.0,0.0,0.0,157.01576279298897,852.0
5360,166.4889,0.07682534195476011,5.642897476518476,41.485684655570466,282.1448738259238,0.0,0.0,0.0,157.1416584814943,852.0
5361,199.7853,0.10785564427007795,5.686993872555986,58.24204790584209,284.3496936277993,0.0,0.0,0.0,142.80644153364136,852.0
5362,233.0817,0.1294783084097051,5.468530719947049,69.91828654124075,273.42653599735246,0.0,0.0,0.0,110.26312253859322,852.0
5363,249.7316,0.13761414029984023,5.307159637568669,74.31163576191372,265.35798187843346,0.0,0.0,0.0,89.93801764034717,852.0
5364,249.7316,0.14815450685045622,5.425441411035852,80.00343369924637,271.2720705517926,0.0,0.0,0.0,101.54390425103898,852.0
5365,216.4318,0.14181624087387623,5.976833976833977,76.58077007189317,298.84169884169887,0.0,0.0,0.0,158.99066891359206,852.0
5366,199.7853,0.13239994422272958,6.998036719761719,71.49596988027398,349.9018359880859,0.0,0.0,0.0,221.6125058683599,852.0
5367,183.1354,0.09638027659622167,8.23635142474131,52.0453493619597,411.81757123706547,0.0,0.0,0.0,280.7275205990252,852.0
5368,166.4889,0.057774804257931696,9.544356011984556,31.198394299283116,477.2178005992278,0.0,0.0,0.0,341.9272948985109,852.0
5369,133.189,0.02256798649640329,10.877557244858245,12.186712708057778,543.8778622429122,0.0,0.0,0.0,422.8755749509701,852.0
5370,183.1354,0.001145782576772414,12.245086886054052,0.6187225914571036,612.2543443027026,0.0,0.0,0.0,429.7376668941597,852.0
5371,199.7853,0.0,12.436249366980695,0.0,621.8124683490347,0.0,0.0,0.0,422.0271683490347,852.0
5372,183.1354,0.0,11.7144048405957,0.0,585.720242029785,0.0,0.0,0.0,402.584842029785,852.0
5373,149.839,0.0,10.686848833976835,0.0,534.3424416988418,0.0,0.0,0.0,384.50344169884175,852.0
5374,99.8926,0.0,9.731573643931606,0.0,486.5786821965803,0.0,0.0,0.0,386.6860821965803,852.0
5375,66.5962,0.0,8.441840042996137,0.0,422.0920021498069,0.0,0.0,0.0,355.4958021498069,852.0
5376,49.9463,0.0,7.2390832079426355,0.0,361.9541603971318,0.0,0.0,0.0,312.00786039713176,852.0
5377,39.9557,0.0,6.029491790402647,0.0,301.4745895201323,0.0,0.0,0.0,261.51888952013235,852.0
5378,33.2964,0.0,5.062446426510755,0.0,253.12232132553777,0.0,0.0,0.0,219.82592132553776,852.0
5379,26.6371,0.0,4.772099879077771,0.0,238.60499395388857,0.0,0.0,0.0,211.96789395388856,852.0
5380,26.6371,0.0,4.945740126429123,0.0,247.28700632145615,0.0,0.0,0.0,220.64990632145614,852.0
5381,33.2964,0.0011772876968184685,5.258325927077771,0.635735356281973,262.9162963538886,0.0,0.0,0.0,230.25563171017058,852.0
5382,83.2427,0.019208203459295532,5.528523919567566,10.372429868019587,276.4261959783783,0.0,0.0,0.0,203.55592584639788,852.0
5383,133.189,0.0493527468790213,5.868875365348043,26.650483314671504,293.44376826740216,0.0,0.0,0.0,186.90525158207365,852.0
5384,166.4889,0.08235570755057584,5.959342301158301,44.47208207731095,297.96711505791507,0.0,0.0,0.0,175.95029713522604,852.0
5385,199.7853,0.11388895276575443,6.124968669405405,61.5000344935074,306.24843347027024,0.0,0.0,0.0,167.96316796377766,852.0
5386,233.0817,0.13259434683907537,6.293304965259791,71.60094729310069,314.66524826298956,0.0,0.0,0.0,153.1844955560902,852.0
5387,249.7316,0.15081997860695479,6.675536125564258,81.44278844775559,333.7768062782129,0.0,0.0,0.0,165.4879947259685,852.0
5388,249.7316,0.1538650467700391,7.30604062369112,83.0871252558211,365.30203118455603,0.0,0.0,0.0,198.65755644037714,852.0
5389,216.4318,0.14243244575698125,8.278905878309985,76.91352070876988,413.94529391549924,0.0,0.0,0.0,274.42701462426913,852.0
5390,199.7853,0.12682843760070373,9.479361184123553,68.48735630438001,473.96805920617766,0.0,0.0,0.0,342.6701155105577,852.0
5391,183.1354,0.09226824749049958,10.47850815283398,49.824853644869776,523.9254076416989,0.0,0.0,0.0,390.6148612865687,852.0
5392,166.4889,0.055093834779979686,11.08058400642471,29.750670781189033,554.0292003212355,0.0,0.0,0.0,417.2909711024245,852.0
5393,133.189,0.021773424371359547,11.36877735462548,11.757649160534156,568.4388677312741,0.0,0.0,0.0,447.0075168918082,852.0
5394,183.1354,0.0010438152964138189,11.709119581476008,0.5636602600634621,585.4559790738004,0.0,0.0,0.0,402.8842393338639,852.0
5395,199.7853,0.0,12.668110703444013,0.0,633.4055351722006,0.0,0.0,0.0,433.62023517220064,852.0
5396,183.1354,0.0,13.20826375741423,0.0,660.4131878707115,0.0,0.0,0.0,477.27778787071145,852.0
5397,149.839,0.0,12.701454234016547,0.0,635.0727117008273,0.0,0.0,0.0,485.2337117008273,852.0
5398,99.8926,0.0,11.777944729239934,0.0,588.8972364619967,0.0,0.0,0.0,489.0046364619967,852.0
5399,66.5962,0.0,10.933155828138995,0.0,546.6577914069497,0.0,0.0,0.0,480.06159140694973,852.0
5400,49.9463,0.0,10.57244080531274,0.0,528.622040265637,0.0,0.0,0.0,478.675740265637,852.0
5401,39.9557,0.0,9.783454070433537,0.0,489.17270352167685,0.0,0.0,0.0,449.2170035216769,852.0
5402,33.2964,0.0,9.38698758156426,0.0,469.34937907821296,0.0,0.0,0.0,436.05297907821296,852.0
5403,26.6371,0.0,9.433104445281852,0.0,471.65522226409263,0.0,0.0,0.0,445.01812226409265,852.0
5404,26.6371,0.0,8.866628668116935,0.0,443.3314334058467,0.0,0.0,0.0,416.69433340584675,852.0
5405,33.2964,0.0011909990794936422,7.650516794069497,0.6431395029265669,382.52583970347484,0.0,0.0,0.0,349.8725792064014,852.0
5406,83.2427,0.01922355455688236,6.468042770321013,10.380719460716476,323.4021385160506,0.0,0.0,0.0,250.5401579767671,852.0
5407,133.189,0.04912497778877688,6.061218305976834,26.527488005939514,303.06091529884173,0.0,0.0,0.0,196.39940330478126,852.0
5408,166.4889,0.08282526953427395,6.207006054054055,44.725645548507934,310.3503027027028,0.0,0.0,0.0,188.58704825121072,852.0
5409,199.7853,0.11922219708645515,6.630742221414231,64.37998642668578,331.53711107071155,0.0,0.0,0.0,196.13179749739732,852.0
5410,233.0817,0.14375430317039675,6.990343009853281,77.62732371201425,349.51715049266403,0.0,0.0,0.0,194.06277420467825,852.0
5411,249.7316,0.1490221706520329,7.30604062369112,80.47197215209778,365.30203118455603,0.0,0.0,0.0,196.0424033366538,852.0
5412,249.7316,0.16081717297538287,7.859372965348041,86.84127340670675,392.96864826740205,0.0,0.0,0.0,230.07832167410882,852.0
5413,216.4318,0.15298055272843147,8.506692828169884,82.609498473353,425.3346414084942,0.0,0.0,0.0,291.51233988184714,852.0
5414,199.7853,0.15199262532792507,9.62832517633977,82.07601767707955,481.4162588169885,0.0,0.0,0.0,363.70697649406804,852.0
5415,183.1354,0.1112950406021298,10.622089079598458,60.09932192515009,531.1044539799229,0.0,0.0,0.0,408.068375905073,852.0
5416,166.4889,0.06554092340954057,11.224101899119692,35.39209864115191,561.2050949559846,0.0,0.0,0.0,430.10829359713654,852.0
5417,133.189,0.02381544734750924,11.751443565290678,12.86034156765499,587.5721782645339,0.0,0.0,0.0,467.243519832189,852.0
5418,183.1354,0.0011067601232419197,12.104284243027026,0.5976504665506367,605.2142121513513,0.0,0.0,0.0,422.67646261790185,852.0
5419,199.7853,0.0,12.20707773257143,0.0,610.3538866285714,0.0,0.0,0.0,410.56858662857144,852.0
5420,183.1354,0.0,12.098889190618861,0.0,604.944459530943,0.0,0.0,0.0,421.80905953094305,852.0
5421,149.839,0.0,11.975219769892995,0.0,598.7609884946497,0.0,0.0,0.0,448.9219884946497,852.0
5422,99.8926,0.0,11.332499714965252,0.0,566.6249857482626,0.0,0.0,0.0,466.7323857482626,852.0
5423,66.5962,0.0,9.726865719598454,0.0,486.3432859799227,0.0,0.0,0.0,419.7470859799227,852.0
5424,49.9463,0.0,9.181186970510758,0.0,459.0593485255379,0.0,0.0,0.0,409.1130485255379,852.0
5425,39.9557,0.0,9.722159207360178,0.0,486.1079603680089,0.0,0.0,0.0,446.1522603680089,852.0
5426,33.2964,0.0,10.002266409266406,0.0,500.1133204633203,0.0,0.0,0.0,466.8169204633203,852.0
5427,26.6371,0.0,9.887728718402647,0.0,494.3864359201323,0.0,0.0,0.0,467.74933592013235,852.0
5428,26.6371,0.0,9.511824240432434,0.0,475.5912120216217,0.0,0.0,0.0,448.9541120216217,852.0
5429,33.2964,0.0012525845937483183,9.18572972972973,0.6763956806240918,459.28648648648647,0.0,0.0,0.0,426.66648216711053,852.0
5430,83.2427,0.021242385109209606,8.021406012116934,11.470887958973186,401.0703006058467,0.0,0.0,0.0,329.2984885648199,852.0
5431,133.189,0.056925283904191125,7.117943329429675,30.739653308263208,355.89716647148373,0.0,0.0,0.0,253.44781977974694,852.0
5432,166.4889,0.09658900427625154,6.906048778872585,52.15806230917583,345.3024389436293,0.0,0.0,0.0,230.9716012528051,852.0
5433,199.7853,0.13260119535977605,7.044306285714286,71.60464549427907,352.21531428571427,0.0,0.0,0.0,224.03465977999332,852.0
5434,233.0817,0.15416427242606073,7.345601892571428,83.2487071100728,367.28009462857136,0.0,0.0,0.0,217.44710173864416,852.0
5435,249.7316,0.18287468045977762,7.525233968997242,98.75232744827991,376.2616984498621,0.0,0.0,0.0,225.282425898142,852.0
5436,249.7316,0.17430188271145003,7.7975888622702705,94.12301666418303,389.8794431135135,0.0,0.0,0.0,234.27085977769653,852.0
5437,216.4318,0.15873686565826278,8.185463148302262,85.7179074554619,409.2731574151131,0.0,0.0,0.0,278.55926487057496,852.0
5438,199.7853,0.14531197221827433,8.893326301158302,78.46846499786814,444.6663150579151,0.0,0.0,0.0,323.34948005578326,852.0
5439,183.1354,0.10534971775153965,9.30890932714396,56.88884758583141,465.445466357198,0.0,0.0,0.0,339.1989139430294,852.0
5440,166.4889,0.062240098980507134,9.530405405405405,33.60965344947385,476.52027027027026,0.0,0.0,0.0,343.6410237197441,852.0
5441,133.189,0.023709032452050752,9.816557991607281,12.802877524107405,490.82789958036403,0.0,0.0,0.0,370.4417771044715,852.0
5442,183.1354,0.001009939166884769,10.248386773780473,0.5453671501177753,512.4193386890237,0.0,0.0,0.0,329.8293058391414,852.0
5443,199.7853,0.0,10.336142585645888,0.0,516.8071292822945,0.0,0.0,0.0,317.02182928229445,852.0
5444,183.1354,0.0,10.002266409266406,0.0,500.1133204633203,0.0,0.0,0.0,316.9779204633203,852.0
5445,149.839,0.0,9.93058439271925,0.0,496.52921963596253,0.0,0.0,0.0,346.69021963596253,852.0
5446,99.8926,0.0,9.281448469003859,0.0,464.07242345019296,0.0,0.0,0.0,364.17982345019294,852.0
5447,66.5962,0.0,8.189696468333151,0.0,409.48482341665755,0.0,0.0,0.0,342.88862341665754,852.0
5448,49.9463,0.0,7.497118107004964,0.0,374.85590535024824,0.0,0.0,0.0,324.9096053502482,852.0
5449,39.9557,0.0,6.9864980694980705,0.0,349.3249034749035,0.0,0.0,0.0,309.36920347490354,852.0
5450,33.2964,0.0,6.653116538881414,0.0,332.6558269440707,0.0,0.0,0.0,299.3594269440707,852.0
5451,26.6371,0.0,6.376676498285715,0.0,318.83382491428574,0.0,0.0,0.0,292.19672491428577,852.0
5452,26.6371,0.0,6.047105412024268,0.0,302.3552706012134,0.0,0.0,0.0,275.71817060121344,852.0
5453,33.2964,0.0009677682274739639,5.255079736339767,0.5225948428359405,262.75398681698834,0.0,0.0,0.0,229.98018165982427,852.0
5454,83.2427,0.017135546853106233,4.278245676796469,9.253195300677366,213.91228383982343,0.0,0.0,0.0,139.92277914050078,852.0
5455,133.189,0.044487346883634,4.059565149476006,24.023167317162365,202.97825747380028,0.0,0.0,0.0,93.81242479096267,852.0
5456,166.4889,0.07627783444535513,4.527257932108107,41.190030600491774,226.36289660540535,0.0,0.0,0.0,101.0640272058971,852.0
5457,199.7853,0.10630477438572142,4.84917382678875,57.40457816828957,242.4586913394375,0.0,0.0,0.0,100.07796950772706,852.0
5458,233.0817,0.1353375166564727,4.864674417985659,73.08225899449526,243.23372089928296,0.0,0.0,0.0,83.2342798937782,852.0
5459,249.7316,0.1476951029517482,4.867777974857142,79.75535559394403,243.3888987428571,0.0,0.0,0.0,73.41265433680113,852.0
5460,249.7316,0.1448980943767245,4.824432432432434,78.24497096343123,241.2216216216217,0.0,0.0,0.0,69.73499258505294,852.0
5461,216.4318,0.14332951500544605,4.914469051128517,77.39793810294087,245.72345255642585,0.0,0.0,0.0,106.68959065936673,852.0
5462,199.7853,0.12662443694758907,5.129390790001103,68.3771959516981,256.46953950005513,0.0,0.0,0.0,125.06143545175325,852.0
5463,183.1354,0.09012915784632906,5.538560241738555,48.6697452370177,276.92801208692777,0.0,0.0,0.0,142.46235732394547,852.0
5464,166.4889,0.05322449129737264,6.589840061776061,28.741225300581227,329.4920030888031,0.0,0.0,0.0,191.7443283893843,852.0
5465,133.189,0.019097972715508605,7.78937342598566,10.312905266374647,389.468671299283,0.0,0.0,0.0,266.5925765656576,852.0
5466,183.1354,0.0008811195792215003,8.55879451707446,0.47580457277961014,427.939725853723,0.0,0.0,0.0,245.28013042650264,852.0
5467,199.7853,0.0,11.024517668147823,0.0,551.2258834073912,0.0,0.0,0.0,351.44058340739116,852.0
5468,183.1354,0.0,13.20826375741423,0.0,660.4131878707115,0.0,0.0,0.0,477.27778787071145,852.0
5469,149.839,0.0,12.25052283287369,0.0,612.5261416436845,0.0,0.0,0.0,462.68714164368447,852.0
5470,99.8926,0.0,10.807051238618866,0.0,540.3525619309434,0.0,0.0,0.0,440.45996193094334,852.0
5471,66.5962,0.0,10.18045379734804,0.0,509.022689867402,0.0,0.0,0.0,442.426489867402,852.0
5472,49.9463,0.0,9.826028996694978,0.0,491.3014498347489,0.0,0.0,0.0,441.3551498347489,852.0
5473,39.9557,0.0,8.676738571861002,0.0,433.83692859305006,0.0,0.0,0.0,393.8812285930501,852.0
5474,33.2964,0.0,7.904870384997242,0.0,395.2435192498621,0.0,0.0,0.0,361.9471192498621,852.0
5475,26.6371,0.0,7.7811632653061205,0.0,389.058163265306,0.0,0.0,0.0,362.42106326530603,852.0
5476,26.6371,0.0,7.246941182587974,0.0,362.3470591293987,0.0,0.0,0.0,335.7099591293987,852.0
5477,33.2964,0.0009756066304309858,7.1568856572399335,0.5268275804327323,357.8442828619967,0.0,0.0,0.0,325.0747104424294,852.0
5478,83.2427,0.017968092922559215,7.896586211653614,9.702770178181975,394.8293105826807,0.0,0.0,0.0,321.2893807608627,852.0
5479,133.189,0.04730804981864169,8.795676376286817,25.546346902066514,439.78381881434086,0.0,0.0,0.0,332.1411657164074,852.0
5480,166.4889,0.07951628232983808,9.863969695699943,42.938792458112566,493.19848478499716,0.0,0.0,0.0,369.6483772431097,852.0
5481,199.7853,0.11748877206863738,11.799172639947052,63.44393691706419,589.9586319973527,0.0,0.0,0.0,453.61726891441685,852.0
5482,233.0817,0.14208646322956078,14.241854614239383,76.72669014396283,712.0927307119691,0.0,0.0,0.0,555.7377208559319,852.0
5483,249.7316,0.15123883778272476,14.134485954718151,81.66897240267137,706.7242977359076,0.0,0.0,0.0,538.661670138579,852.0
5484,249.7316,0.1561177572866163,12.885832613348045,84.30358893477282,644.2916306674023,0.0,0.0,0.0,478.86361960217516,852.0
5485,216.4318,0.1478528226514232,11.551256579953668,79.84052423176853,577.5628289976834,0.0,0.0,0.0,440.9715532294519,852.0
5486,199.7853,0.1357599323216373,11.152198548015443,73.31036345368415,557.6099274007721,0.0,0.0,0.0,431.1349908544562,852.0
5487,183.1354,0.09951171789971222,11.76733976833977,53.7363276658446,588.3669884169885,0.0,0.0,0.0,458.9679160828331,852.0
5488,166.4889,0.057822963917109144,12.852184598309984,31.22440051523894,642.6092299154992,0.0,0.0,0.0,507.34473043073814,852.0
5489,133.189,0.020873221934372525,14.098810775510206,11.271539844561163,704.9405387755103,0.0,0.0,0.0,583.0230786200715,852.0
5490,183.1354,0.0008542371106300756,15.58984319777606,0.4612880397402408,779.492159888803,0.0,0.0,0.0,596.8180479285433,852.0
5491,199.7853,0.0,17.11030397161831,0.0,855.5151985809156,0.0,0.0,0.0,655.7298985809156,852.0
5492,183.1354,0.0,18.144415227375628,0.0,907.2207613687814,0.0,0.0,0.0,724.0853613687814,852.0
5493,149.839,0.0,17.76325186816988,0.0,888.1625934084941,0.0,0.0,0.0,738.3235934084942,852.0
5494,99.8926,0.0,17.00299613899614,0.0,850.1498069498069,0.0,0.0,0.0,750.2572069498069,852.0
5495,66.5962,0.0,16.19239689471153,0.0,809.6198447355764,0.0,0.0,0.0,743.0236447355765,852.0
5496,49.9463,0.0,15.16920760890458,0.0,758.460380445229,0.0,0.0,0.0,708.5140804452291,852.0
5497,39.9557,0.0,13.86831214035521,0.0,693.4156070177605,0.0,0.0,0.0,653.4599070177605,852.0
5498,33.2964,0.0,12.261399279444014,0.0,613.0699639722006,0.0,0.0,0.0,579.7735639722007,852.0
5499,26.6371,0.0,11.399930285714285,0.0,569.9965142857143,0.0,0.0,0.0,543.3594142857143,852.0
5500,26.6371,0.0,11.218956355212354,0.0,560.9478177606177,0.0,0.0,0.0,534.3107177606176,852.0
5501,33.2964,0.0012305158367964778,11.540780117568671,0.6644785518700981,577.0390058784335,0.0,0.0,0.0,544.4070844303036,852.0
5502,83.2427,0.02352127404260079,12.212503062309986,12.701487983004426,610.6251531154993,0.0,0.0,0.0,540.0839410985037,852.0
5503,133.189,0.06391795942222916,13.44330763691561,34.51569808800375,672.1653818457805,0.0,0.0,0.0,573.4920799337843,852.0
5504,166.4889,0.10788509338500926,14.713093213476004,58.257950427904994,735.6546606738002,0.0,0.0,0.0,627.4237111017053,852.0
5505,199.7853,0.14320891478023137,14.774213831942639,77.33281398132495,738.7106915971319,0.0,0.0,0.0,616.2582055784569,852.0
5506,233.0817,0.15446091405849097,14.482299568503034,83.40889359158511,724.1149784251517,0.0,0.0,0.0,574.4421720167368,852.0
5507,249.7316,0.16462675739596266,14.206007828333151,88.89844899381984,710.3003914166576,0.0,0.0,0.0,549.4672404104775,852.0
5508,249.7316,0.16630722537567408,14.409897904926638,89.805901702864,720.4948952463319,0.0,0.0,0.0,560.569196949196,852.0
5509,216.4318,0.15734326004066584,14.591334168710427,84.96536042195956,729.5667084355214,0.0,0.0,0.0,598.1002688574808,852.0
5510,199.7853,0.1391916450154082,14.307722559293993,75.16348830832042,715.3861279646997,0.0,0.0,0.0,590.7643162730201,852.0
5511,183.1354,0.09882907094409411,13.145648255082182,53.36769830981082,657.2824127541091,0.0,0.0,0.0,527.51471106392,852.0
5512,166.4889,0.05769066585926045,13.316860858810811,31.152959564000646,665.8430429405405,0.0,0.0,0.0,530.5071025045411,852.0
5513,133.189,0.02054367744469273,15.144326231545504,11.093585820134074,757.2163115772752,0.0,0.0,0.0,635.1208973974093,852.0
5514,183.1354,0.000837713652957974,17.922017045780482,0.4523653725973059,896.1008522890241,0.0,0.0,0.0,713.4178176616215,852.0
5515,199.7853,0.0,19.809883553853282,0.0,990.4941776926642,0.0,0.0,0.0,790.7088776926641,852.0
5516,183.1354,0.0,20.647805005837842,0.0,1032.390250291892,0.0,0.0,0.0,849.254850291892,852.0
5517,149.839,0.0,21.523776613348037,0.0,1076.1888306674018,0.0,0.0,0.0,926.3498306674019,852.0
5518,99.8926,0.0,20.61749392142968,0.0,1030.874696071484,0.0,0.0,0.0,930.9820960714841,852.0
5519,66.5962,0.0,18.573244108178717,0.0,928.6622054089358,0.0,0.0,0.0,862.0660054089359,852.0
5520,49.9463,0.0,16.309445158301155,0.0,815.4722579150578,0.0,0.0,0.0,765.5259579150578,852.0
5521,39.9557,0.0,14.301726599413126,0.0,715.0863299706563,0.0,0.0,0.0,675.1306299706563,852.0
5522,33.2964,0.0,12.818592047020408,0.0,640.9296023510204,0.0,0.0,0.0,607.6332023510205,852.0
5523,26.6371,0.0,11.94844067614782,0.0,597.422033807391,0.0,0.0,0.0,570.784933807391,852.0
5524,26.6371,0.0,12.061166137892993,0.0,603.0583068946496,0.0,0.0,0.0,576.4212068946496,852.0
5525,33.2964,0.001008738493204562,12.201653918711527,0.5447187863304634,610.0826959355763,0.0,0.0,0.0,577.3310147219069,852.0
5526,83.2427,0.01868265079672923,12.584993329985657,10.088631430233784,629.2496664992829,0.0,0.0,0.0,556.0955979295167,852.0
5527,133.189,0.0496222302665732,12.807406847293986,26.796004343949527,640.3703423646994,0.0,0.0,0.0,533.977346708649,852.0
5528,166.4889,0.08139499148611176,12.15290777356426,43.95329540250035,607.6453886782131,0.0,0.0,0.0,485.1097840807134,852.0
5529,199.7853,0.11732082927954102,11.916355449822392,63.35324781095215,595.8177724911196,0.0,0.0,0.0,459.3857203020717,852.0
5530,233.0817,0.14062876202978294,12.852184598309984,75.9395314960828,642.6092299154992,0.0,0.0,0.0,485.46706141158205,852.0
5531,249.7316,0.15551824566479375,13.408747237877549,83.97985265898863,670.4373618938774,0.0,0.0,0.0,504.6856145528661,852.0
5532,249.7316,0.15788973936213446,13.82132747250303,85.26045925555262,691.0663736251515,0.0,0.0,0.0,526.5952328807042,852.0
5533,216.4318,0.14904242951469632,13.992127719289577,80.48291193793601,699.6063859644788,0.0,0.0,0.0,563.6574979024149,852.0
5534,199.7853,0.13201420842285236,13.891842343077773,71.28767254834027,694.5921171538887,0.0,0.0,0.0,566.094489702229,852.0
5535,183.1354,0.09287553818661906,13.710143047730835,50.1527906207743,685.5071523865417,0.0,0.0,0.0,552.5245430073161,852.0
5536,166.4889,0.05313426920247603,13.885957424432432,28.692505369337056,694.2978712216216,0.0,0.0,0.0,556.5014765909586,852.0
5537,133.189,0.019040654102293417,14.313720112997242,10.281953215238447,715.6860056498621,0.0,0.0,0.0,592.7789588651005,852.0
5538,183.1354,0.0006748888248114418,14.16425892998566,0.3644399653981786,708.212946499283,0.0,0.0,0.0,525.4419864646812,852.0
5539,199.7853,0.0,13.40299263756426,0.0,670.149631878213,0.0,0.0,0.0,470.36433187821297,852.0
5540,183.1354,0.0,12.163729648503034,0.0,608.1864824251517,0.0,0.0,0.0,425.05108242515166,852.0
5541,149.839,0.0,12.147499106841698,0.0,607.374955342085,0.0,0.0,0.0,457.53595534208495,852.0
5542,99.8926,0.0,13.454840269167127,0.0,672.7420134583564,0.0,0.0,0.0,572.8494134583564,852.0
5543,66.5962,0.0,13.733503073429674,0.0,686.6751536714837,0.0,0.0,0.0,620.0789536714838,852.0
5544,49.9463,0.0,12.551842841698841,0.0,627.592142084942,0.0,0.0,0.0,577.645842084942,852.0
5545,39.9557,0.0,9.973555184432435,0.0,498.6777592216217,0.0,0.0,0.0,458.72205922162175,852.0
5546,33.2964,0.0,8.37729139725979,0.0,418.8645698629895,0.0,0.0,0.0,385.5681698629895,852.0
5547,26.6371,0.0,7.302091614464423,0.0,365.10458072322115,0.0,0.0,0.0,338.4674807232212,852.0
5548,26.6371,0.0,6.260859552123553,0.0,313.04297760617766,0.0,0.0,0.0,286.4058776061777,852.0
5549,33.2964,0.000955774677398696,6.2644596559426375,0.5161183257952958,313.22298279713186,0.0,0.0,0.0,280.44270112292713,852.0
5550,83.2427,0.01795572510497124,6.8451305997837855,9.69609155668447,342.2565299891893,0.0,0.0,0.0,268.7099215458737,852.0
5551,133.189,0.04833854811190272,7.286308508169885,26.10281598042747,364.31542540849426,0.0,0.0,0.0,257.22924138892176,852.0
5552,166.4889,0.08193131716352942,7.646455771004964,44.24291126830589,382.3227885502482,0.0,0.0,0.0,260.0767998185541,852.0
5553,199.7853,0.11122205194799023,7.892446111699944,60.059908051914725,394.6223055849972,0.0,0.0,0.0,254.8969136369119,852.0
5554,233.0817,0.1310861080261579,7.896586211653614,70.78649833412526,394.8293105826807,0.0,0.0,0.0,232.53410891680596,852.0
5555,249.7316,0.1362782951450628,7.82638445911969,73.5902793783339,391.3192229559845,0.0,0.0,0.0,215.17790233431842,852.0
5556,249.7316,0.14031949900480747,7.871765470640926,75.77252946259604,393.5882735320463,0.0,0.0,0.0,219.62920299464233,852.0
5557,216.4318,0.13593964173928316,7.933906735020406,73.4074065392129,396.6953367510203,0.0,0.0,0.0,253.6709432902332,852.0
5558,199.7853,0.11575616099812507,7.896586211653614,62.50832693898754,394.8293105826807,0.0,0.0,0.0,257.5523375216682,852.0
5559,183.1354,0.08033461352453009,7.938060088586872,43.380691303246245,396.9030044293436,0.0,0.0,0.0,257.1482957325898,852.0
5560,166.4889,0.04897498321671076,8.381585192525097,26.44649093702381,419.0792596262549,0.0,0.0,0.0,279.03685056327873,852.0
5561,133.189,0.01809550264546811,9.226677017239934,9.771571428552779,461.3338508619967,0.0,0.0,0.0,337.91642229054946,852.0
5562,183.1354,0.0006004816872085052,10.141761025976832,0.32426011109259284,507.0880512988416,0.0,0.0,0.0,324.2769114099342,852.0
5563,199.7853,0.0,10.686848833976835,0.0,534.3424416988418,0.0,0.0,0.0,334.55714169884175,852.0
5564,183.1354,0.0,10.592282713239934,0.0,529.6141356619967,0.0,0.0,0.0,346.47873566199667,852.0
5565,149.839,0.0,10.297082516262547,0.0,514.8541258131273,0.0,0.0,0.0,365.0151258131273,852.0
5566,99.8926,0.0,9.774008542146715,0.0,488.70042710733577,0.0,0.0,0.0,388.80782710733575,852.0
5567,66.5962,0.0,8.338707899375617,0.0,416.9353949687808,0.0,0.0,0.0,350.3391949687808,852.0
5568,49.9463,0.0,7.086881876262549,0.0,354.3440938131274,0.0,0.0,0.0,304.3977938131274,852.0
5569,39.9557,0.0,6.260859552123553,0.0,313.04297760617766,0.0,0.0,0.0,273.0872776061777,852.0
5570,33.2964,0.0,5.588902719576392,0.0,279.4451359788196,0.0,0.0,0.0,246.14873597881962,852.0
5571,26.6371,0.0,5.3759714953601785,0.0,268.7985747680089,0.0,0.0,0.0,242.1614747680089,852.0
5572,26.6371,0.0,5.142200251552125,0.0,257.11001257760626,0.0,0.0,0.0,230.47291257760625,852.0
5573,33.2964,0.0009176887866913448,4.626112578047435,0.49555194481332626,231.30562890237175,0.0,0.0,0.0,198.50478084718506,852.0
5574,83.2427,0.018433094138420047,4.341924921575289,9.953870834746827,217.09624607876444,0.0,0.0,0.0,143.80741691351125,852.0
5575,133.189,0.049396622586385226,4.382727564108109,26.67417619664802,219.13637820540544,0.0,0.0,0.0,112.62155440205348,852.0
5576,166.4889,0.08195712901863522,5.103827739004964,44.25684967006302,255.1913869502482,0.0,0.0,0.0,132.9593366203112,852.0
5577,199.7853,0.1133750700252808,5.498479196911197,61.222537813651634,274.92395984555986,0.0,0.0,0.0,136.36119765921148,852.0
5578,233.0817,0.1392118612456162,5.461888557714286,75.17440507263275,273.0944278857143,0.0,0.0,0.0,115.18713295834704,852.0
5579,249.7316,0.15219030119945276,5.558665042321015,82.1827626477045,277.9332521160507,0.0,0.0,0.0,110.38441476375519,852.0
5580,249.7316,0.1491765412194405,5.851571868734695,80.55533225849787,292.57859343673476,0.0,0.0,0.0,123.40232569523263,852.0
5581,216.4318,0.14279265753856482,6.224926393822395,77.10803507082501,311.24631969111977,0.0,0.0,0.0,171.92255476194475,852.0
5582,199.7853,0.12546161535736206,6.679277127730833,67.74927229297552,333.96385638654164,0.0,0.0,0.0,201.92782867951712,852.0
5583,183.1354,0.08655954741765981,6.724267413250966,46.742155605536304,336.2133706625483,0.0,0.0,0.0,199.8201262680846,852.0
5584,166.4889,0.05045144638013597,6.761898067591837,27.243781045273423,338.09490337959187,0.0,0.0,0.0,198.84978442486528,852.0
5585,133.189,0.01948382671380053,6.940458261780473,10.521266425452286,347.0229130890237,0.0,0.0,0.0,224.35517951447596,852.0
5586,183.1354,0.0001929200047263414,7.071381915428571,0.10417680255222436,353.5690957714285,0.0,0.0,0.0,170.53787257398074,852.0
5587,199.7853,0.0,7.102402343077771,0.0,355.12011715388854,0.0,0.0,0.0,155.33481715388854,852.0
5588,183.1354,0.0,7.06751012769112,0.0,353.375506384556,0.0,0.0,0.0,170.240106384556,852.0
5589,149.839,0.0,7.121831783783781,0.0,356.09158918918905,0.0,0.0,0.0,206.25258918918905,852.0
5590,99.8926,0.0,6.971131067128517,0.0,348.5565533564258,0.0,0.0,0.0,248.6639533564258,852.0
5591,66.5962,0.0,6.575004180333151,0.0,328.75020901665755,0.0,0.0,0.0,262.15400901665754,852.0
5592,49.9463,0.0,6.160557206239381,0.0,308.02786031196905,0.0,0.0,0.0,258.08156031196904,852.0
5593,39.9557,0.0,5.425441411035852,0.0,271.2720705517926,0.0,0.0,0.0,231.31637055179257,852.0
5594,33.2964,0.0,4.333209813780473,0.0,216.66049068902367,0.0,0.0,0.0,183.36409068902367,852.0
5595,26.6371,0.0,3.290605963119692,0.0,164.53029815598458,0.0,0.0,0.0,137.89319815598458,852.0
5596,26.6371,0.0,2.8449954681787095,0.0,142.24977340893548,0.0,0.0,0.0,115.61267340893548,852.0
5597,33.2964,0.00094212699880297,2.5626266176458903,0.5087485793536037,128.13133088229452,0.0,0.0,0.0,95.34367946164812,852.0
5598,83.2427,0.018936840003376906,2.019964943567567,10.225893601823529,100.99824717837835,0.0,0.0,0.0,27.98144078020188,852.0
5599,133.189,0.052867988865870894,1.663380015444016,28.54871398757028,83.1690007722008,21.47128524022891,0.0,0.0,0.0,850.5671481321168
5600,166.4889,0.09109544882615563,1.518325584061776,49.19154236612404,75.9162792030888,41.381078430787156,0.0,0.0,0.0,847.8056480700022
5601,199.7853,0.12692595254067787,1.4315307272895752,68.54001437196605,71.57653636447876,59.66874926355518,0.0,0.0,0.0,843.8237495539158
5602,233.0817,0.1428461770515718,1.5489016567104252,77.13693560784877,77.44508283552126,77.4,1.0996815566299745,0.0,0.0,838.6585843887507
5603,249.7316,0.15405499441719658,1.9319729097142861,83.18969698528615,96.59864548571431,69.94325752899951,0.0,0.0,0.0,833.9910330020974
5604,249.7316,0.15231454158373947,2.3473194521698844,82.24985245521931,117.36597260849422,50.11577493628644,0.0,0.0,0.0,830.6466369436198
5605,216.4318,0.14474998347822843,2.769543413127413,78.16499107824335,138.47717065637065,0.0,0.0,0.0,0.0,830.6506167602206
5606,199.7853,0.1253523368493218,3.3355934204258135,67.69026189863376,166.77967102129068,0.0,0.0,0.0,0.0,831.3068125181651
5607,183.1354,0.08825249786849815,3.8256561765030326,47.656348848989,191.28280882515162,0.0,0.0,0.0,0.0,832.3625592849731
5608,166.4889,0.052606087603535204,4.246606749158302,28.40728730590901,212.3303374579151,0.0,0.0,0.0,0.0,833.7672648886131
5609,133.189,0.0195354128857731,4.590023457853284,10.549122958317474,229.5011728926642,0.0,0.0,0.0,0.0,835.7889650803885
5610,183.1354,0.0,4.936346717476006,0.0,246.8173358738003,0.0,0.0,0.0,0.0,836.9937584617848
5611,199.7853,0.0,5.300633204633204,0.0,265.0316602316602,0.0,0.0,0.0,0.0,838.2281490607621
5612,183.1354,0.0,5.505147478980695,0.0,275.25737394903473,0.0,0.0,0.0,0.0,839.9709972165547
5613,149.839,0.0,5.983839170718146,0.0,299.1919585359073,0.0,0.0,0.0,40.46406964701842,842.0310572766148
5614,99.8926,0.0,6.358496469250966,0.0,317.92482346254826,0.0,0.0,0.0,109.14333457365936,844.0911173366749
5615,66.5962,0.0,6.391242868915609,0.0,319.56214344578046,0.0,0.0,0.0,144.07705455689157,846.151177396735
5616,49.9463,0.0,5.907049690016549,0.0,295.3524845008274,0.0,0.0,0.0,136.51729561193852,848.2112374567951
5617,39.9557,0.0,5.219448979591839,0.0,260.97244897959195,0.0,0.0,0.0,112.12786009070305,850.2712975168552
5618,33.2964,0.0,4.548124650996139,0.0,227.40623254980696,0.0,0.0,0.0,102.73555844072237,852.0
5619,26.6371,0.0,3.904584496997241,0.0,195.22922484986205,0.0,0.0,0.0,168.59212484986205,852.0
5620,26.6371,0.0,3.285627920061777,0.0,164.28139600308884,0.0,0.0,0.0,137.64429600308884,852.0
5621,33.2964,0.0010411356950551214,2.959016776719249,0.5622132753297656,147.95083883596246,0.0,0.0,0.0,115.2166521112922,852.0
5622,83.2427,0.02199364937055492,2.7514131220474347,11.876570660099658,137.57065610237174,0.0,0.0,0.0,66.20452676247139,852.0
5623,133.189,0.05875912245840307,2.824311290069498,31.729926127537656,141.2155645034749,0.0,0.0,0.0,39.756490631012554,852.0
5624,166.4889,0.09729354966196689,3.191823395618312,52.538516817462124,159.5911697809156,0.0,0.0,0.0,45.64078659837773,852.0
5625,199.7853,0.13429830617974392,3.457196191947049,72.52108533706172,172.85980959735247,0.0,0.0,0.0,45.59559493441418,852.0
5626,233.0817,0.1623010272127221,3.5603630270270274,87.64255469486994,178.01815135135138,0.0,0.0,0.0,32.57900604622131,852.0
5627,249.7316,0.18007611580381022,3.5603630270270274,97.24110253405752,178.01815135135138,0.0,0.0,0.0,25.52765388540891,852.0
5628,249.7316,0.17875780163712557,3.6520109961389964,96.52921288404781,182.60054980694983,0.0,0.0,0.0,29.398162690997623,852.0
5629,216.4318,0.16821466342348632,4.093218199510204,90.8359182486826,204.6609099755102,0.0,0.0,0.0,79.06502822419282,852.0
5630,199.7853,0.1436785363680798,4.870882678433536,77.5864096387631,243.5441339216768,0.0,0.0,0.0,121.34524356043988,852.0
5631,183.1354,0.10417795001494752,5.632750137892996,56.25609300807166,281.6375068946498,0.0,0.0,0.0,154.75819990272146,852.0
5632,166.4889,0.06045797776369601,6.373038010140099,32.647307992395845,318.65190050700494,0.0,0.0,0.0,184.81030849940078,852.0
5633,133.189,0.021854513608444794,7.341639938965249,11.801437348560189,367.0819969482625,0.0,0.0,0.0,245.69443429682266,852.0
5634,183.1354,0.0,8.498028191947048,0.0,424.9014095973524,0.0,0.0,0.0,241.76600959735242,852.0
5635,199.7853,0.0,9.586283661661334,0.0,479.31418308306667,0.0,0.0,0.0,279.52888308306666,852.0
5636,183.1354,0.0,9.93535323749807,0.0,496.7676618749035,0.0,0.0,0.0,313.6322618749035,852.0
5637,149.839,0.0,9.968774962409267,0.0,498.43874812046334,0.0,0.0,0.0,348.59974812046335,852.0
5638,99.8926,0.0,9.81182461334804,0.0,490.59123066740204,0.0,0.0,0.0,390.698630667402,852.0
5639,66.5962,0.0,9.544356011984556,0.0,477.2178005992278,0.0,0.0,0.0,410.6216005992278,852.0
5640,49.9463,0.0,8.804526230557087,0.0,440.22631152785436,0.0,0.0,0.0,390.28001152785436,852.0
5641,39.9557,0.0,7.413153503947051,0.0,370.65767519735255,0.0,0.0,0.0,330.70197519735257,852.0
5642,33.2964,0.0,5.983839170718146,0.0,299.1919585359073,0.0,0.0,0.0,265.8955585359073,852.0
5643,26.6371,0.0,4.830610914347491,0.0,241.53054571737457,0.0,0.0,0.0,214.89344571737456,852.0
5644,26.6371,0.0,4.23800111821732,0.0,211.900055910866,0.0,0.0,0.0,185.262955910866,852.0
5645,33.2964,0.000972952475722349,3.9128010944247094,0.5253943368900684,195.64005472123546,0.0,0.0,0.0,162.8690490581255,852.0
5646,83.2427,0.020775526595161048,3.5629636559426374,11.218784361386966,178.14818279713188,0.0,0.0,0.0,106.12426715851883,852.0
5647,133.189,0.05586643843809455,3.2831404385570875,30.167876756571058,164.15702192785437,0.0,0.0,0.0,61.13589868442543,852.0
5648,166.4889,0.09699868847378028,3.020489364262549,52.37929177584135,151.02446821312745,0.0,0.0,0.0,36.9148599889688,852.0
5649,199.7853,0.13573692285211125,2.868071720842802,73.29793834014008,143.4035860421401,0.0,0.0,0.0,16.916224382280177,852.0
5650,233.0817,0.15721326585060832,2.724335126309984,84.8951635593285,136.2167563154992,11.96978012517232,0.0,0.0,0.0,851.201215874196
5651,249.7316,0.17335027246147255,2.679517405405405,93.60914712919518,133.97587027027024,22.146582600534572,0.0,0.0,0.0,849.7232991174036
5652,249.7316,0.17459975289895813,2.8037069564258124,94.28386656543739,140.1853478212906,15.262385613271986,0.0,0.0,0.0,848.7047882323004
5653,216.4318,0.16385334890605122,2.996765982640926,88.48080840926767,149.8382991320463,0.0,0.0,0.0,0.0,849.118872429028
5654,199.7853,0.14680249113374558,3.2831404385570875,79.27334521222261,164.15702192785437,0.0,0.0,0.0,0.0,849.9445899154618
5655,183.1354,0.10590204235713045,3.7235950107181477,57.187102872850446,186.17975053590737,0.0,0.0,0.0,0.0,851.0841038988708
5656,166.4889,0.06208266649223888,4.353560601239935,33.524639905808996,217.67803006199676,0.0,0.0,0.0,36.30211890811991,852.0
5657,133.189,0.023410014429841773,5.132591408432433,12.641407792114558,256.6295704216217,0.0,0.0,0.0,136.08197821373622,852.0
5658,183.1354,0.0,6.047105412024268,0.0,302.3552706012134,0.0,0.0,0.0,119.21987060121342,852.0
5659,199.7853,0.0,6.795873690016546,0.0,339.79368450082734,0.0,0.0,0.0,140.00838450082733,852.0
5660,183.1354,0.0,7.14518947145284,0.0,357.259473572642,0.0,0.0,0.0,174.12407357264198,852.0
5661,149.839,0.0,7.4490680624644225,0.0,372.4534031232211,0.0,0.0,0.0,222.6144031232211,852.0
5662,99.8926,0.0,7.493106771591836,0.0,374.6553385795918,0.0,0.0,0.0,274.76273857959177,852.0
5663,66.5962,0.0,6.894601848904578,0.0,344.73009244522893,0.0,0.0,0.0,278.1338924452289,852.0
5664,49.9463,0.0,5.481829281853283,0.0,274.0914640926642,0.0,0.0,0.0,224.14516409266417,852.0
5665,39.9557,0.0,4.260971523212356,0.0,213.04857616061778,0.0,0.0,0.0,173.09287616061778,852.0
5666,33.2964,0.0,5.0023185083022605,0.0,250.11592541511303,0.0,0.0,0.0,216.81952541511302,852.0
5667,26.6371,0.0,5.837750857142857,0.0,291.8875428571428,0.0,0.0,0.0,265.25044285714284,852.0
5668,26.6371,0.0,5.834298628271372,0.0,291.7149314135686,0.0,0.0,0.0,265.0778314135686,852.0
5669,33.2964,0.000868877409496655,5.612487765568671,0.46919380112819375,280.62438827843357,0.0,0.0,0.0,247.79718207956176,852.0
5670,83.2427,0.021432464716644003,5.408921885476007,11.573530946987763,270.4460942738003,0.0,0.0,0.0,198.7769252207881,852.0
5671,133.189,0.05755927486882119,5.481829281853283,31.08200842916344,274.0914640926642,0.0,0.0,0.0,171.98447252182766,852.0
5672,166.4889,0.09807833971298545,5.491815667715388,52.96230344501215,274.5907833857694,0.0,0.0,0.0,161.06418683078152,852.0
5673,199.7853,0.1318326495266592,5.425441411035852,71.18963074439597,271.2720705517926,0.0,0.0,0.0,142.67640129618854,852.0
5674,233.0817,0.15932857545933246,5.428748865976836,86.03743074803953,271.4374432988418,0.0,0.0,0.0,124.39317404688131,852.0
5675,249.7316,0.1715415724071179,5.803282956425814,92.63244909984367,290.1641478212907,0.0,0.0,0.0,133.0649969211344,852.0
5676,249.7316,0.16884986044619976,6.438720933312739,91.17892464094787,321.936046665637,0.0,0.0,0.0,163.38337130658485,852.0
5677,216.4318,0.15709459906431278,7.24301155021732,84.8310834947289,362.150577510866,0.0,0.0,0.0,230.5498610055949,852.0
5678,199.7853,0.13868364334740513,7.715671698321014,74.88916740759876,385.7835849160507,0.0,0.0,0.0,260.8874523236494,852.0
5679,183.1354,0.0991316709241632,8.244851576163265,53.53110229904813,412.2425788081633,0.0,0.0,0.0,282.6382811072114,852.0
5680,166.4889,0.05605348904874066,9.158493976710423,30.26888408631996,457.92469883552116,0.0,0.0,0.0,321.70468292184114,852.0
5681,133.189,0.019812076182460874,10.46865087827027,10.698521138528871,523.4325439135134,0.0,0.0,0.0,400.9420650520424,852.0
5682,183.1354,0.0,11.76733976833977,0.0,588.3669884169885,0.0,0.0,0.0,405.23158841698853,852.0
5683,199.7853,0.0,12.491209895783781,0.0,624.5604947891891,0.0,0.0,0.0,424.7751947891891,852.0
5684,183.1354,0.0,12.337704515953668,0.0,616.8852257976833,0.0,0.0,0.0,433.74982579768334,852.0
5685,149.839,0.0,10.983853750433537,0.0,549.1926875216768,0.0,0.0,0.0,399.3536875216768,852.0
5686,99.8926,0.0,9.099654293780473,0.0,454.9827146890236,0.0,0.0,0.0,355.0901146890236,852.0
5687,66.5962,0.0,7.469066123931604,0.0,373.45330619658023,0.0,0.0,0.0,306.8571061965802,852.0
5688,49.9463,0.0,6.413129702301158,0.0,320.65648511505793,0.0,0.0,0.0,270.7101851150579,852.0
5689,39.9557,0.0,5.997864179715389,0.0,299.89320898576943,0.0,0.0,0.0,259.93750898576945,852.0
5690,33.2964,0.0,6.17482701788417,0.0,308.7413508942085,0.0,0.0,0.0,275.4449508942085,852.0
5691,26.6371,0.0,6.788314698448978,0.0,339.4157349224489,0.0,0.0,0.0,312.77863492244893,852.0
5692,26.6371,0.0,7.561476914232765,0.0,378.0738457116382,0.0,0.0,0.0,351.43674571163825,852.0
5693,33.2964,0.0008845473800128822,8.189696468333151,0.47765558520695645,409.48482341665755,0.0,0.0,0.0,376.6660790018645,852.0
5694,83.2427,0.020061305067284072,8.249103664750136,10.833104736333398,412.4551832375068,0.0,0.0,0.0,340.04558797384016,852.0
5695,133.189,0.052337973755767694,7.7811632653061205,28.262505828114556,389.058163265306,0.0,0.0,0.0,284.13166909342056,852.0
5696,166.4889,0.08786841586951132,7.203786146841701,47.44894456953611,360.18930734208504,0.0,0.0,0.0,241.14935191162118,852.0
5697,199.7853,0.1282938454988928,6.563890426810811,69.27867656940212,328.1945213405406,0.0,0.0,0.0,197.6878979099427,852.0
5698,233.0817,0.15125689030355055,6.1072204179768335,81.6787207639173,305.3610208988417,0.0,0.0,0.0,153.95804166275894,852.0
5699,249.7316,0.1665660565514915,5.903573232926641,89.94567053780541,295.17866164633205,0.0,0.0,0.0,135.3927321841375,852.0
5700,249.7316,0.16480765341461018,5.834298628271372,88.9961328438895,291.7149314135686,0.0,0.0,0.0,130.9794642574581,852.0
5701,216.4318,0.15751626027714835,5.830847608586873,85.05878054966011,291.54238042934367,0.0,0.0,0.0,160.16936097900378,852.0
5702,199.7853,0.1374980936888935,5.955847617306122,74.24897059200251,297.7923808653061,0.0,0.0,0.0,172.25605145730856,852.0
5703,183.1354,0.09856824215432121,5.717640926640926,53.22685076333345,285.8820463320463,0.0,0.0,0.0,155.97349709537974,852.0
5704,166.4889,0.05699796002893497,5.451934208,30.778898415624887,272.5967104,0.0,0.0,0.0,136.8867088156249,852.0
5705,133.189,0.019913073437987962,5.5151588174296755,10.7530596565135,275.75794087148375,0.0,0.0,0.0,153.32200052799723,852.0
5706,183.1354,0.0,5.865412244262549,0.0,293.27061221312744,0.0,0.0,0.0,110.13521221312743,852.0
5707,199.7853,0.0,6.582419614146719,0.0,329.12098070733595,0.0,0.0,0.0,129.33568070733594,852.0
5708,183.1354,0.0,7.553413782557087,0.0,377.6706891278543,0.0,0.0,0.0,194.5352891278543,852.0
5709,149.839,0.0,8.58491864092664,0.0,429.245932046332,0.0,0.0,0.0,279.406932046332,852.0
5710,99.8926,0.0,9.158493976710423,0.0,457.92469883552116,0.0,0.0,0.0,358.03209883552114,852.0
5711,66.5962,0.0,9.37778097519691,0.0,468.8890487598455,0.0,0.0,0.0,402.29284875984547,852.0
5712,49.9463,0.0,9.511824240432434,0.0,475.5912120216217,0.0,0.0,0.0,425.6449120216217,852.0
5713,39.9557,0.0,9.032052813096524,0.0,451.6026406548262,0.0,0.0,0.0,411.6469406548262,852.0
5714,33.2964,0.0,8.223611258810813,0.0,411.18056294054065,0.0,0.0,0.0,377.88416294054065,852.0
5715,26.6371,0.0,7.521213503576391,0.0,376.06067517881957,0.0,0.0,0.0,349.4235751788196,852.0
5716,26.6371,0.0,6.675536125564258,0.0,333.7768062782129,0.0,0.0,0.0,307.13970627821294,852.0
5717,33.2964,0.0008293201170757198,6.001373479289574,0.4478328632208887,300.0686739644787,0.0,0.0,0.0,267.22010682769957,852.0
5718,83.2427,0.019060992583898213,5.485156889698842,10.292935995305037,274.2578444849421,0.0,0.0,0.0,201.3080804802471,852.0
5719,133.189,0.0525246253157968,4.9739825841632666,28.363297670530272,248.69912920816333,0.0,0.0,0.0,143.8734268786936,852.0
5720,166.4889,0.09002581321687654,5.018101131931604,48.61393913711333,250.9050565965802,0.0,0.0,0.0,133.03009573369354,852.0
5721,199.7853,0.12610350296498593,5.046582755159404,68.0958916010924,252.32913775797022,0.0,0.0,0.0,120.63972935906258,852.0
5722,233.0817,0.1460515692126202,5.094260783444014,78.86784737481491,254.7130391722007,0.0,0.0,0.0,100.4991865470156,852.0
5723,249.7316,0.16446042293515806,5.290852371027026,88.80862838498535,264.5426185513513,0.0,0.0,0.0,103.6196469363367,852.0
5724,249.7316,0.17122998517599342,5.686993872555986,92.46419199503644,284.3496936277993,0.0,0.0,0.0,127.08228562283577,852.0
5725,216.4318,0.159756413423209,5.9244501842250425,86.26846324853287,296.22250921125215,0.0,0.0,0.0,166.05917245978497,852.0
5726,199.7853,0.1386709738721145,6.192691952997242,74.88232589094183,309.6345976498621,0.0,0.0,0.0,184.73162354080392,852.0
5727,183.1354,0.09807142362464895,6.534308840595698,52.95856875731043,326.7154420297849,0.0,0.0,0.0,196.53861078709537,852.0
5728,166.4889,0.055551995687557636,6.841334002974077,29.99807767128112,342.06670014870383,0.0,0.0,0.0,205.57587781998495,852.0
5729,133.189,0.018283213695604136,7.561476914232765,9.872935395626234,378.0738457116382,0.0,0.0,0.0,254.7577811072645,852.0
5730,183.1354,0.0,8.747100007783782,0.0,437.3550003891891,0.0,0.0,0.0,254.2196003891891,852.0
5731,199.7853,0.0,9.84024612892664,0.0,492.01230644633205,0.0,0.0,0.0,292.22700644633204,852.0
5732,183.1354,0.0,10.394905402881411,0.0,519.7452701440706,0.0,0.0,0.0,336.60987014407056,852.0
5733,149.839,0.0,9.892484779984557,0.0,494.6242389992278,0.0,0.0,0.0,344.78523899922783,852.0
5734,99.8926,0.0,8.650443049089905,0.0,432.52215245449526,0.0,0.0,0.0,332.62955245449524,852.0
5735,66.5962,0.0,7.573581415077774,0.0,378.6790707538887,0.0,0.0,0.0,312.0828707538887,852.0
5736,49.9463,0.0,6.567593758640926,0.0,328.3796879320463,0.0,0.0,0.0,278.4333879320463,852.0
5737,39.9557,0.0,6.146307056750138,0.0,307.3153528375069,0.0,0.0,0.0,267.3596528375069,852.0
5738,33.2964,0.0,5.625991229281851,0.0,281.29956146409256,0.0,0.0,0.0,248.00316146409256,852.0
5739,26.6371,0.0,5.119795919567567,0.0,255.98979597837834,0.0,0.0,0.0,229.35269597837834,852.0
5740,26.6371,0.0,4.908228641429673,0.0,245.41143207148366,0.0,0.0,0.0,218.77433207148366,852.0
5741,33.2964,0.0008904649588803021,4.6563111263099835,0.4808510777953631,232.81555631549918,0.0,0.0,0.0,200.00000739329454,852.0
5742,83.2427,0.021281001186520074,4.587023364518478,11.49174064072084,229.35116822592389,0.0,0.0,0.0,157.60020886664472,852.0
5743,133.189,0.05837342213214091,4.650262366711528,31.52164795135609,232.51311833557642,0.0,0.0,0.0,130.8457662869325,852.0
5744,166.4889,0.09977712943918961,4.575034261250964,53.87964989716239,228.7517130625482,0.0,0.0,0.0,116.1424629597106,852.0
5745,199.7853,0.13941528601822686,4.662364414270272,75.2842544498425,233.11822071351358,0.0,0.0,0.0,108.61717516335608,852.0
5746,233.0817,0.1693220359985855,4.914469051128517,91.43389943923617,245.72345255642585,0.0,0.0,0.0,104.07565199566199,852.0
5747,249.7316,0.1863327434706517,4.96769841053723,100.61968147415192,248.38492052686152,0.0,0.0,0.0,99.27300200101345,852.0
5748,249.7316,0.18985840163735912,4.880203671510205,102.52353688417394,244.01018357551024,0.0,0.0,0.0,96.80212045968418,852.0
5749,216.4318,0.1774537273246246,4.701821281853283,95.8250127552973,235.09106409266414,0.0,0.0,0.0,114.48427684796144,852.0
5750,199.7853,0.15685790354365955,4.917590980694979,84.70326791357617,245.87954903474895,0.0,0.0,0.0,130.7975169483251,852.0
5751,183.1354,0.1118239168220934,5.545257076633204,60.38491508393044,277.2628538316602,0.0,0.0,0.0,154.51236891559063,852.0
5752,166.4889,0.062455298448970215,6.296916191947048,33.72586116244391,314.8458095973524,0.0,0.0,0.0,182.0827707597963,852.0
5753,133.189,0.020162984582957722,6.932802800432433,10.88801167479717,346.6401400216216,0.0,0.0,0.0,224.33915169641878,852.0
5754,183.1354,0.0,7.638337659128518,0.0,381.9168829564259,0.0,0.0,0.0,198.78148295642592,852.0
5755,199.7853,0.0,8.198167126309984,0.0,409.90835631549925,0.0,0.0,0.0,210.12305631549924,852.0
5756,183.1354,0.0,8.364418101939327,0.0,418.22090509696636,0.0,0.0,0.0,235.08550509696636,852.0
5757,149.839,0.0,8.033953770537229,0.0,401.69768852686144,0.0,0.0,0.0,251.85868852686144,852.0
5758,99.8926,0.0,7.658642775510205,0.0,382.9321387755102,0.0,0.0,0.0,283.0395387755102,852.0
5759,66.5962,0.0,7.1959565286795355,0.0,359.79782643397675,0.0,0.0,0.0,293.20162643397674,852.0
5760,49.9463,0.0,5.962838201822395,0.0,298.14191009111977,0.0,0.0,0.0,248.19561009111976,852.0
5761,39.9557,0.0,4.747586872586872,0.0,237.37934362934362,0.0,0.0,0.0,197.42364362934362,852.0
5762,33.2964,0.0,4.127028384123551,0.0,206.35141920617755,0.0,0.0,0.0,173.05501920617755,852.0
5763,26.6371,0.0,3.5499710041169323,0.0,177.4985502058466,0.0,0.0,0.0,150.8614502058466,852.0
5764,26.6371,0.0,2.9684300918610043,0.0,148.4215045930502,0.0,0.0,0.0,121.7844045930502,852.0
5765,33.2964,0.0009591013581603442,2.591046883618312,0.5179147334065859,129.55234418091558,0.0,0.0,0.0,96.77385891432218,852.0
5766,83.2427,0.023302798419444905,2.439925586321016,12.583511146500248,121.99627931605079,0.0,0.0,0.0,51.337090462551046,852.0
5767,133.189,0.06510339432165665,2.3891865704489805,35.15583293369459,119.45932852244903,0.0,0.0,0.0,21.42616145614363,852.0
5768,166.4889,0.11193893556410402,2.2996367743011588,60.44702520461617,114.98183871505793,0.0,0.0,0.0,8.939963919674085,852.0
5769,199.7853,0.15868329144697577,2.3535755196999446,85.68897738136691,117.67877598499723,0.0,0.0,0.0,3.5824533663641205,852.0
5770,233.0817,0.1920327570381587,2.3598400489972424,103.69768880060569,117.99200244986213,11.392008749532181,0.0,0.0,0.0,851.2397725225537
5771,249.7316,0.20700074309717623,2.334832679536679,111.78040127247517,116.74163397683395,21.209564750690873,0.0,0.0,0.0,849.8243861528045
5772,249.7316,0.203161696489191,2.2872792372597908,109.70731610416314,114.36396186298954,25.66032203284729,0.0,0.0,0.0,848.1119856167453
5773,216.4318,0.18999927824525975,2.301699633985659,102.59961025244027,115.08498169928293,0.0,0.0,0.0,0.0,848.1356870861023
5774,199.7853,0.16457904578254123,2.504118292333149,88.87268472257226,125.20591461665744,0.0,0.0,0.0,0.0,848.406100857385
5775,183.1354,0.11846275926756973,2.8426932784291226,63.96989000448766,142.13466392145614,0.0,0.0,0.0,0.0,848.8406524181461
5776,166.4889,0.06512209115580882,3.1722628801235526,35.16592922413676,158.61314400617763,0.0,0.0,0.0,0.0,849.3569529927737
5777,133.189,0.019960279614237953,3.411315336719251,10.778550991688494,170.56576683596253,0.0,0.0,0.0,0.0,850.2679995462698
5778,183.1354,0.0,3.689032191999999,0.0,184.45160959999995,0.0,0.0,0.0,0.0,850.2929008089725
5779,199.7853,0.0,3.885450114788748,0.0,194.2725057394374,5.5127942605626,0.0,0.0,0.0,849.9250133040968
5780,183.1354,0.0,3.8473393508041918,0.0,192.3669675402096,0.0,0.0,0.0,0.0,850.0996645818846
5781,149.839,0.0,3.547375620518478,0.0,177.3687810259239,0.0,0.0,0.0,0.0,850.6204982769696
5782,99.8926,0.0,3.31555783444898,0.0,165.777891722449,0.0,0.0,0.0,0.0,851.8669767690159
5783,66.5962,0.0,3.138188510640927,0.0,156.90942553204636,0.0,0.0,0.0,83.28199760859991,852.0
5784,49.9463,0.0,2.838091861003861,0.0,141.90459305019306,0.0,0.0,0.0,91.95829305019305,852.0
5785,39.9557,0.0,2.303763428571428,0.0,115.18817142857141,0.0,0.0,0.0,75.23247142857142,852.0
5786,33.2964,0.0,1.6563353902173186,0.0,82.81676951086592,0.0,0.0,0.0,49.520369510865926,852.0
5787,26.6371,0.0,1.2367106276183124,0.0,61.83553138091562,0.0,0.0,0.0,35.19843138091562,852.0
5788,26.6371,0.0,1.0830922625482626,0.0,54.15461312741313,0.0,0.0,0.0,27.517513127413128,852.0
5789,33.2964,0.0007588942678046116,1.1603690907181463,0.40980290461449026,58.01845453590732,0.0,0.0,0.0,25.131857440521806,852.0
5790,83.2427,0.018208268933365808,1.3262100982327634,9.832465224017536,66.31050491163816,7.099729864344297,0.0,0.0,0.0,851.526210886597
5791,133.189,0.05241421593614716,1.488023734433536,28.303676605519467,74.40118672167681,30.484136672803714,0.0,0.0,0.0,849.4919007983218
5792,166.4889,0.09099995173682104,1.8551426137804743,49.13997393788336,92.75713068902371,24.591795373092936,0.0,0.0,0.0,847.8508066793299
5793,199.7853,0.13335500593264885,1.8924337144092676,72.01170320363038,94.62168572046338,33.15191107590624,0.0,0.0,0.0,845.6384669345247
5794,233.0817,0.16023840837546088,1.860713628911197,86.52874052274889,93.03568144555985,53.51727803169126,0.0,0.0,0.0,842.0670770091532
5795,249.7316,0.1843916986860403,1.860713628911197,99.57151729046177,93.03568144555985,57.12440126397837,0.0,0.0,0.0,838.2549714860315
5796,249.7316,0.18081648912242385,1.736387020355213,97.64090412610888,86.81935101776065,65.27134485613047,0.0,0.0,0.0,833.8991927168537
5797,216.4318,0.1646413172999119,1.666907512163265,88.90631134195243,83.34537560816325,44.18011304988431,0.0,0.0,0.0,830.9509035577023
5798,199.7853,0.13925765152544461,1.799870390857142,75.1991318237401,89.9935195428571,34.5926486334028,0.0,0.0,0.0,828.6424184970815
5799,183.1354,0.09618975341559585,2.1019774826254833,51.942466844421766,105.09887413127417,26.094059024304073,0.0,0.0,0.0,826.9010732168476
5800,166.4889,0.05435260313169967,2.606417533564259,29.350405691117825,130.32087667821295,6.817617630669218,0.0,0.0,0.0,826.4461104119981
5801,133.189,0.017015316242733104,3.4393136260165478,9.188270771075876,171.96568130082738,0.0,0.0,0.0,0.0,827.3535554511963
5802,183.1354,0.0,4.503477628116932,0.0,225.1738814058466,0.0,0.0,0.0,0.0,828.1488780723879
5803,199.7853,0.0,5.666616516271374,0.0,283.3308258135687,0.0,0.0,0.0,0.0,829.7294691012933
5804,183.1354,0.0,6.438720933312739,0.0,321.936046665637,0.0,0.0,0.0,29.91175777674809,831.7895291613534
5805,149.839,0.0,6.508490618140099,0.0,325.42453090700496,0.0,0.0,0.0,66.69664201811608,833.8495892214135
5806,99.8926,0.0,6.1783975445957,0.0,308.91987722978496,0.0,0.0,0.0,100.13838834089606,835.9096492814735
5807,66.5962,0.0,5.6971987489111955,0.0,284.85993744555975,0.0,0.0,0.0,109.37484855667086,837.9697093415336
5808,49.9463,0.0,5.103827739004964,0.0,255.1913869502482,0.0,0.0,0.0,96.3561980613593,840.0297694015937
5809,39.9557,0.0,4.394425490321013,0.0,219.72127451605067,0.0,0.0,0.0,70.87668562716178,842.0898294616538
5810,33.2964,0.0,3.4776958752829565,0.0,173.88479376414782,0.0,0.0,0.0,31.699504875258924,844.1498895217139
5811,26.6371,0.0,2.7831823128428024,0.0,139.1591156421401,0.0,0.0,0.0,3.6331267532512186,846.209949581774
5812,26.6371,0.0,2.4356765000154432,0.0,121.78382500077217,0.0,0.0,0.0,3.6331267532512186,848.0100227574643
5813,33.2964,0.0007285596369049506,2.2017148019856596,0.39342220392867333,110.08574009928299,0.0,0.0,0.0,3.6331267532512186,849.4702371794169
5814,83.2427,0.020272898796903326,1.9891428604258128,10.947365350327797,99.45714302129063,0.0,0.0,0.0,3.6331267532512186,849.9841092296908
5815,133.189,0.057384111719524365,1.9680866254296756,30.98742032854316,98.40433127148378,3.7972483999730566,0.0,0.0,0.0,849.7307059330626
5816,166.4889,0.10140689680958834,2.0529672895752897,54.7597242771777,102.64836447876449,9.080811244057799,0.0,0.0,0.0,849.1247125233824
5817,199.7853,0.14326897344746858,2.1435873378841706,77.36524566163304,107.17936689420853,15.240687444158425,0.0,0.0,0.0,848.1076496308793
5818,233.0817,0.1710212317065718,2.2667579930899064,92.35146512154877,113.33789965449532,27.39233522395591,0.0,0.0,0.0,846.279665965617
5819,249.7316,0.17729756130610508,2.5105847526795366,95.74068310529675,125.52923763397683,28.461679260726413,0.0,0.0,0.0,844.3803213369399
5820,249.7316,0.17493085848874623,2.785458898285713,94.46266358392297,139.27294491428566,15.99599150179134,0.0,0.0,0.0,843.3128544365868
5821,216.4318,0.16568782593286135,3.015736666510755,89.47142600374514,150.78683332553774,0.0,0.0,0.0,0.0,843.7636252887625
5822,199.7853,0.14662361684322642,3.343123768339769,79.17675309534228,167.15618841698844,0.0,0.0,0.0,0.0,844.6442563444011
5823,183.1354,0.09912660417698475,3.599482775510203,53.52836625557177,179.97413877551014,0.0,0.0,0.0,0.0,845.5971475206649
5824,166.4889,0.055101605544413006,3.726261121482625,29.754866993983022,186.31305607413125,0.0,0.0,0.0,0.0,846.5351290381698
5825,133.189,0.016631033334576373,3.860926179618311,8.980758000671242,193.04630898091554,0.0,0.0,0.0,0.0,847.8374708459295
5826,183.1354,0.0,4.186575413127412,0.0,209.32877065637058,0.0,0.0,0.0,0.0,848.3330211015906
5827,199.7853,0.0,5.232389220571428,0.0,261.61946102857144,0.0,0.0,0.0,0.0,849.5028565805095
5828,183.1354,0.0,6.029491790402647,0.0,301.4745895201323,0.0,0.0,0.0,9.450300631243437,851.5629166405696
5829,149.839,0.0,6.278872423607281,0.0,313.943621180364,0.0,0.0,0.0,141.00164361047126,852.0
5830,99.8926,0.0,6.468042770321013,0.0,323.4021385160506,0.0,0.0,0.0,223.5095385160506,852.0
5831,66.5962,0.0,6.132076555861002,0.0,306.60382779305013,0.0,0.0,0.0,240.00762779305012,852.0
5832,49.9463,0.0,5.4453039014760085,0.0,272.26519507380044,0.0,0.0,0.0,222.31889507380043,852.0
5833,39.9557,0.0,4.286897667953667,0.0,214.34488339768336,0.0,0.0,0.0,174.38918339768335,852.0
5834,33.2964,0.0,2.954316108108108,0.0,147.7158054054054,0.0,0.0,0.0,114.4194054054054,852.0
5835,26.6371,0.0,2.2118152189740763,0.0,110.59076094870382,0.0,0.0,0.0,83.95366094870381,852.0
5836,26.6371,0.0,2.0277066319426367,0.0,101.38533159713184,0.0,0.0,0.0,74.74823159713183,852.0
5837,33.2964,0.0005657207459095215,2.0238339768339775,0.3054892027911416,101.19169884169888,0.0,0.0,0.0,68.20078804449003,852.0
5838,83.2427,0.012187835297487052,2.0025990687346944,6.581431060643008,100.12995343673472,0.0,0.0,0.0,23.468684497377737,852.0
5839,133.189,0.03413504095469936,1.960456807077772,18.432922115537657,98.0228403538886,16.733237530573746,0.0,0.0,0.0,850.8833341654605
5840,166.4889,0.05960776418307592,2.0529672895752897,32.188192658861,102.64836447876449,31.652342862374496,0.0,0.0,0.0,848.7710657061763
5841,199.7853,0.09447906261676951,1.9680866254296756,51.01869381305554,98.40433127148378,50.36227491546069,0.0,0.0,0.0,845.4102198659721
5842,233.0817,0.1240098725362476,1.8053618684258133,66.9653311695737,90.26809342129066,75.84827540913565,0.0,0.0,0.0,840.3486065587224
5843,249.7316,0.13764226787348197,1.7743481535752903,74.32682465168027,88.71740767876452,77.4,9.28736766955518,0.0,0.0,835.1834413935572
5844,249.7316,0.15320576598540975,2.000674045564258,82.73111363212126,100.03370227821291,66.96678408966582,0.0,0.0,0.0,830.714520199719
5845,216.4318,0.14935266846336784,2.4998120952939877,80.65044097021863,124.99060476469938,10.790754265082,0.0,0.0,0.0,829.9944164783254
5846,199.7853,0.12916547460785507,3.1722628801235526,69.74935628824174,158.61314400617763,0.0,0.0,0.0,0.0,830.5350662136252
5847,183.1354,0.094342107069049,3.869091156262547,50.94473781728646,193.45455781312734,0.0,0.0,0.0,0.0,831.6941128877141
5848,166.4889,0.05211568293273174,4.450234160432432,28.14246878367514,222.5117080216216,0.0,0.0,0.0,0.0,833.2864289353819
5849,133.189,0.014606929177197638,4.809006239382238,7.887741755686725,240.45031196911188,0.0,0.0,0.0,6.260164835909734,835.346488995442
5850,183.1354,0.0,5.352976467591835,0.0,267.64882337959176,0.0,0.0,0.0,6.260164835909734,836.9453915999208
5851,199.7853,0.0,5.987343594996139,0.0,299.36717974980695,0.0,0.0,0.0,6.260164835909734,838.8293731087009
5852,183.1354,0.0,6.890788747931604,0.0,344.53943739658024,0.0,0.0,0.0,52.51514850769135,840.889433168761
5853,149.839,0.0,7.461062994321015,0.0,373.05314971605077,0.0,0.0,0.0,114.32526082716188,842.9494932288211
5854,99.8926,0.0,6.8527275984555995,0.0,342.63637992277995,0.0,0.0,0.0,133.85489103389105,845.0095532888812
5855,66.5962,0.0,6.268060994788748,0.0,313.4030497394374,0.0,0.0,0.0,137.9179608505485,847.0696133489413
5856,49.9463,0.0,5.521838989096525,0.0,276.09194945482625,0.0,0.0,0.0,117.25676056593736,849.1296734090014
5857,39.9557,0.0,4.536194069498069,0.0,226.80970347490344,0.0,0.0,0.0,77.96511458601455,851.1897334690615
5858,33.2964,0.0,3.7102803919426353,0.0,185.51401959713175,0.0,0.0,0.0,109.38924581895282,852.0
5859,26.6371,0.0,3.288116428178709,0.0,164.40582140893545,0.0,0.0,0.0,137.76872140893545,852.0
5860,26.6371,0.0,3.1527674442625484,0.0,157.6383722131274,0.0,0.0,0.0,131.0012722131274,852.0
5861,33.2964,0.0006365944035886992,2.8982188498532815,0.3437609779378976,144.91094249266408,0.0,0.0,0.0,111.95830347060198,852.0
5862,83.2427,0.01756956597338357,2.406039028138997,9.487565625627129,120.30195140694985,0.0,0.0,0.0,46.54681703257698,852.0
5863,133.189,0.04882973645258339,1.9891428604258128,26.368057684395033,99.45714302129063,7.363799294314334,0.0,0.0,0.0,851.5085886356813
5864,166.4889,0.0836020375668373,1.9338655612399336,45.145100286092145,96.69327806199668,24.650521651911163,0.0,0.0,0.0,849.8635755124307
5865,199.7853,0.11823905056208853,2.0315829105879755,63.84908730352781,101.57914552939877,34.35706716707341,0.0,0.0,0.0,847.5708116040507
5866,233.0817,0.14408831740615338,2.103949749445118,77.80769139932283,105.1974874722559,50.07652112842129,0.0,0.0,0.0,844.2290350856375
5867,249.7316,0.1529215660195922,1.9699963277837833,82.5776456505798,98.49981638918916,68.65413796023103,0.0,0.0,0.0,839.6475110309007
5868,249.7316,0.1631948217839954,1.9872241532399342,88.12520376335752,99.36120766199672,62.245188574645766,0.0,0.0,0.0,835.4936779595196
5869,216.4318,0.14963269224416786,2.5669883841235515,80.80165381185066,128.34941920617757,7.280726981971782,0.0,0.0,0.0,835.007810293055
5870,199.7853,0.12809906988362188,3.2336060708571415,69.17349773715583,161.68030354285708,0.0,0.0,0.0,0.0,835.5955927497039
5871,183.1354,0.09092391064143643,3.8582066678610043,49.09891174637568,192.91033339305022,0.0,0.0,0.0,0.0,836.7094222523417
5872,166.4889,0.048769212899063524,4.339018776286818,26.335374965494303,216.9509388143409,0.0,0.0,0.0,0.0,838.162346296825
5873,133.189,0.012928803262045487,4.653286180571429,6.981553761504563,232.66430902857147,0.0,0.0,0.0,0.0,840.176395052313
5874,183.1354,0.0,5.11340515787755,0.0,255.6702578938775,0.0,0.0,0.0,0.0,841.5486761476026
5875,199.7853,0.0,5.714230893290679,0.0,285.71154466453396,0.0,0.0,0.0,0.0,843.1743078034181
5876,183.1354,0.0,6.160557206239381,0.0,308.02786031196905,0.0,0.0,0.0,16.00357142308016,845.2343678634782
5877,149.839,0.0,6.075350767196911,0.0,303.76753835984556,0.0,0.0,0.0,45.039649470956675,847.2944279235383
5878,99.8926,0.0,5.646282317096524,0.0,282.31411585482624,0.0,0.0,0.0,73.53262696593734,849.3544879835983
5879,66.5962,0.0,5.0023185083022605,0.0,250.11592541511303,0.0,0.0,0.0,74.63083652622416,851.4145480436584
5880,49.9463,0.0,4.509415972147822,0.0,225.47079860739112,0.0,0.0,0.0,144.5791809150516,852.0
5881,39.9557,0.0,4.146823702980696,0.0,207.3411851490348,0.0,0.0,0.0,167.3854851490348,852.0
5882,33.2964,0.0,3.817542657976832,0.0,190.8771328988416,0.0,0.0,0.0,157.5807328988416,852.0
5883,26.6371,0.0,3.7102803919426353,0.0,185.51401959713175,0.0,0.0,0.0,158.87691959713175,852.0
5884,26.6371,0.0,3.5577634475984556,0.0,177.8881723799228,0.0,0.0,0.0,151.2510723799228,852.0
5885,33.2964,0.0007298178547413691,3.2732007744247094,0.39410164156033933,163.66003872123548,0.0,0.0,0.0,130.7577403627958,852.0
5886,83.2427,0.01983991824683165,2.942581890788748,10.71355585328909,147.1290945394374,0.0,0.0,0.0,74.59995039272648,852.0
5887,133.189,0.056916146968821926,2.5235434875763927,30.734719363163844,126.17717437881963,0.0,0.0,0.0,23.722893741983484,852.0
5888,166.4889,0.09843220116102751,2.035462814464423,53.15338862695485,101.77314072322115,11.562370649824004,0.0,0.0,0.0,851.2284036937054
5889,199.7853,0.13848135780235932,1.5728734235675672,74.77993321327403,78.64367117837836,46.36169560834762,0.0,0.0,0.0,848.1345301129014
5890,233.0817,0.16811797673677267,1.3214333944092662,90.78370743785725,66.0716697204633,76.22632284167946,0.0,0.0,0.0,843.0476884150917
5891,249.7316,0.18170832349229843,1.286629625645891,98.12249468584115,64.33148128229455,77.4,9.877624031864286,0.0,0.0,837.8825232499265
5892,249.7316,0.1912826480152638,1.483,103.29262992824245,74.15,72.28897007175752,0.0,0.0,0.0,833.0584344897159
5893,216.4318,0.17559615260225486,1.816368613348042,94.82192240521763,90.8184306674021,30.791446927380264,0.0,0.0,0.0,831.0036165432774
5894,199.7853,0.14814788096639525,2.254489962572532,79.99985572185344,112.72449812862659,7.060946149519964,0.0,0.0,0.0,830.5324155990319
5895,183.1354,0.1004689899701567,2.5866639458841703,54.25325458388462,129.3331972942085,0.0,0.0,0.0,0.0,830.5409490129417
5896,166.4889,0.05577082961060857,2.907528613348043,30.11624798972863,145.37643066740216,0.0,0.0,0.0,0.0,830.7112907713199
5897,133.189,0.015140401755061204,3.328072350146718,8.17581694773305,166.4036175073359,0.0,0.0,0.0,0.0,831.4943530447941
5898,183.1354,0.0,3.831070541837839,0.0,191.55352709189197,0.0,0.0,0.0,0.0,831.6536149086947
5899,199.7853,0.0,4.336113740425813,0.0,216.80568702129065,0.0,0.0,0.0,0.0,831.9756222307192
5900,183.1354,0.0,4.605040840225043,0.0,230.25204201125214,0.0,0.0,0.0,0.0,832.8670181606618
5901,149.839,0.0,4.629127344503034,0.0,231.4563672251517,0.0,0.0,0.0,0.0,834.4111305135701
5902,99.8926,0.0,4.41200578742857,0.0,220.60028937142852,0.0,0.0,0.0,11.81880048253963,836.4711905736302
5903,66.5962,0.0,3.923771642881413,0.0,196.18858214407064,0.0,0.0,0.0,20.70349325518177,838.5312506336903
5904,49.9463,0.0,3.3080614765714285,0.0,165.40307382857142,0.0,0.0,0.0,6.5678849396825285,840.5913106937504
5905,39.9557,0.0,2.9707859172818525,0.0,148.53929586409262,0.0,0.0,0.0,6.5678849396825285,842.6455949398278
5906,33.2964,0.0,2.8151439602868185,0.0,140.75719801434093,0.0,0.0,0.0,6.5678849396825285,844.6786370644235
5907,26.6371,0.0,2.40182024500386,0.0,120.091012250193,0.0,0.0,0.0,6.5678849396825285,846.4466840529407
5908,26.6371,0.0,1.6352843382327633,0.0,81.76421691163817,0.0,0.0,0.0,6.5678849396825285,847.4896295080257
5909,33.2964,0.0007765421557043327,1.2320733285030334,0.4193327640803397,61.60366642515167,0.0,0.0,0.0,6.5678849396825285,848.033105708903
5910,83.2427,0.021473855585499236,0.9655497874285712,11.595882016169588,48.27748937142856,23.36932861240185,0.0,0.0,0.0,846.4735909533206
5911,133.189,0.06308771196113114,0.7318768484324325,34.06736445901081,36.59384242162162,62.52779311936756,0.0,0.0,0.0,842.3008987197959
5912,166.4889,0.10869120240849679,0.5623358843552122,58.69324930058827,28.11679421776061,77.4,2.2788564816511183,0.0,0.0,837.1357335546307
5913,199.7853,0.15024131291360768,0.4720769950358523,81.13030897334815,23.603849751792616,77.4,17.651141274859242,0.0,0.0,831.9705683894656
5914,233.0817,0.1718875883051183,0.4731924875366795,92.81929768476388,23.659624376833975,77.4,39.20277793840215,0.0,0.0,826.8054032243004
5915,249.7316,0.19433840049886075,0.5437041495686705,104.94273626938481,27.185207478433526,77.4,40.203656252181645,0.0,0.0,821.6402380591353
5916,249.7316,0.19028770911809229,0.6350302614451182,102.75536292376984,31.75151307225591,77.4,37.82472400397424,0.0,0.0,816.4750728939702
5917,216.4318,0.17151503704633214,0.8054656988416987,92.61812000501936,40.273284942084935,77.4,6.1403950528957125,0.0,0.0,811.309907728805
5918,199.7853,0.14166986035418197,1.055389514872587,76.50172459125827,52.76947574362934,70.51409966511238,0.0,0.0,0.0,806.6042621055076
5919,183.1354,0.09943123994997351,1.3922352079426363,53.69286957298569,69.61176039713182,59.83077002988251,0.0,0.0,0.0,802.6115513928028
5920,166.4889,0.053310363857158434,1.8532873822393814,28.787596482865556,92.66436911196907,45.03693440516538,0.0,0.0,0.0,799.6060836313636
5921,133.189,0.01371089419609358,2.5626266176458903,7.403882865890534,128.13133088229452,0.0,0.0,0.0,0.0,799.650471459032
5922,183.1354,0.0,3.531825328503033,0.0,176.59126642515167,6.544133574848331,0.0,0.0,0.0,799.2137591750915
5923,199.7853,0.0,4.51833190156426,0.0,225.916595078213,0.0,0.0,0.0,0.0,799.7081350279225
5924,183.1354,0.0,5.297371751536681,0.0,264.86858757683405,0.0,0.0,0.0,0.0,801.2544385766734
5925,149.839,0.0,5.734709127413126,0.0,286.73545637065627,0.0,0.0,0.0,28.00756748176738,803.3144986367334
5926,99.8926,0.0,5.555311263382238,0.0,277.76556316911194,0.0,0.0,0.0,68.98407428022304,805.3745586967935
5927,66.5962,0.0,4.836793972915609,0.0,241.83969864578043,0.0,0.0,0.0,66.35460975689156,807.4346187568536
5928,49.9463,0.0,3.8121389961389958,0.0,190.60694980694979,0.0,0.0,0.0,31.77176091806089,809.4946788169137
5929,39.9557,0.0,3.1309127343938217,0.0,156.5456367196911,0.0,0.0,0.0,7.701047830802196,811.5547388769738
5930,33.2964,0.0,2.591046883618312,0.0,129.55234418091558,0.0,0.0,0.0,7.701047830802196,813.3757972803966
5931,26.6371,0.0,1.9244112544335354,0.0,96.22056272167677,0.0,0.0,0.0,7.701047830802196,814.6922411697255
5932,26.6371,0.0,1.4513587403331494,0.0,72.56793701665747,0.0,0.0,0.0,7.701047830802196,815.5612029511218
5933,33.2964,0.0007430971844397299,1.2320733285030334,0.40127247959745416,61.60366642515167,0.0,0.0,0.0,7.701047830802196,816.1043374709413
5934,83.2427,0.022055686847760724,1.3087316238543847,11.910070897790792,65.43658119271923,5.89604790948998,0.0,0.0,0.0,815.7108741469847
5935,133.189,0.06337769199985843,1.3743847652818528,34.223953679923554,68.71923826409264,30.2458080559838,0.0,0.0,0.0,813.6924685376431
5936,166.4889,0.10848456763707269,1.2929281310358522,58.581666524019255,64.64640655179261,43.26082692418814,0.0,0.0,0.0,810.8055264672936
5937,199.7853,0.15279017239140072,1.3469946665372312,82.5066930913564,67.34973332686155,49.92887358178206,0.0,0.0,0.0,807.4736029716792
5938,233.0817,0.17606822402902225,1.6916969173215664,95.07684097567201,84.58484586607831,53.420013158249674,0.0,0.0,0.0,803.9087038620195
5939,249.7316,0.1783341504554342,2.3120279601632645,96.30044124593446,115.60139800816323,37.82976074590229,0.0,0.0,0.0,801.3841953037344
5940,249.7316,0.17852216499327225,2.8912469493480417,96.40196909636701,144.56234746740208,8.767283436230883,0.0,0.0,0.0,800.799124670686
5941,216.4318,0.16714090590574232,3.328072350146718,90.25608918910086,166.4036175073359,0.0,0.0,0.0,0.0,801.5601931757536
5942,199.7853,0.14522578908599587,3.7076206537142857,78.42192610643777,185.38103268571427,0.0,0.0,0.0,0.0,802.7713380718213
5943,183.1354,0.10425152707981238,4.017719249862107,56.29582462309869,200.88596249310532,0.0,0.0,0.0,0.0,804.1722156659117
5944,166.4889,0.05577829416803069,4.572039801892995,30.12027885073658,228.60199009464975,0.0,0.0,0.0,0.0,805.9171712946082
5945,133.189,0.014030617878947797,5.882739964858246,7.5765336546318105,294.1369982429123,0.0,0.0,0.0,59.63564300865522,807.9772313546683
5946,183.1354,0.0,7.880033756169882,0.0,394.0016878084941,0.0,0.0,0.0,101.97739891960524,810.0372914147284
5947,199.7853,0.0,10.045429406429122,0.0,502.2714703214561,0.0,0.0,0.0,193.5972814325672,812.0973514747885
5948,183.1354,0.0,11.35840490583122,0.0,567.920245291561,0.0,0.0,0.0,275.895956402672,814.1574115348486
5949,149.839,0.0,11.260162059861003,0.0,563.0081029930501,0.0,0.0,0.0,304.28021410416125,816.2174715949087
5950,99.8926,0.0,10.517995073482627,0.0,525.8997536741314,0.0,0.0,0.0,317.11826478524245,818.2775316549688
5951,66.5962,0.0,9.249474123119692,0.0,462.4737061559846,0.0,0.0,0.0,286.9886172670957,820.3375917150289
5952,49.9463,0.0,7.723839715159405,0.0,386.19198575797026,0.0,0.0,0.0,227.35679686908136,822.397651775089
5953,39.9557,0.0,6.217754561306121,0.0,310.887728065306,0.0,0.0,0.0,162.04313917641716,824.4577118351491
5954,33.2964,0.0,5.081521109074463,0.0,254.07605545372314,0.0,0.0,0.0,111.89076656483425,826.5177718952092
5955,26.6371,0.0,5.209756086857143,0.0,260.48780434285715,0.0,0.0,0.0,124.96181545396826,828.5778319552693
5956,26.6371,0.0,6.322229424750139,0.0,316.111471237507,0.0,0.0,0.0,180.58548234861811,830.6378920153294
5957,33.2964,0.0007122146942250931,7.369400829281854,0.38459593488155025,368.4700414640927,0.0,0.0,0.0,226.6693485100853,832.6979520753895
5958,83.2427,0.020966302739379526,8.046513511536677,11.321803479264943,402.3256755768339,0.0,0.0,0.0,221.5158901672099,834.7580121354496
5959,133.189,0.06023882335973502,8.580561224719249,32.528964614256914,429.02806123596247,0.0,0.0,0.0,219.4791369613305,836.8180721955097
5960,166.4889,0.10247209056646699,8.694296180915611,55.33492890589217,434.71480904578056,0.0,0.0,0.0,214.67194906278385,838.8781322555698
5961,199.7853,0.15053727229021796,8.278905878309985,81.29012703671769,413.94529391549924,0.0,0.0,0.0,186.56123206332805,840.9381923156299
5962,233.0817,0.18498574050968605,7.830503397348042,99.89229987523046,391.5251698674021,0.0,0.0,0.0,149.44688085374364,842.99825237569
5963,249.7316,0.18854632206044228,7.723839715159405,101.81501391263883,386.19198575797026,0.0,0.0,0.0,129.38651078172023,845.05831243575
5964,249.7316,0.18824122001643587,7.933906735020406,101.65025880887538,396.6953367510203,0.0,0.0,0.0,139.7251066710068,847.1183724958101
5965,216.4318,0.17093240328479614,8.029769853281854,92.30349777378991,401.4884926640927,0.0,0.0,0.0,168.4713015489937,849.1784325558702
5966,199.7853,0.14041526107506208,8.202404464679535,75.82424098053352,410.1202232339768,0.0,0.0,0.0,177.27027532562138,851.2384926159303
5967,183.1354,0.09838967437759163,8.58491864092664,53.130424163899484,429.245932046332,0.0,0.0,0.0,258.9898516236923,852.0
5968,166.4889,0.05391591481229506,9.299750137892996,29.11459399863933,464.9875068946498,0.0,0.0,0.0,327.61320089328916,852.0
5969,133.189,0.013230820183353354,10.185296836518475,7.144642899010811,509.2648418259238,0.0,0.0,0.0,383.22048472493464,852.0
5970,183.1354,0.0,10.527881267715388,0.0,526.3940633857694,0.0,0.0,0.0,343.2586633857694,852.0
5971,199.7853,0.0,9.783454070433537,0.0,489.17270352167685,0.0,0.0,0.0,289.38740352167684,852.0
5972,183.1354,0.0,9.099654293780473,0.0,454.9827146890236,0.0,0.0,0.0,271.8473146890236,852.0
5973,149.839,0.0,8.951340866788748,0.0,447.56704333943736,0.0,0.0,0.0,297.72804333943736,852.0
5974,99.8926,0.0,8.519699944842804,0.0,425.9849972421402,0.0,0.0,0.0,326.0923972421402,852.0
5975,66.5962,0.0,7.917306581780474,0.0,395.8653290890237,0.0,0.0,0.0,329.2691290890237,852.0
5976,49.9463,0.0,6.9864980694980705,0.0,349.3249034749035,0.0,0.0,0.0,299.3786034749035,852.0
5977,39.9557,0.0,6.047105412024268,0.0,302.3552706012134,0.0,0.0,0.0,262.39957060121344,852.0
5978,33.2964,0.0,5.6632244872895745,0.0,283.1612243644787,0.0,0.0,0.0,249.8648243644787,852.0
5979,26.6371,0.0,5.693795923027027,0.0,284.68979615135135,0.0,0.0,0.0,258.05269615135137,852.0
5980,26.6371,0.0,5.642897476518476,0.0,282.1448738259238,0.0,0.0,0.0,255.5077738259238,852.0
5981,33.2964,0.0007066735914572173,5.356257933167127,0.38160373938689734,267.81289665835635,0.0,0.0,0.0,234.89810039774324,852.0
5982,83.2427,0.020425923853837295,5.05292474588417,11.029998881072139,252.64623729420853,0.0,0.0,0.0,180.43353617528066,852.0
5983,133.189,0.06091706713476931,5.399024361831219,32.89521625277543,269.951218091561,0.0,0.0,0.0,169.6574343443364,852.0
5984,166.4889,0.10476086223417261,5.680196622402646,56.57086560645321,284.00983112013233,0.0,0.0,0.0,174.09179672658553,852.0
5985,199.7853,0.14757563515947078,5.605743207077773,79.69084298611423,280.2871603538887,0.0,0.0,0.0,160.19270334000294,852.0
5986,233.0817,0.1840265850322982,5.297371751536681,99.37435591744104,264.86858757683405,0.0,0.0,0.0,131.16124349427508,852.0
5987,249.7316,0.1893249338822748,4.9614188508416985,102.23546429642839,248.07094254208494,0.0,0.0,0.0,100.57480683851335,852.0
5988,249.7316,0.19101066258450314,4.638178425822395,103.1457577956317,231.90892129111975,0.0,0.0,0.0,85.32307908675145,852.0
5989,216.4318,0.1679420438346207,4.491614393822394,90.68870367069518,224.58071969111967,0.0,0.0,0.0,98.83762336181485,852.0
5990,199.7853,0.1410005945581325,4.503477628116932,76.14032106139155,225.1738814058466,0.0,0.0,0.0,101.52890246723814,852.0
5991,183.1354,0.09811267730654084,4.809006239382238,52.98084574553205,240.45031196911188,0.0,0.0,0.0,110.29575771464391,852.0
5992,166.4889,0.05086149568056097,5.366109405405407,27.465207667502924,268.30547027027035,0.0,0.0,0.0,129.28177793777326,852.0
5993,133.189,0.012018417740535307,5.917486343942635,6.489945579889066,295.87431719713175,0.0,0.0,0.0,169.17526277702083,852.0
5994,183.1354,0.0,6.497444408163264,0.0,324.8722204081632,0.0,0.0,0.0,141.73682040816317,852.0
5995,199.7853,0.0,6.906048778872585,0.0,345.3024389436293,0.0,0.0,0.0,145.51713894362928,852.0
5996,183.1354,0.0,7.129612543293989,0.0,356.48062716469946,0.0,0.0,0.0,173.34522716469945,852.0
5997,149.839,0.0,7.05977039369884,0.0,352.988519684942,0.0,0.0,0.0,203.149519684942,852.0
5998,99.8926,0.0,6.571298343077772,0.0,328.5649171538886,0.0,0.0,0.0,228.67231715388857,852.0
5999,66.5962,0.0,5.704008003035852,0.0,285.2004001517926,0.0,0.0,0.0,218.6042001517926,852.0
6000,49.9463,0.0,4.9865647799845565,0.0,249.32823899922784,0.0,0.0,0.0,199.38193899922783,852.0
6001,39.9557,0.0,3.951273524138996,0.0,197.5636762069498,0.0,0.0,0.0,157.6079762069498,852.0
6002,33.2964,0.0,2.6572544776613345,0.0,132.86272388306674,0.0,0.0,0.0,99.56632388306673,852.0
6003,26.6371,0.0,2.320307467119691,0.0,116.01537335598455,0.0,0.0,0.0,89.37827335598455,852.0
6004,26.6371,0.0,2.4229519972818543,0.0,121.14759986409271,0.0,0.0,0.0,94.51049986409271,852.0
6005,33.2964,0.0006398030474683642,2.272904578047436,0.3454936456329167,113.64522890237181,0.0,0.0,0.0,80.69432254800472,852.0
6006,83.2427,0.01964468734512287,2.1675461115763923,10.60813116636635,108.37730557881962,0.0,0.0,0.0,35.742736745185965,852.0
6007,133.189,0.05858428158642349,2.3078938232939876,31.63551205666868,115.39469116469938,0.0,0.0,0.0,13.841203221368062,852.0
6008,166.4889,0.10068151165807392,2.3682059273601763,54.368016295359915,118.41029636800882,0.0,0.0,0.0,6.289412663368722,852.0
6009,199.7853,0.13535706585911486,2.4633634513756197,73.09281556392203,123.16817256878099,3.5243118672970013,0.0,0.0,0.0,851.7648106861998
6010,233.0817,0.16097510509578405,2.446306332911196,86.9265567517234,122.31531664555979,23.839826602716812,0.0,0.0,0.0,850.1738979999991
6011,249.7316,0.17139448299860854,2.279059550429122,92.55302081924862,113.9529775214561,43.22560165929528,0.0,0.0,0.0,847.2893066313441
6012,249.7316,0.17986549767978155,2.100006129738555,97.12736874708203,105.00030648692776,47.6039247659902,0.0,0.0,0.0,844.1125348751885
6013,216.4318,0.16040778679694556,2.2708547847413127,86.6202048703506,113.54273923706563,16.26885589258376,0.0,0.0,0.0,843.0268588062808
6014,199.7853,0.14352612305120618,2.819725654557088,77.50410644765134,140.98628272785442,0.0,0.0,0.0,0.0,843.3807388717632
6015,183.1354,0.09764935097039612,3.2930965250965243,52.730649524013906,164.65482625482622,0.0,0.0,0.0,0.0,844.02871327839
6016,166.4889,0.05119044957593696,3.7289282950777722,27.642842771005956,186.4464147538886,0.0,0.0,0.0,0.0,844.929260582915
6017,133.189,0.011743332189078264,4.260971523212356,6.341399382102263,213.04857616061778,0.0,0.0,0.0,0.0,846.5600898499395
6018,183.1354,0.0,4.892647728997241,0.0,244.63238644986208,0.0,0.0,0.0,0.0,847.7235463503423
6019,199.7853,0.0,5.478502861167126,0.0,273.9251430583563,0.0,0.0,0.0,0.0,849.1261920298247
6020,183.1354,0.0,5.879271997281855,0.0,293.9635998640927,0.0,0.0,0.0,1.9393109752038242,851.1862520898848
6021,149.839,0.0,5.907049690016549,0.0,295.3524845008274,0.0,0.0,0.0,102.50109496616477,852.0
6022,99.8926,0.0,5.428748865976836,0.0,271.4374432988418,0.0,0.0,0.0,171.54484329884178,852.0
6023,66.5962,0.0,4.695738518239382,0.0,234.7869259119691,0.0,0.0,0.0,168.19072591196908,852.0
6024,49.9463,0.0,4.051176396355212,0.0,202.5588198177606,0.0,0.0,0.0,152.61251981776059,852.0
6025,39.9557,0.0,3.42402625687369,0.0,171.2013128436845,0.0,0.0,0.0,131.24561284368448,852.0
6026,33.2964,0.0,2.6240419062327645,0.0,131.20209531163823,0.0,0.0,0.0,97.90569531163823,852.0
6027,26.6371,0.0,2.0374041263938225,0.0,101.87020631969112,0.0,0.0,0.0,75.23310631969112,852.0
6028,26.6371,0.0,1.5883721090965246,0.0,79.41860545482623,0.0,0.0,0.0,52.78150545482623,852.0
6029,33.2964,0.0006612423420760555,1.253776433738555,0.35707086472106997,62.68882168692775,0.0,0.0,0.0,29.74949255164882,852.0
6030,83.2427,0.020051519649116237,1.2646876205184774,10.82782061052277,63.23438102592387,9.180498363553369,0.0,0.0,0.0,851.387354129893
6031,133.189,0.0604173317839248,1.3971209343011584,32.625359163319395,69.85604671505791,30.70759412162269,0.0,0.0,0.0,849.3381319662878
6032,166.4889,0.10474470001759553,1.5081945592939883,56.56213800950159,75.40972796469941,34.517034025799006,0.0,0.0,0.0,847.0346929255271
6033,199.7853,0.13903637465893168,1.5935537209045785,75.07964231582311,79.67768604522892,45.027971638947974,0.0,0.0,0.0,844.0298232799516
6034,233.0817,0.1628320934945064,1.6143572371274124,87.92933048703345,80.71786185637062,64.43450765659594,0.0,0.0,0.0,839.7298895024011
6035,249.7316,0.17935966857556382,1.5952826359316057,96.85422103080447,79.76413179658029,73.11324717261525,0.0,0.0,0.0,834.8507939286529
6036,249.7316,0.18774476780678212,1.6300409568582457,101.38217461566234,81.50204784291229,66.84737754142535,0.0,0.0,0.0,830.389841139769
6037,216.4318,0.17471155963421617,1.847727005158302,94.34424220247672,92.3863502579151,29.70120753960819,0.0,0.0,0.0,828.4077785745633
6038,199.7853,0.1422324591947918,2.3120279601632645,76.80552796518758,115.60139800816323,7.3783740266491975,0.0,0.0,0.0,827.915394588801
6039,183.1354,0.09207833584117764,2.937895181096526,49.722301354235924,146.8947590548263,0.0,0.0,0.0,0.0,828.1704530289724
6040,166.4889,0.048009653775233176,3.578589480525096,25.925213038625916,178.9294740262548,0.0,0.0,0.0,0.0,828.8962922437133
6041,133.189,0.0106568834100139,4.423748277127413,5.754717041407506,221.18741385637065,0.0,0.0,0.0,0.0,830.6700001255632
6042,183.1354,0.0,5.478502861167126,0.0,273.9251430583563,0.0,0.0,0.0,0.0,832.3876439131537
6043,199.7853,0.0,6.497444408163264,0.0,324.8722204081632,0.0,0.0,0.0,16.19803151927428,834.4477039732138
6044,183.1354,0.0,7.102402343077771,0.0,355.12011715388854,0.0,0.0,0.0,63.09582826499965,836.5077640332739
6045,149.839,0.0,6.936629894424709,0.0,346.83149472123546,0.0,0.0,0.0,88.10360583234657,838.567824093334
6046,99.8926,0.0,6.39853350802427,0.0,319.9266754012135,0.0,0.0,0.0,111.14518651232461,840.6278841533941
6047,66.5962,0.0,5.72787823945284,0.0,286.393911972642,0.0,0.0,0.0,110.9088230837531,842.6879442134542
6048,49.9463,0.0,5.081521109074463,0.0,254.07605545372314,0.0,0.0,0.0,95.24086656483425,844.7480042735143
6049,39.9557,0.0,4.563063179931605,0.0,228.15315899658026,0.0,0.0,0.0,79.30857010769137,846.8080643335744
6050,33.2964,0.0,4.212243711293988,0.0,210.61218556469942,0.0,0.0,0.0,68.42689667581053,848.8681243936345
6051,26.6371,0.0,3.809438769738556,0.0,190.4719384869278,0.0,0.0,0.0,54.94594959803891,850.9281844536946
6052,26.6371,0.0,3.2336060708571415,0.0,161.68030354285708,0.0,0.0,0.0,78.39009609528584,852.0
6053,33.2964,6.468668049854775e-05,2.826605586321015,0.03493080746921579,141.33027931605076,0.0,0.0,0.0,108.06881012351997,852.0
6054,83.2427,0.018043818101507732,2.7945750635102042,9.743661774814177,139.7287531755102,0.0,0.0,0.0,66.22971495032438,852.0
6055,133.189,0.04984483784381105,3.020489364262549,26.916212435657968,151.02446821312745,0.0,0.0,0.0,44.751680648785424,852.0
6056,166.4889,0.08773320624884176,3.0181125137297298,47.37593137437455,150.9056256864865,0.0,0.0,0.0,31.792657060861046,852.0
6057,199.7853,0.125271556376,2.699637155618313,67.64664044304,134.98185778091565,0.0,0.0,0.0,2.8431982239556532,852.0
6058,233.0817,0.1466692425637304,2.571353996108109,79.20139098441443,128.56769980540545,25.312609210180142,0.0,0.0,0.0,850.3108035228441
6059,249.7316,0.15894293207946353,2.7063612649266418,85.82918332291031,135.3180632463321,28.584353430757602,0.0,0.0,0.0,848.4032724297005
6060,249.7316,0.16801538375892106,2.861138462217319,90.72830722981737,143.05692311086597,15.946369659316645,0.0,0.0,0.0,847.3391169636133
6061,216.4318,0.15588002070262516,2.8542141056988415,84.17521117941759,142.71070528494207,0.0,0.0,0.0,0.0,847.5368975453714
6062,199.7853,0.12491023482960693,2.7718141102173197,67.45152680798775,138.59070551086597,0.0,0.0,0.0,0.0,847.6552719405929
6063,183.1354,0.08512291774210302,2.735600516271374,45.96637558073564,136.7800258135687,0.3889986056956616,0.0,0.0,0.0,847.6293127410137
6064,166.4889,0.04412143475906931,3.35821231994705,23.825574769897425,167.91061599735252,0.0,0.0,0.0,0.0,848.1069641879617
6065,133.189,0.009638246263642973,4.883312964024268,5.2046529823672065,244.16564820121337,0.0,0.0,0.0,7.292412294691701,850.1670242480218
6066,183.1354,0.0,6.814793319360178,0.0,340.7396659680089,0.0,0.0,0.0,60.71840479201778,852.0
6067,199.7853,0.0,7.996346420138997,0.0,399.81732100694984,0.0,0.0,0.0,200.03202100694983,852.0
6068,183.1354,0.0,8.55879451707446,0.0,427.939725853723,0.0,0.0,0.0,244.80432585372301,852.0
6069,149.839,0.0,8.597999042718147,0.0,429.89995213590737,0.0,0.0,0.0,280.06095213590737,852.0
6070,99.8926,0.0,8.117911990857143,0.0,405.89559954285716,0.0,0.0,0.0,306.00299954285714,852.0
6071,66.5962,0.0,7.06751012769112,0.0,353.375506384556,0.0,0.0,0.0,286.779306384556,852.0
6072,49.9463,0.0,5.758655142301159,0.0,287.932757115058,0.0,0.0,0.0,237.986457115058,852.0
6073,39.9557,0.0,4.482728733476007,0.0,224.13643667380035,0.0,0.0,0.0,184.18073667380034,852.0
6074,33.2964,0.0,3.6309490715675676,0.0,181.5474535783784,0.0,0.0,0.0,148.2510535783784,852.0
6075,26.6371,0.0,3.3305783430777725,0.0,166.5289171538886,0.0,0.0,0.0,139.8918171538886,852.0
6076,26.6371,0.0,3.2114490991902924,0.0,160.57245495951463,0.0,0.0,0.0,133.93535495951463,852.0
6077,33.2964,0.0,3.0109879811671263,0.0,150.5493990583563,0.0,0.0,0.0,117.2529990583563,852.0
6078,83.2427,0.01920700163559053,2.826605586321015,10.371780883218886,141.33027931605076,0.0,0.0,0.0,68.45936019926965,852.0
6079,133.189,0.05056526962178915,2.8105662055642573,27.305245595766145,140.52831027821287,0.0,0.0,0.0,34.644555873979016,852.0
6080,166.4889,0.08793696075088174,3.04431309844898,47.485958805476145,152.215654922449,0.0,0.0,0.0,33.21271372792515,852.0
6081,199.7853,0.1250997687072017,3.4214819971671258,67.5538751018889,171.07409985835628,0.0,0.0,0.0,38.842674960245176,852.0
6082,233.0817,0.15334850549284704,3.575982550239383,82.80819296613741,178.79912751196915,0.0,0.0,0.0,28.525620478106532,852.0
6083,249.7316,0.16767154892288552,3.511150238711527,90.54263641835819,175.55751193557637,0.0,0.0,0.0,16.368548353934585,852.0
6084,249.7316,0.16833597796591634,3.625694146718148,90.90142810159483,181.2847073359074,0.0,0.0,0.0,22.454535437502244,852.0
6085,216.4318,0.14540648605154732,3.9375090916183124,78.51950246783555,196.87545458091563,0.0,0.0,0.0,58.96315704875116,852.0
6086,199.7853,0.11802320996149145,4.115740840595699,63.73253337920538,205.7870420297849,0.0,0.0,0.0,69.7342754089903,852.0
6087,183.1354,0.07978846985474762,4.344832176503034,43.08577372156371,217.2416088251517,0.0,0.0,0.0,77.1919825467154,852.0
6088,166.4889,0.04058007006283133,4.668422232286818,21.91323783392892,233.4211116143409,0.0,0.0,0.0,88.84544944826982,852.0
6089,133.189,0.008264978969680668,5.03707845937562,4.463088643627561,251.853922968781,0.0,0.0,0.0,123.12801161240859,852.0
6090,183.1354,0.0,5.865412244262549,0.0,293.27061221312744,0.0,0.0,0.0,110.13521221312743,852.0
6091,199.7853,0.0,6.990343009853281,0.0,349.51715049266403,0.0,0.0,0.0,149.73185049266402,852.0
6092,183.1354,0.0,8.160091340178708,0.0,408.0045670089354,0.0,0.0,0.0,224.8691670089354,852.0
6093,149.839,0.0,8.725074519510205,0.0,436.25372597551024,0.0,0.0,0.0,286.41472597551024,852.0
6094,99.8926,0.0,8.911152191293988,0.0,445.5576095646994,0.0,0.0,0.0,345.6650095646994,852.0
6095,66.5962,0.0,8.911152191293988,0.0,445.5576095646994,0.0,0.0,0.0,378.9614095646994,852.0
6096,49.9463,0.0,8.189696468333151,0.0,409.48482341665755,0.0,0.0,0.0,359.53852341665754,852.0
6097,39.9557,0.0,7.246941182587974,0.0,362.3470591293987,0.0,0.0,0.0,322.3913591293987,852.0
6098,33.2964,0.0,6.504807299212356,0.0,325.2403649606178,0.0,0.0,0.0,291.9439649606178,852.0
6099,26.6371,0.0,6.189116505239933,0.0,309.45582526199667,0.0,0.0,0.0,282.8187252619967,852.0
6100,26.6371,0.0,5.858489635159405,0.0,292.9244817579702,0.0,0.0,0.0,266.28738175797025,852.0
6101,33.2964,0.0,5.775795570232764,0.0,288.7897785116382,0.0,0.0,0.0,255.49337851163818,852.0
6102,83.2427,0.017675064162001108,6.050631801822394,9.5445346474806,302.5315900911197,0.0,0.0,0.0,228.83342473860029,852.0
6103,133.189,0.04574492561455722,6.552787944842802,24.7022598318609,327.6393972421401,0.0,0.0,0.0,219.15265707400098,852.0
6104,166.4889,0.08172666807968348,6.9864980694980705,44.13240076302908,349.3249034749035,0.0,0.0,0.0,226.9684042379326,852.0
6105,199.7853,0.12356846158747953,7.215540234448977,66.72696925723895,360.7770117224489,0.0,0.0,0.0,227.71868097968786,852.0
6106,233.0817,0.14294090150242922,7.337679280750138,77.18808681131179,366.8839640375069,0.0,0.0,0.0,210.9903508488187,852.0
6107,249.7316,0.1463128958224454,7.129612543293989,79.0089637441205,356.48062716469946,0.0,0.0,0.0,185.75799090882,852.0
6108,249.7316,0.14963471528174527,6.735543354140098,80.80274625214246,336.77716770700493,0.0,0.0,0.0,167.84831395914742,852.0
6109,216.4318,0.14276558683496735,6.504807299212356,77.09341689088238,325.2403649606178,0.0,0.0,0.0,185.90198185150018,852.0
6110,199.7853,0.1210686803135908,6.731783445321566,65.37708736933904,336.5891722660783,0.0,0.0,0.0,202.18095963541737,852.0
6111,183.1354,0.08009270846016359,7.2823659631902915,43.25006256848834,364.11829815951455,0.0,0.0,0.0,224.23296072800287,852.0
6112,166.4889,0.04083401627552087,7.888307335942637,22.05036878878127,394.41536679713187,0.0,0.0,0.0,249.97683558591314,852.0
6113,133.189,0.008232295212302013,8.164316629250965,4.445439414643087,408.2158314625483,0.0,0.0,0.0,279.47227087719136,852.0
6114,183.1354,0.0,8.524038361204633,0.0,426.20191806023166,0.0,0.0,0.0,243.06651806023166,852.0
6115,199.7853,0.0,9.423869889306125,0.0,471.1934944653063,0.0,0.0,0.0,271.4081944653063,852.0
6116,183.1354,0.0,10.77692195960728,0.0,538.846097980364,0.0,0.0,0.0,355.710697980364,852.0
6117,149.839,0.0,11.577473811591837,0.0,578.8736905795919,0.0,0.0,0.0,429.0346905795919,852.0
6118,99.8926,0.0,11.656349245281856,0.0,582.8174622640928,0.0,0.0,0.0,482.9248622640928,852.0
6119,66.5962,0.0,11.353220904525099,0.0,567.6610452262549,0.0,0.0,0.0,501.06484522625493,852.0
6120,49.9463,0.0,10.817106002285714,0.0,540.8553001142857,0.0,0.0,0.0,490.9090001142857,852.0
6121,39.9557,0.0,9.911523223510207,0.0,495.5761611755103,0.0,0.0,0.0,455.62046117551034,852.0
6122,33.2964,0.0,9.086109121306121,0.0,454.30545606530603,0.0,0.0,0.0,421.009056065306,852.0
6123,26.6371,0.0,8.641688772271374,0.0,432.0844386135687,0.0,0.0,0.0,405.4473386135687,852.0
6124,26.6371,0.0,8.791253502587976,0.0,439.56267512939877,0.0,0.0,0.0,412.9255751293988,852.0
6125,33.2964,0.0,8.996125705884172,0.0,449.8062852942086,0.0,0.0,0.0,416.5098852942086,852.0
6126,83.2427,0.014398696060867583,8.911152191293988,7.7752958728684956,445.5576095646994,0.0,0.0,0.0,370.0902054375679,852.0
6127,133.189,0.038410508810541415,8.996125705884172,20.741674757692365,449.8062852942086,0.0,0.0,0.0,337.3589600519009,852.0
6128,166.4889,0.06824275475142244,8.929000071730833,36.85108756576812,446.45000358654164,0.0,0.0,0.0,316.81219115230977,852.0
6129,199.7853,0.11605937017625681,8.330148607293987,62.67205989517868,416.50743036469936,0.0,0.0,0.0,279.39419025987803,852.0
6130,233.0817,0.13790073363233848,7.884169884169884,74.46639616146278,394.2084942084942,0.0,0.0,0.0,235.59319036995697,852.0
6131,249.7316,0.15898627730126005,7.45306507169112,85.85258974268044,372.653253584556,0.0,0.0,0.0,208.77424332723646,852.0
6132,249.7316,0.15714072671467358,6.948118817429673,84.85599242592374,347.40594087148366,0.0,0.0,0.0,182.5303332974074,852.0
6133,216.4318,0.1347588142177766,6.519548071077772,72.76975967759937,325.97740355388856,0.0,0.0,0.0,182.31536323148794,852.0
6134,199.7853,0.11079816625801335,6.286086221837837,59.83100977932721,314.30431109189186,0.0,0.0,0.0,174.35002087121904,852.0
6135,183.1354,0.07332507996790001,6.2213398613215665,39.595543182666006,311.06699306607834,0.0,0.0,0.0,167.52713624874434,852.0
6136,166.4889,0.03837322861019942,6.814793319360178,20.72154344950769,340.7396659680089,0.0,0.0,0.0,194.9723094175166,852.0
6137,133.189,0.007700770209588954,7.477074462217321,4.158415913178035,373.85372311086604,0.0,0.0,0.0,244.82313902404408,852.0
6138,183.1354,0.0,8.063278482321016,0.0,403.1639241160508,0.0,0.0,0.0,220.0285241160508,852.0
6139,199.7853,0.0,8.372998950548261,0.0,418.6499475274131,0.0,0.0,0.0,218.86464752741307,852.0
6140,183.1354,0.0,8.046513511536677,0.0,402.3256755768339,0.0,0.0,0.0,219.19027557683387,852.0
6141,149.839,0.0,7.505144688997242,0.0,375.2572344498621,0.0,0.0,0.0,225.4182344498621,852.0
6142,99.8926,0.0,6.814793319360178,0.0,340.7396659680089,0.0,0.0,0.0,240.8470659680089,852.0
6143,66.5962,0.0,6.278872423607281,0.0,313.943621180364,0.0,0.0,0.0,247.347421180364,852.0
6144,49.9463,0.0,5.772365074321015,0.0,288.61825371605073,0.0,0.0,0.0,238.67195371605072,852.0
6145,39.9557,0.0,5.568733532169885,0.0,278.4366766084942,0.0,0.0,0.0,238.48097660849422,852.0
6146,33.2964,0.0,5.448618462217318,0.0,272.43092311086593,0.0,0.0,0.0,239.13452311086593,852.0
6147,26.6371,0.0,5.203300006618862,0.0,260.16500033094314,0.0,0.0,0.0,233.52790033094314,852.0
6148,26.6371,0.0,4.626112578047435,0.0,231.30562890237175,0.0,0.0,0.0,204.66852890237175,852.0
6149,33.2964,0.0,4.189423050625483,0.0,209.47115253127416,0.0,0.0,0.0,176.17475253127415,852.0
6150,83.2427,0.018753349340892372,4.441395483004963,10.126808644081882,222.06977415024815,0.0,0.0,0.0,148.95388279433,852.0
6151,133.189,0.050834786695496376,4.635160268178709,27.450784815568046,231.75801340893548,0.0,0.0,0.0,126.01979822450355,852.0
6152,166.4889,0.08650987182034905,5.03707845937562,46.715330782988495,251.853922968781,0.0,0.0,0.0,132.0803537517695,852.0
6153,199.7853,0.12114912466072952,5.033912677348041,65.42052731679394,251.69563386740202,0.0,0.0,0.0,117.33086118419595,852.0
6154,233.0817,0.14874190425872302,4.759834261498068,80.32062829971044,237.9917130749034,0.0,0.0,0.0,85.23064137461381,852.0
6155,249.7316,0.16762235192128813,4.542157112163267,90.5160700374956,227.10785560816333,0.0,0.0,0.0,67.89232564565893,852.0
6156,249.7316,0.16138867629106807,4.638178425822395,87.14988519717676,231.90892129111975,0.0,0.0,0.0,69.32720648829653,852.0
6157,216.4318,0.1430761021203299,4.753708289306123,77.26109514497816,237.68541446530614,0.0,0.0,0.0,98.51470961028429,852.0
6158,199.7853,0.12507697588966113,4.839887218974077,67.541566980417,241.99436094870384,0.0,0.0,0.0,109.75062792912081,852.0
6159,183.1354,0.08411024430801371,4.9269636708041915,45.41953192632741,246.34818354020956,0.0,0.0,0.0,108.63231546653697,852.0
6160,166.4889,0.043588446598768725,5.219448979591839,23.537761163335112,260.97244897959195,0.0,0.0,0.0,118.02131014292706,852.0
6161,133.189,0.008513347387613227,5.724464599510203,4.597207589311142,286.22322997551015,0.0,0.0,0.0,157.6314375648213,852.0
6162,183.1354,0.0,6.501125229290679,0.0,325.0562614645339,0.0,0.0,0.0,141.9208614645339,852.0
6163,199.7853,0.0,7.405186787618311,0.0,370.25933938091555,0.0,0.0,0.0,170.47403938091554,852.0
6164,183.1354,0.0,8.092668505239933,0.0,404.63342526199665,0.0,0.0,0.0,221.49802526199664,852.0
6165,149.839,0.0,8.14742349862548,0.0,407.371174931274,0.0,0.0,0.0,257.532174931274,852.0
6166,99.8926,0.0,7.678980694980695,0.0,383.94903474903475,0.0,0.0,0.0,284.05643474903474,852.0
6167,66.5962,0.0,6.750595612911196,0.0,337.5297806455598,0.0,0.0,0.0,270.9335806455598,852.0
6168,49.9463,0.0,5.501812743730832,0.0,275.0906371865416,0.0,0.0,0.0,225.14433718654158,852.0
6169,39.9557,0.0,4.336113740425813,0.0,216.80568702129065,0.0,0.0,0.0,176.84998702129064,852.0
6170,33.2964,0.0,3.459755006587977,0.0,172.98775032939886,0.0,0.0,0.0,139.69135032939886,852.0
6171,26.6371,0.0,2.840392076108107,0.0,142.01960380540535,0.0,0.0,0.0,115.38250380540535,852.0
6172,26.6371,0.0,2.3265269330744625,0.0,116.32634665372312,0.0,0.0,0.0,89.68924665372312,852.0
6173,33.2964,0.0,1.9719069296679543,0.0,98.59534648339772,0.0,0.0,0.0,65.29894648339771,852.0
6174,83.2427,0.021614139793738812,1.799870390857142,11.671635488618959,89.9935195428571,0.0,0.0,0.0,18.422455031476062,852.0
6175,133.189,0.06033502454991372,1.6004745172509642,32.58091325695341,80.02372586254822,20.584360880498366,0.0,0.0,0.0,850.6263356102437
6176,166.4889,0.10557147341670217,1.466308911196911,57.00859564501918,73.31544555984554,36.164858795135274,0.0,0.0,0.0,848.212931619911
6177,199.7853,0.1442696269526537,1.4563345819393272,77.905598554433,72.81672909696636,49.06297234860065,0.0,0.0,0.0,844.9387926577087
6178,233.0817,0.17038732058748218,1.684596904595697,92.00915311724039,84.22984522978484,56.84270165297477,0.0,0.0,0.0,841.1454859074269
6179,249.7316,0.18188877531320904,1.9566472895752898,98.21993866913289,97.83236447876449,53.679296852102624,0.0,0.0,0.0,837.5632839152945
6180,249.7316,0.18172468180262433,2.3099604238543856,98.13132817341713,115.49802119271928,36.10225063386358,0.0,0.0,0.0,835.1540579804354
6181,216.4318,0.16661432399887294,2.6240419062327645,89.97173495939138,131.20209531163823,0.0,0.0,0.0,0.0,835.243772066644
6182,199.7853,0.1269383002189634,2.933212455854384,68.54668211824024,146.6606227927192,0.0,0.0,0.0,0.0,835.5355397271217
6183,183.1354,0.09199515698942956,3.2336060708571415,49.67738477429196,161.68030354285708,0.0,0.0,0.0,0.0,836.0694749115002
6184,166.4889,0.04693949762316655,3.4011652715102034,25.347328716509935,170.05826357551018,0.0,0.0,0.0,0.0,836.6165474683762
6185,133.189,0.009004104773683446,3.73426583160728,4.862216577789061,186.713291580364,0.0,0.0,0.0,0.0,837.7211570821792
6186,183.1354,0.0,4.240868559567566,0.0,212.0434279783783,0.0,0.0,0.0,0.0,838.268065719608
6187,199.7853,0.0,4.617075057667953,0.0,230.85375288339765,0.0,0.0,0.0,0.0,838.8558472606452
6188,183.1354,0.0,4.769031765003859,0.0,238.45158825019297,0.0,0.0,0.0,0.0,839.9023697410543
6189,149.839,0.0,4.644218133780475,0.0,232.21090668902374,0.0,0.0,0.0,0.0,841.4607571649007
6190,99.8926,0.0,4.333209813780473,0.0,216.66049068902367,0.0,0.0,0.0,7.8790018001347875,843.5208172249608
6191,66.5962,0.0,3.718265976833976,0.0,185.9132988416988,0.0,0.0,0.0,10.428209952809922,845.5808772850208
6192,49.9463,0.0,2.8889249665482635,0.0,144.44624832741317,0.0,0.0,0.0,10.428209952809922,847.3687141452692
6193,39.9557,0.0,2.2097932852597895,0.0,110.48966426298948,0.0,0.0,0.0,10.428209952809922,848.7031404961906
6194,33.2964,0.0,1.8458753179393268,0.0,92.29376589696633,0.0,0.0,0.0,10.428209952809922,849.8193068780251
6195,26.6371,0.0,1.7489978652664095,0.0,87.44989326332048,0.0,0.0,0.0,10.428209952809922,850.9698191830068
6196,26.6371,0.0,1.6775107590777716,0.0,83.87553795388858,0.0,0.0,0.0,2.7860233413934097,852.0
6197,33.2964,0.0,1.525096525096525,0.0,76.25482625482624,0.0,0.0,0.0,42.95842625482624,852.0
6198,83.2427,0.023204960499636128,1.3373845058929952,12.53067866980351,66.86922529464977,3.8427960355467263,0.0,0.0,0.0,851.743557154785
6199,133.189,0.06627015183598639,1.1664025619768337,35.78588199143265,58.320128098841685,39.082989909725654,0.0,0.0,0.0,849.1354163533351
6200,166.4889,0.11651364039855149,1.040922876858246,62.9173658152178,52.046143842912294,51.52539034186991,0.0,0.0,0.0,845.6969518660566
6201,199.7853,0.1634389667524155,0.9923198020694981,88.25704204630438,49.61599010347491,61.912267850220736,0.0,0.0,0.0,841.5653357265691
6202,233.0817,0.19087532375290395,0.9224689083022618,103.07267482656813,46.12344541511309,77.4,6.485579758318778,0.0,0.0,836.4001705614039
6203,249.7316,0.20617375988975958,0.8465021299856592,111.33383034047017,42.32510649928296,77.4,18.672663160246856,0.0,0.0,831.2350053962388
6204,249.7316,0.20747659396518567,0.8787683397683399,112.03736074120026,43.938416988416996,77.4,16.35582227038273,0.0,0.0,826.0698402310736
6205,216.4318,0.18670800695709416,1.0394805162713734,100.82232375683085,51.97402581356867,63.635450429600496,0.0,0.0,0.0,821.8232302591283
6206,199.7853,0.15959694402905178,1.1363628978621068,86.18234977568797,56.81814489310534,56.78480533120671,0.0,0.0,0.0,818.0337871272493
6207,183.1354,0.1135948951071589,1.025099861003861,61.3412433578658,51.25499305019305,70.53916359194116,0.0,0.0,0.0,813.3264689028955
6208,166.4889,0.05773150364365842,0.9683545592939882,31.17501196757555,48.41772796469941,77.4,9.496160067725043,0.0,0.0,808.1613037377303
6209,133.189,0.010562941464731914,1.0904296745725317,5.703988390955233,54.521483728626585,72.96352788041818,0.0,0.0,0.0,803.2921994414062
6210,183.1354,0.0,1.303981983452841,0.0,65.19909917264205,77.4,40.53630082735795,0.0,0.0,798.127034276241
6211,199.7853,0.0,1.5048243140694981,0.0,75.24121570347491,77.4,47.144084296525094,0.0,0.0,792.9618691110759
6212,183.1354,0.0,1.6143572371274124,0.0,80.71786185637062,77.4,25.01753814362938,0.0,0.0,787.7967039459107
6213,149.839,0.0,1.6370338532818538,0.0,81.8516926640927,67.9873073359073,0.0,0.0,0.0,783.2596797660037
6214,99.8926,0.0,1.579753187618312,0.0,78.9876593809156,20.9049406190844,0.0,0.0,0.0,781.864622000299
6215,66.5962,0.0,1.4150992875102042,0.0,70.75496437551021,0.0,0.0,0.0,0.0,781.9433013263222
6216,49.9463,0.0,1.155852376710425,0.0,57.792618835521246,0.0,0.0,0.0,0.0,782.0917451961834
6217,39.9557,0.0,0.7989141842250416,0.0,39.94570921125208,0.009990788747920476,0.0,0.0,0.0,782.091078476881
6218,33.2964,0.0,0.4855083276072809,0.0,24.275416380364046,9.020983619635953,0.0,0.0,0.0,781.4890775679963
6219,26.6371,0.0,0.284269670618864,0.0,14.213483530943199,12.423616469056801,0.0,0.0,0.0,780.6600073998911
6220,26.6371,0.0,0.19066556646442376,0.0,9.533278323221188,17.103821676778814,0.0,0.0,0.0,779.5186112252646
6221,33.2964,0.0,0.14926254826254803,0.0,7.463127413127402,25.833272586872596,0.0,0.0,0.0,777.7946691106919
6222,83.2427,0.02210743680348123,0.14203390492664084,11.938015873879865,7.101695246332042,64.2029888797881,0.0,0.0,0.0,773.5101853682969
6223,133.189,0.06278107624728954,0.020204633204633126,33.90178117353636,1.0102316602316563,77.4,20.87698716623197,0.0,0.0,768.3450202031318
6224,166.4889,0.11105169739324722,0.0,59.967916592353504,0.0,77.4,29.12098340764649,0.0,0.0,763.1798550379666
6225,199.7853,0.15025029039426224,0.0,81.13515681290161,0.0,77.4,41.25014318709839,0.0,0.0,758.0146898728015
6226,233.0817,0.1801327645946443,0.0,97.27169288110792,0.0,77.4,58.41000711889208,0.0,0.0,752.8495247076363
6227,249.7316,0.20050990778096067,0.0,108.27535020171877,0.0,77.4,60.0,4.056249798281215,0.0,747.6843595424712
6228,249.7316,0.1946780141876573,0.0,105.12612766133493,0.0,77.4,60.0,7.205472338665032,0.0,742.519194377306
6229,216.4318,0.1766951331714412,0.0,95.41537191257825,0.0,77.4,43.61642808742175,0.0,0.0,737.3540292121409
6230,199.7853,0.15045152417344226,0.09166794484280186,81.24382305365883,4.583397242140093,77.4,36.55807970420108,0.0,0.0,732.1888640469757
6231,183.1354,0.10487481765525838,0.4765430909740762,56.632401533839534,23.82715454870381,77.4,25.275843917456655,0.0,0.0,727.0236988818106
6232,166.4889,0.05208484980993896,0.8652712498621068,28.125818897367036,43.26356249310534,77.4,17.699518609527615,0.0,0.0,721.8585337166454
6233,133.189,0.008830808166333675,1.1498412664092665,4.768636409820185,57.49206332046333,70.92830026971649,0.0,0.0,0.0,717.1252470786931
6234,183.1354,0.0,1.3293986750270266,0.0,66.46993375135133,77.4,39.265466248648664,0.0,0.0,711.9600819135279
6235,199.7853,0.0,1.6091447862857151,0.0,80.45723931428576,77.4,41.92806068571424,0.0,0.0,706.7949167483628
6236,183.1354,0.0,1.8347837837837837,0.0,91.73918918918919,77.4,13.996210810810808,0.0,0.0,701.6297515831976
6237,149.839,0.0,1.8756087235918366,0.0,93.78043617959183,56.05856382040817,0.0,0.0,0.0,697.8887730166039
6238,99.8926,0.0,1.7816226501400991,0.0,89.08113250700495,10.81146749299505,0.0,0.0,0.0,697.1672870310854
6239,66.5962,0.0,1.5849219768339768,0.0,79.24609884169884,0.0,0.0,0.0,0.0,697.406609441604
6240,49.9463,0.0,1.2584477813480417,0.0,62.92238906740209,0.0,0.0,0.0,0.0,697.6521030185548
6241,39.9557,0.0,0.7754826510049639,0.0,38.7741325502482,1.1815674497518032,0.0,0.0,0.0,697.5732530052247
6242,33.2964,0.0,0.36605961471152765,0.0,18.302980735576384,14.993419264423615,0.0,0.0,0.0,696.5726911590837
6243,26.6371,0.0,0.07446412355212338,0.0,3.723206177606169,22.91389382239383,0.0,0.0,0.0,695.0435691155473
6244,26.6371,0.0,0.0,0.0,0.0,26.6371,0.0,0.0,0.0,693.2659848646297
6245,33.2964,0.0,0.0,0.0,0.0,33.2964,0.0,0.0,0.0,691.0440028826476
6246,83.2427,0.02139457728421882,0.0,11.553071733478163,0.0,71.68962826652184,0.0,0.0,0.0,686.2599102389024
6247,133.189,0.06066143915094239,0.0,32.75717714150889,0.0,77.4,23.031822858491097,0.0,0.0,681.0947450737373
6248,166.4889,0.10769083488400367,0.0,58.15305083736198,0.0,77.4,30.93584916263802,0.0,0.0,675.9295799085721
6249,199.7853,0.1505990662416318,0.0,81.32349577048117,0.0,77.4,41.06180422951883,0.0,0.0,670.764414743407
6250,233.0817,0.17777048565824832,0.11969875478874782,95.99606225545409,5.984937739437391,77.4,53.70070000510853,0.0,0.0,665.5992495782418
6251,249.7316,0.19422709317407613,0.2703869344335355,104.88263031400112,13.519346721676776,77.4,53.92962296432208,0.0,0.0,660.4340844130767
6252,249.7316,0.1980394737074169,0.3483259834528405,106.94131580200512,17.416299172642024,77.4,47.97398502535283,0.0,0.0,655.2689192479115
6253,216.4318,0.17985916746968406,0.3421128515918369,97.1239504336294,17.105642579591844,77.4,24.802206986778756,0.0,0.0,650.1037540827464
6254,199.7853,0.1479303999230144,0.3535218223938221,79.88241595842779,17.676091119691108,77.4,24.826792921881108,0.0,0.0,644.9385889175812
6255,183.1354,0.09791128859192866,0.5390742756183121,52.872095839641474,26.953713780915606,77.4,25.909590379442918,0.0,0.0,639.7734237524161
6256,166.4889,0.04826341970062954,0.8733604292906786,26.062246638339953,43.66802146453393,77.4,19.358631897126116,0.0,0.0,634.6082585872509
6257,133.189,0.008069779203450209,1.278774858872587,4.357680769863113,63.93874294362934,64.89257628650753,0.0,0.0,0.0,630.2777563325624
6258,183.1354,0.0,1.6775107590777716,0.0,83.87553795388858,77.4,21.859862046111417,0.0,0.0,625.1125911673972
6259,199.7853,0.0,1.9987499253127403,0.0,99.93749626563701,77.4,22.447803734362992,0.0,0.0,619.9474260022321
6260,183.1354,0.0,2.1316575664644235,0.0,106.58287832322118,76.55252167677882,0.0,0.0,0.0,614.8388159470583
6261,149.839,0.0,2.105922930409267,0.0,105.29614652046335,44.542853479536646,0.0,0.0,0.0,611.8663198856945
6262,99.8926,0.0,2.17355651145284,0.0,108.677825572642,0.0,0.0,0.0,0.0,612.0325268559877
6263,66.5962,0.0,2.2585755836999444,0.0,112.92877918499723,0.0,0.0,0.0,0.0,612.9090891648931
6264,49.9463,0.0,2.2017148019856596,0.0,110.08574009928299,0.0,0.0,0.0,0.0,614.0468623559606
6265,39.9557,0.0,1.9680866254296756,0.0,98.40433127148378,0.0,0.0,0.0,0.0,615.1526472719075
6266,33.2964,0.0,1.7634627232123552,0.0,88.17313616061776,0.0,0.0,0.0,0.0,616.1908557938651
6267,26.6371,0.0,1.6563353902173186,0.0,82.81676951086592,0.0,0.0,0.0,0.0,617.2537144062328
6268,26.6371,0.0,1.7907355305372308,0.0,89.53677652686154,0.0,0.0,0.0,0.0,618.4437082864707
6269,33.2964,0.0,2.2463298789806943,0.0,112.31649394903471,0.0,0.0,0.0,0.0,619.9386830368578
6270,83.2427,0.02014071251338858,2.728838351567568,10.875984757229833,136.4419175783784,0.0,0.0,0.0,0.0,621.1509165945585
6271,133.189,0.05922535120199212,3.365770535077771,31.981689649075744,168.28852675388853,0.0,0.0,0.0,0.0,622.4200206886686
6272,166.4889,0.10282088434937346,3.9844184144556,55.523277548661675,199.22092072278,0.0,0.0,0.0,0.0,624.0897155208311
6273,199.7853,0.14481706208869705,4.056767810047436,78.20121352789641,202.8383905023718,0.0,0.0,0.0,0.0,625.6269591105929
6274,233.0817,0.17050813399089723,4.115740840595699,92.07439235508451,205.7870420297849,0.0,0.0,0.0,0.0,626.8525216530094
6275,249.7316,0.18785344214489444,4.5540966876911195,101.440858758243,227.70483438455597,0.0,0.0,0.0,0.0,628.3549504421975
6276,249.7316,0.18754770516767244,5.435367327382241,101.27576079054312,271.768366369112,0.0,0.0,0.0,14.423638270766276,630.4150105022576
6277,216.4318,0.16763911718448796,5.997864179715389,90.5251232796235,299.89320898576943,0.0,0.0,0.0,65.09764337650401,632.4750705623177
6278,199.7853,0.1397568755630385,5.910527360741312,75.46871280404079,295.5263680370656,0.0,0.0,0.0,62.32089195221752,634.5351306223778
6279,183.1354,0.09502013823245221,5.558665042321015,51.310874645524194,277.9332521160507,0.0,0.0,0.0,37.219837872685986,636.5951906824379
6280,166.4889,0.04717205675003531,5.775795570232764,25.472910645019066,288.7897785116382,0.0,0.0,0.0,38.88490026776836,638.655250742498
6281,133.189,0.007477206556224565,6.788314698448978,4.037691540361265,339.4157349224489,0.0,0.0,0.0,101.37553757392129,640.7153108025581
6282,183.1354,0.0,7.176405011768338,0.0,358.8202505884169,0.0,0.0,0.0,66.79596169952802,642.7753708626182
6283,199.7853,0.0,6.890788747931604,0.0,344.53943739658024,0.0,0.0,0.0,35.86524850769135,644.8354309226783
6284,183.1354,0.0,6.061218305976834,0.0,303.06091529884173,0.0,0.0,0.0,11.036626409952845,646.8954909827384
6285,149.839,0.0,5.432057504688361,0.0,271.60287523441804,0.0,0.0,0.0,12.874986345529152,648.9555510427984
6286,99.8926,0.0,5.495146838309983,0.0,274.7573419154992,0.0,0.0,0.0,65.97585302661028,651.0156111028585
6287,66.5962,0.0,6.23928485291561,0.0,311.9642426457805,0.0,0.0,0.0,136.47915375689158,653.0756711629186
6288,49.9463,0.0,7.001885489738554,0.0,350.0942744869277,0.0,0.0,0.0,191.2590855980388,655.1357312229787
6289,39.9557,0.0,7.425113322996137,0.0,371.25566614980687,0.0,0.0,0.0,222.411077260918,657.1957912830388
6290,33.2964,0.0,8.013047494001102,0.0,400.6523747000551,0.0,0.0,0.0,258.46708581116616,659.2558513430989
6291,26.6371,0.0,8.804526230557087,0.0,440.22631152785436,0.0,0.0,0.0,304.70032263896553,661.315911403159
6292,26.6371,0.0,9.104172117568671,0.0,455.20860587843356,0.0,0.0,0.0,319.6826169895447,663.3759714632191
6293,33.2964,0.0,8.791253502587976,0.0,439.56267512939877,0.0,0.0,0.0,297.37738624050985,665.4360315232792
6294,83.2427,0.01894210197701895,8.428906005568669,10.228735067590234,421.4453002784334,0.0,0.0,0.0,239.54244645713473,667.4960915833393
6295,133.189,0.05328389539627306,8.424597362232763,28.773303513987454,421.22986811163815,0.0,0.0,0.0,207.9252827367367,669.5561516433994
6296,166.4889,0.09290198667766421,8.839980437003861,50.16707280593867,441.99902185019306,0.0,0.0,0.0,216.78830576724286,671.6162117034595
6297,199.7853,0.13614922371969315,8.866628668116935,73.5205808086343,443.3314334058467,0.0,0.0,0.0,208.17782532559218,673.6762717635196
6298,233.0817,0.15700458967998496,8.029769853281854,84.78247842719188,401.4884926640927,0.0,0.0,0.0,144.30038220239564,675.7363318235797
6299,249.7316,0.1695221493868826,7.044306285714286,91.5419606689166,352.21531428571427,0.0,0.0,0.0,85.136786065742,677.7963918836398
6300,249.7316,0.16886144172994133,6.413129702301158,91.18517853416833,320.65648511505793,0.0,0.0,0.0,53.22117476033736,679.8564519436999
6301,216.4318,0.14992469200291172,6.668057897266409,80.95933368157233,333.40289486332045,0.0,0.0,0.0,89.04153965600389,681.91651200376
6302,199.7853,0.11684928108558239,6.623294167510204,63.09861178621449,331.1647083755102,0.0,0.0,0.0,85.58913127283577,683.9765720638201
6303,183.1354,0.07090024165384336,6.7054994056613335,38.28613049307541,335.2749702830667,0.0,0.0,0.0,81.53681188725321,686.0366321238802
6304,166.4889,0.034256229743487736,6.841334002974077,18.49836406148338,342.06670014870383,0.0,0.0,0.0,85.1872753212983,688.0966921839403
6305,133.189,0.0055137035206391394,7.176405011768338,2.9773999011451355,358.8202505884169,0.0,0.0,0.0,119.71976160067317,690.1567522440004
6306,183.1354,0.0,8.14742349862548,0.0,407.371174931274,0.0,0.0,0.0,115.34688604238514,692.2168123040605
6307,199.7853,0.0,10.18045379734804,0.0,509.022689867402,0.0,0.0,0.0,200.3485009785131,694.2768723641205
6308,183.1354,0.0,14.063192707035855,0.0,703.1596353517928,0.0,0.0,0.0,411.13534646290384,696.3369324241806
6309,149.839,0.0,15.61518771725979,0.0,780.7593858629895,0.0,0.0,0.0,522.0314969741005,698.3969924842407
6310,99.8926,0.0,16.486027361429674,0.0,824.3013680714837,0.0,0.0,0.0,615.5198791825948,700.4570525443008
6311,66.5962,0.0,16.427031780147825,0.0,821.3515890073912,0.0,0.0,0.0,645.8665001185024,702.5171126043609
6312,49.9463,0.0,13.23107963626255,0.0,661.5539818131275,0.0,0.0,0.0,502.71879292423864,704.577172664421
6313,39.9557,0.0,10.429279551576393,0.0,521.4639775788196,0.0,0.0,0.0,372.6193886899307,706.6372327244811
6314,33.2964,0.0,8.632939941348043,0.0,431.6469970674022,0.0,0.0,0.0,289.4617081785133,708.6972927845412
6315,26.6371,0.0,7.561476914232765,0.0,378.0738457116382,0.0,0.0,0.0,242.54785682274937,710.7573528446013
6316,26.6371,0.0,7.036581908333151,0.0,351.82909541665754,0.0,0.0,0.0,216.30310652776868,712.8174129046614
6317,33.2964,0.0,6.724267413250966,0.0,336.2133706625483,0.0,0.0,0.0,194.0280817736594,714.8774729647215
6318,83.2427,0.01599419434585553,6.925152431691122,8.636864946761987,346.2576215845561,0.0,0.0,0.0,162.76289764242918,716.9375330247816
6319,133.189,0.049565573270718796,7.45706338223938,26.76540956618815,372.853169111969,0.0,0.0,0.0,157.54068978926833,718.9975930848417
6320,166.4889,0.0870857821786885,7.517194343077772,47.02632237649179,375.8597171538886,0.0,0.0,0.0,147.50825064149151,721.0576531449018
6321,199.7853,0.11947452597445954,6.803437743691121,64.51624402620816,340.17188718455606,0.0,0.0,0.0,96.0139423218753,723.1177132049619
6322,233.0817,0.14045146148206858,6.435061309281853,75.84378920031703,321.75306546409263,0.0,0.0,0.0,55.62626577552075,725.177773265022
6323,249.7316,0.16420922326448747,6.39488756714396,88.67298056282324,319.744378357198,0.0,0.0,0.0,49.79687003113236,727.2378333250821
6324,249.7316,0.1717277187263482,6.156992826069498,92.73296811222804,307.84964130347487,0.0,0.0,0.0,41.96212052681403,729.2978933851422
6325,216.4318,0.1524674742620319,5.997864179715389,82.33243610149722,299.89320898576943,0.0,0.0,0.0,56.90495619837779,731.3579534452023
6326,199.7853,0.1346997410891064,5.893151141348041,72.73786018811747,294.6575570674021,0.0,0.0,0.0,58.72122836663064,733.4180135052624
6327,183.1354,0.08852095872005358,6.160557206239381,47.80131770882893,308.02786031196905,0.0,0.0,0.0,63.80488913190911,735.4780735653225
6328,166.4889,0.04342384360154489,6.80722166934804,23.448875544834237,340.361083467402,0.0,0.0,0.0,88.43217012334739,737.5381336253826
6329,133.189,0.0066625718747655525,7.369400829281854,3.5977888123733983,368.4700414640927,0.0,0.0,0.0,129.98994138757718,739.5981936854427
6330,183.1354,0.0,7.537303196911196,0.0,376.8651598455598,0.0,0.0,0.0,84.8408709566709,741.6582537455027
6331,199.7853,0.0,7.618065319360174,0.0,380.9032659680087,0.0,0.0,0.0,72.22907707911983,743.7183138055628
6332,183.1354,0.0,7.385292721738554,0.0,369.2646360869277,0.0,0.0,0.0,77.24034719803879,745.7783738656229
6333,149.839,0.0,6.769439355128516,0.0,338.4719677564258,0.0,0.0,0.0,79.7440788675369,747.838433925683
6334,99.8926,0.0,5.875805241645891,0.0,293.79026208229453,0.0,0.0,0.0,85.00877319340563,749.8984939857431
6335,66.5962,0.0,4.99286280556867,0.0,249.64314027843352,0.0,0.0,0.0,74.15805138954462,751.9585540458032
6336,49.9463,0.0,4.327405287289575,0.0,216.37026436447874,0.0,0.0,0.0,57.53507547558985,754.0186141058633
6337,39.9557,0.0,3.6414715854296738,0.0,182.07357927148368,0.0,0.0,0.0,33.22899038259479,756.0786741659234
6338,33.2964,0.0,3.027625937862106,0.0,151.38129689310531,0.0,0.0,0.0,9.196008004216424,758.1387342259835
6339,26.6371,0.0,2.8657596451583003,0.0,143.28798225791502,0.0,0.0,0.0,7.761993369026129,760.1987942860436
6340,26.6371,0.0,2.787736465862107,0.0,139.38682329310535,0.0,0.0,0.0,3.8608344042164617,762.2588543461037
6341,33.2964,0.0,2.5844739220474344,0.0,129.22369610237172,0.0,0.0,0.0,3.8608344042164617,764.0736950831756
6342,83.2427,0.021935194178294575,2.3640211056679536,11.84500485627907,118.20105528339768,0.0,0.0,0.0,3.8608344042164617,764.9591640587911
6343,133.189,0.06639379431932291,2.2504080615642583,35.85264893243437,112.52040307821292,0.0,0.0,0.0,3.8608344042164617,765.2464299076412
6344,166.4889,0.11575975441538253,2.0218990075763927,62.510267384306566,101.09495037881963,2.8836822368737955,0.0,0.0,0.0,765.0539919872625
6345,199.7853,0.1534023541548398,1.9036904534980688,82.83727124361349,95.18452267490343,21.763506081483087,0.0,0.0,0.0,763.6016392290721
6346,233.0817,0.16935929358458277,1.8218838921389962,91.45401853567469,91.09419460694981,50.53348685737552,0.0,0.0,0.0,760.2293678338518
6347,249.7316,0.182080517984336,1.7634627232123552,98.32347971154144,88.17313616061776,63.2349841278408,0.0,0.0,0.0,756.0094823398351
6348,249.7316,0.17745685909419917,1.7870877422702707,95.82670391086755,89.35438711351354,64.5505089756189,0.0,0.0,0.0,751.7018073998539
6349,216.4318,0.15909006716697188,1.8849470414296747,85.90863627016482,94.24735207148373,36.27581165835147,0.0,0.0,0.0,749.2809991477117
6350,199.7853,0.13445466530204517,1.8924337144092676,72.6055192631044,94.62168572046338,32.55809501643222,0.0,0.0,0.0,747.1082867675693
6351,183.1354,0.08858865617469434,1.785265166402647,47.83787433433495,89.26325832013235,46.0342673455327,0.0,0.0,0.0,744.0362635880209
6352,166.4889,0.04254146710642091,1.7077227181467192,22.972392237467293,85.38613590733596,58.13037185519676,0.0,0.0,0.0,740.1570262269801
6353,133.189,0.006473763839318492,1.792560743360177,3.4958324732319856,89.62803716800885,40.06513035875916,0.0,0.0,0.0,737.4833438540231
6354,183.1354,0.0,1.9776441346188642,0.0,98.88220673094321,77.4,6.8531932690567885,0.0,0.0,732.318178688858
6355,199.7853,0.0,2.1078970257297294,0.0,105.39485128648647,77.4,16.99044871351353,0.0,0.0,727.1530135236928
6356,183.1354,0.0,2.1856021989806953,0.0,109.28010994903477,73.85529005096524,0.0,0.0,0.0,722.2243989056772
6357,149.839,0.0,2.2097932852597895,0.0,110.48966426298948,39.34933573701052,0.0,0.0,0.0,719.598483941579
6358,99.8926,0.0,2.2504080615642583,0.0,112.52040307821292,0.0,0.0,0.0,0.0,719.8373883241399
6359,66.5962,0.0,2.105922930409267,0.0,105.29614652046335,0.0,0.0,0.0,0.0,720.569549474527
6360,49.9463,0.0,1.8053618684258133,0.0,90.26809342129066,0.0,0.0,0.0,0.0,721.3323942149298
6361,39.9557,0.0,1.631787890232764,0.0,81.5893945116382,0.0,0.0,0.0,0.0,722.1200587056904
6362,33.2964,0.0,1.7274054635102036,0.0,86.37027317551018,0.0,0.0,0.0,0.0,723.1241590090109
6363,26.6371,0.0,1.8218838921389962,0.0,91.09419460694981,0.0,0.0,0.0,0.0,724.3436175556288
6364,26.6371,0.0,1.7309954694142309,0.0,86.54977347071154,0.0,0.0,0.0,0.0,725.4771005672369
6365,33.2964,0.0,1.6004745172509642,0.0,80.02372586254822,0.0,0.0,0.0,0.0,726.3611310565284
6366,83.2427,0.019018469324080096,1.7059385986188638,10.269973435003253,85.2969299309432,0.0,0.0,0.0,0.0,726.594291660749
6367,133.189,0.05783373672033994,1.8681540715102034,31.230217828983566,93.40770357551017,8.551078595506254,0.0,0.0,0.0,726.023649111833
6368,166.4889,0.10234487950018688,2.0412894712939873,55.266234930100914,102.06447356469937,9.15819150519971,0.0,0.0,0.0,725.4124918542287
6369,199.7853,0.1456058919197683,2.019964943567567,78.62718163667489,100.99824717837835,20.15987118494678,0.0,0.0,0.0,724.0671551051498
6370,233.0817,0.17183720036810488,1.7580318371583012,92.79208819877663,87.90159185791507,52.388019943308336,0.0,0.0,0.0,720.571124411569
6371,249.7316,0.18669716537142061,1.4364764389806952,100.81646930056714,71.82382194903477,77.0913087503981,0.0,0.0,0.0,715.4265592630607
6372,249.7316,0.18500602930644874,1.2044022116183126,99.90325582548232,60.22011058091563,77.4,12.208233593602017,0.0,0.0,710.2613940978955
6373,216.4318,0.16464770111110322,1.121462501877551,88.90975859999574,56.07312509387755,71.4489163061267,0.0,0.0,0.0,705.4933649817042
6374,199.7853,0.1431949480453786,1.2028725868725867,77.32527194450445,60.143629343629335,62.316398711866206,0.0,0.0,0.0,701.3347798157472
6375,183.1354,0.09713887199629224,1.4513587403331494,52.454990877997815,72.56793701665747,58.11247210534472,0.0,0.0,0.0,697.4567369658744
6376,166.4889,0.046494544853076115,1.9509397481478217,25.1070542206611,97.54698740739109,43.83485837194782,0.0,0.0,0.0,694.5314878252706
6377,133.189,0.00631212173497879,2.5757234552939887,3.408545736888547,128.78617276469944,0.9942814984119934,0.0,0.0,0.0,694.4651360402581
6378,183.1354,0.0,3.1698223938223933,0.0,158.49111969111965,24.644280308880354,0.0,0.0,0.0,692.8205394230489
6379,199.7853,0.0,3.578589480525096,0.0,178.9294740262548,20.855825973745198,0.0,0.0,0.0,691.4287592446208
6380,183.1354,0.0,3.7396076220011025,0.0,186.98038110005513,0.0,0.0,0.0,0.0,691.5015021302975
6381,149.839,0.0,3.689032191999999,0.0,184.45160959999995,0.0,0.0,0.0,0.0,692.1563352848921
6382,99.8926,0.0,3.6969923121632644,0.0,184.84961560816322,0.0,0.0,0.0,0.0,693.7636301747763
6383,66.5962,0.0,3.7396076220011025,0.0,186.98038110005513,0.0,0.0,0.0,11.495292211166245,695.8236902348364
6384,49.9463,0.0,3.6493745586409263,0.0,182.4687279320463,0.0,0.0,0.0,23.633539043157413,697.8837502948965
6385,39.9557,0.0,3.5266502773480424,0.0,176.33251386740213,0.0,0.0,0.0,27.487924978513234,699.9438103549566
6386,33.2964,0.0,3.575982550239383,0.0,178.79912751196915,0.0,0.0,0.0,36.613838623080255,702.0038704150166
6387,26.6371,0.0,3.4956878367346933,0.0,174.78439183673467,0.0,0.0,0.0,39.25840294784578,704.0639304750767
6388,26.6371,0.0,3.1771469035455047,0.0,158.85734517727522,0.0,0.0,0.0,23.33135628838633,706.1239905351368
6389,33.2964,0.0,2.493359960286817,0.0,124.66799801434085,0.0,0.0,0.0,23.33135628838633,707.8526423894622
6390,83.2427,0.016214372593417247,2.045178445661334,8.755761200445313,102.2589222830667,0.0,0.0,0.0,23.33135628838633,708.3780582932043
6391,133.189,0.04674473367356612,2.0257698515521234,25.242156183725708,101.28849257760618,6.658351238668104,0.0,0.0,0.0,707.9337238762095
6392,166.4889,0.0826171141423787,2.100006129738555,44.6132416368845,105.00030648692776,16.87535187618775,0.0,0.0,0.0,706.8075742681889
6393,199.7853,0.12085669740588613,2.137618322321015,65.26261659917851,106.88091611605076,27.641767284770737,0.0,0.0,0.0,704.9629451534228
6394,233.0817,0.1453277689138427,2.1118479602868176,78.47699521347505,105.59239801434089,49.012306772184075,0.0,0.0,0.0,701.6921872774011
6395,249.7316,0.1645835599678674,2.056867162510755,88.87512238264839,102.84335812553775,58.01311949181385,0.0,0.0,0.0,697.8207745652347
6396,249.7316,0.16887961696993434,2.006451824679537,91.19499316376455,100.32259123397684,58.2140156022586,0.0,0.0,0.0,693.9359553725582
6397,216.4318,0.15061343029305227,2.074461613714286,81.33125235824824,103.7230806857143,31.377466956037495,0.0,0.0,0.0,691.8420303171002
6398,199.7853,0.12430333168695445,2.301699633985659,67.1237991109554,115.08498169928293,17.576519189761655,0.0,0.0,0.0,690.6690894302293
6399,183.1354,0.08476531582662128,2.414487942001103,45.77327054637549,120.72439710005516,16.637732353569362,0.0,0.0,0.0,689.5587969808753
6400,166.4889,0.03954988111802578,2.4166025357837846,21.356935803733922,120.83012678918922,24.301837407076846,0.0,0.0,0.0,687.9370527428321
6401,133.189,0.0052869747374244625,2.414487942001103,2.85496635820921,120.72439710005516,9.609636541735625,0.0,0.0,0.0,687.2957690229965
6402,183.1354,0.0,2.491211157250964,0.0,124.56055786254821,58.574842137451796,0.0,0.0,0.0,683.3868706487922
6403,199.7853,0.0,2.5648070203022617,0.0,128.24035101511308,71.54494898488693,0.0,0.0,0.0,678.6124329454296
6404,183.1354,0.0,2.699637155618313,0.0,134.98185778091565,48.15354221908436,0.0,0.0,0.0,675.3989833478931
6405,149.839,0.0,2.838091861003861,0.0,141.90459305019306,7.934406949806942,0.0,0.0,0.0,674.8694933946194
6406,99.8926,0.0,2.9707859172818525,0.0,148.53929586409262,0.0,0.0,0.0,0.0,675.7898362893455
6407,66.5962,0.0,2.907528613348043,0.0,145.37643066740216,0.0,0.0,0.0,0.0,677.2802730857559
6408,49.9463,0.0,2.5495643743099827,0.0,127.47821871549914,0.0,0.0,0.0,0.0,678.7470931695626
6409,39.9557,0.0,2.1396070761478208,0.0,106.98035380739104,0.0,0.0,0.0,0.0,680.0151271605132
6410,33.2964,0.0,1.8347837837837837,0.0,91.73918918918919,0.0,0.0,0.0,0.0,681.1208015505789
6411,26.6371,0.0,1.7309954694142309,0.0,86.54977347071154,0.0,0.0,0.0,0.0,682.254284562187
6412,26.6371,0.0,1.649304577976834,0.0,82.4652288988417,0.0,0.0,0.0,0.0,683.310492406219
6413,33.2964,0.0,1.5048243140694981,0.0,75.24121570347491,0.0,0.0,0.0,0.0,684.1040429735821
6414,83.2427,0.015765738216429633,1.4613179703210153,8.513498636872002,73.06589851605077,1.663302847077233,0.0,0.0,0.0,683.993045119256
6415,133.189,0.04739752850279949,1.4796550536613347,25.594665391511725,73.98275268306674,33.61158192542153,0.0,0.0,0.0,681.750029975751
6416,166.4889,0.08536423682330314,1.5200170492399336,46.0966878845837,76.00085246199669,44.39135965341961,0.0,0.0,0.0,678.7876436124931
6417,199.7853,0.11952756761383251,1.525096525096525,64.54488651146956,76.25482625482624,58.98558723370423,0.0,0.0,0.0,674.8513348214551
6418,233.0817,0.1524899083934943,1.5608666744092663,82.34455053248692,78.04333372046331,72.69381574704977,0.0,0.0,0.0,670.0002293328298
6419,249.7316,0.1702665819970467,1.5728734235675672,91.94395427840522,78.64367117837836,77.4,1.7439745432164102,0.0,0.0,664.8350641676647
6420,249.7316,0.17988901744625702,1.467974237476007,97.14006942097879,73.39871187380035,77.4,1.7928187052208386,0.0,0.0,659.6698990024995
6421,216.4318,0.15722029662227754,1.3938629528428017,84.89896017602987,69.69314764214009,61.83969218183006,0.0,0.0,0.0,655.5431260841258
6422,199.7853,0.12366319981410329,1.385732528926641,66.77812789961577,69.28662644633205,63.720545654052195,0.0,0.0,0.0,651.2908374185233
6423,183.1354,0.08186724944214799,1.4150992875102042,44.208314698759914,70.75496437551021,68.17212092572987,0.0,0.0,0.0,646.7414799993888
6424,166.4889,0.03962064922152109,1.5132562658841695,21.395150579621387,75.66281329420848,69.43093612617014,0.0,0.0,0.0,642.1081175618733
6425,133.189,0.005227082324338001,1.6352843382327633,2.8226244551425204,81.76421691163817,48.602158633219304,0.0,0.0,0.0,638.8647302656958
6426,183.1354,0.0,1.7980416591285167,0.0,89.90208295642583,77.4,15.83331704357417,0.0,0.0,633.6995651005307
6427,199.7853,0.0,1.9395488896988415,0.0,96.97744448494208,77.4,25.407855515057918,0.0,0.0,628.5343999353655
6428,183.1354,0.0,2.0803428205714294,0.0,104.01714102857147,77.4,1.7182589714285257,0.0,0.0,623.3692347702004
6429,149.839,0.0,2.1675461115763923,0.0,108.37730557881962,41.46169442118038,0.0,0.0,0.0,620.6023549289471
6430,99.8926,0.0,2.225994683128516,0.0,111.2997341564258,0.0,0.0,0.0,0.0,620.8181655751497
6431,66.5962,0.0,2.171552123552123,0.0,108.57760617760614,0.0,0.0,0.0,0.0,621.612408394726
6432,49.9463,0.0,1.9036904534980688,0.0,95.18452267490343,0.0,0.0,0.0,0.0,622.4682666615485
6433,39.9557,0.0,1.4497018025372312,0.0,72.48509012686156,0.0,0.0,0.0,0.0,623.0836875558405
6434,33.2964,0.0,1.036598139552124,0.0,51.8299069776062,0.0,0.0,0.0,0.0,623.434321471633
6435,26.6371,0.0,0.8531884343210151,0.0,42.65942171605076,0.0,0.0,0.0,0.0,623.7374464770718
6436,26.6371,0.0,0.7897733264026475,0.0,39.488666320132374,0.0,0.0,0.0,0.0,623.9805842182635
6437,33.2964,0.0,0.7703082769156094,0.0,38.51541384578047,0.0,0.0,0.0,0.0,624.0793223180485
6438,83.2427,0.01817182512740571,0.7754826510049639,9.812785568799084,38.7741325502482,34.655781880952716,0.0,0.0,0.0,621.7666241611614
6439,133.189,0.0536405325687785,0.716689433239934,28.96588758714039,35.834471661996695,68.3886407508629,0.0,0.0,0.0,617.202817637914
6440,166.4889,0.09438078215442215,0.6520888763022615,50.965622363387965,32.60444381511308,77.4,5.5188338214989585,0.0,0.0,612.0376524727488
6441,199.7853,0.13044958511284616,0.4720769950358523,70.44277596093693,23.603849751792616,77.4,28.338674287270464,0.0,0.0,606.8724873075837
6442,233.0817,0.1704696556969366,0.26940016707777165,92.05361407634577,13.470008353888582,77.4,50.15807756976565,0.0,0.0,601.7073221424185
6443,249.7316,0.1878032895960318,0.19160003039382248,101.41377638185718,9.580001519691123,77.4,60.0,1.3378220984516815,0.0,596.5421569772534
6444,249.7316,0.17896401124573927,0.19253512359183678,96.64056607269922,9.626756179591839,77.4,60.0,6.064277747708928,0.0,591.3769918120882
6445,216.4318,0.15922663904905607,0.2439704913756203,85.98238508649028,12.198524568781014,77.4,40.85089034472871,0.0,0.0,586.2118266469231
6446,199.7853,0.12387430466467104,0.3205541745879759,66.89212451892236,16.027708729398796,77.4,39.465466751678846,0.0,0.0,581.046661481758
6447,183.1354,0.08264910804886814,0.39568836183121886,44.630518346388804,19.784418091560944,77.4,41.32046356205025,0.0,0.0,575.8814963165928
6448,166.4889,0.03955513225558174,0.4422178041081079,21.35977141801414,22.110890205405394,77.4,45.618238376580464,0.0,0.0,570.7163311514277
6449,133.189,0.0049372012553993054,0.5776068395984557,2.6660886779156248,28.880341979922786,77.4,24.242569342161573,0.0,0.0,565.5511659862625
6450,183.1354,0.0,0.7356901911439604,0.0,36.78450955719802,77.4,60.0,8.950890442801978,0.0,560.3860008210974
6451,199.7853,0.0,0.837172886804192,0.0,41.8586443402096,77.4,60.0,20.526655659790407,0.0,555.2208356559322
6452,183.1354,0.0,0.9197147755102041,0.0,45.98573877551021,77.4,59.749661224489785,0.0,0.0,550.055670490767
6453,149.839,0.0,0.9046215936988415,0.0,45.231079684942074,77.4,27.20792031505792,0.0,0.0,544.8905053256019
6454,99.8926,0.0,0.8239091822702702,0.0,41.19545911351351,58.6971408864865,0.0,0.0,0.0,540.9734455400505
6455,66.5962,0.0,0.6953540166883622,0.0,34.76770083441811,31.82849916558189,0.0,0.0,0.0,538.8494215717101
6456,49.9463,0.0,0.5115296900165468,0.0,25.57648450082734,24.36981549917266,0.0,0.0,0.0,537.2231409244513
6457,39.9557,0.0,0.3154639494142304,0.0,15.77319747071152,24.18250252928848,0.0,0.0,0.0,535.6093603085495
6458,33.2964,0.0,0.1126325199426364,0.0,5.63162599713182,27.664774002868178,0.0,0.0,0.0,533.7631958772604
6459,26.6371,0.0,0.003208191999999956,0.0,0.1604095999999978,26.476690400000003,0.0,0.0,0.0,531.9963163043542
6460,26.6371,0.0,0.020204633204633126,0.0,1.0102316602316563,25.626868339768343,0.0,0.0,0.0,530.2861482469789
6461,33.2964,0.0,0.20286274107446226,0.0,10.143137053723112,23.153262946276886,0.0,0.0,0.0,528.7410522879347
6462,83.2427,0.020166958604496077,0.29426382907446214,10.890157646427882,14.713191453723107,57.639350899849006,0.0,0.0,0.0,524.8945824247483
6463,133.189,0.06078730901748654,0.23430541541312735,32.82514686944273,11.715270770656367,77.4,11.248582359900894,0.0,0.0,519.7294172595831
6464,166.4889,0.1068961840185649,0.1465471663938225,57.72393937002505,7.327358319691125,77.4,24.037602310283816,0.0,0.0,514.564252094418
6465,199.7853,0.15146836024105262,0.07446412355212338,81.79291453016842,3.723206177606169,77.4,36.86917929222541,0.0,0.0,509.3990869292528
6466,233.0817,0.18503367176637603,0.11969875478874782,99.91818275384306,5.984937739437391,77.4,49.778579506719566,0.0,0.0,504.23392176408765
6467,249.7316,0.19478603836687594,0.2713743484258133,105.18446071811302,13.568717421290666,77.4,53.57842186059631,0.0,0.0,499.0687565989225
6468,249.7316,0.19184265741091588,0.45432244417870943,103.59503500189459,22.71612220893547,77.4,46.02044278916992,0.0,0.0,493.90359143375736
6469,216.4318,0.17405165389653515,0.7548561241169331,93.98789310412899,37.742806205846655,77.4,7.301100690024356,0.0,0.0,488.7384262685922
6470,199.7853,0.14236318264339407,1.0699345414142305,76.8761186274328,53.49672707071152,69.41245430185569,0.0,0.0,0.0,484.10629718605264
6471,183.1354,0.09367290957267134,1.3502046458775514,50.583371169242525,67.51023229387756,65.04179653687991,0.0,0.0,0.0,479.76583695669797
6472,166.4889,0.04413601098318367,1.6475490316072805,23.833445930919183,82.37745158036402,60.278002488716794,0.0,0.0,0.0,475.7432809013949
6473,133.189,0.005197666642062459,1.99106246925979,2.806739986713728,99.5531234629895,30.829136550296766,0.0,0.0,0.0,473.68594779827197
6474,183.1354,0.0,2.366113045780475,0.0,118.30565228902374,64.82974771097626,0.0,0.0,0.0,469.35963830804997
6475,199.7853,0.0,2.7718141102173197,0.0,138.59070551086597,61.19459448913403,0.0,0.0,0.0,465.2759149520851
6476,183.1354,0.0,2.9873046812664095,0.0,149.3652340633205,33.77016593667952,0.0,0.0,0.0,463.0223169583127
6477,149.839,0.0,2.8289008685184767,0.0,141.44504342592384,8.393956574076157,0.0,0.0,0.0,462.46215969611205
6478,99.8926,0.0,2.525706625482625,0.0,126.28533127413124,0.0,0.0,0.0,0.0,462.96148163913614
6479,66.5962,0.0,2.2077722769156103,0.0,110.38861384578051,0.0,0.0,0.0,0.0,463.7899867659482
6480,49.9463,0.0,1.8625724081632662,0.0,93.12862040816331,0.0,0.0,0.0,0.0,464.606949584481
6481,39.9557,0.0,1.477983842841699,0.0,73.89919214208494,0.0,0.0,0.0,0.0,465.2491237601421
6482,33.2964,0.0,1.1724488295642579,0.0,58.62244147821289,0.0,0.0,0.0,0.0,465.72826508540555
6483,26.6371,0.0,0.9460025901467183,0.0,47.30012950733592,0.0,0.0,0.0,0.0,466.1191872652741
6484,26.6371,0.0,0.7356901911439604,0.0,36.78450955719802,0.0,0.0,0.0,0.0,466.3111652839238
6485,33.2964,0.0,0.5717192849156093,0.0,28.585964245780467,4.710435754219532,0.0,0.0,0.0,465.99682189024884
6486,83.2427,0.020820069392974806,0.5138097480154441,11.242837472206395,25.690487400772206,46.3093751270214,0.0,0.0,0.0,462.9064398330569
6487,133.189,0.06547376067524731,0.37763690014782125,35.355830764633545,18.881845007391064,77.4,1.5513242279753854,0.0,0.0,457.74127466789173
6488,166.4889,0.11649574847544457,0.1860026784335355,62.90770417674007,9.300133921676775,77.4,16.881061901583152,0.0,0.0,452.5761095027266
6489,199.7853,0.1605942169982032,0.1610937071196912,86.72087717902973,8.05468535598456,77.4,27.609737464985713,0.0,0.0,447.41094433756143
6490,233.0817,0.18718387338681064,0.17672397573083287,101.07929162887775,8.836198786541644,77.4,45.76620958458061,0.0,0.0,442.2457791723963
6491,249.7316,0.19992653016757,0.17395257921235516,107.96032629048781,8.697628960617758,77.4,55.67364474889442,0.0,0.0,437.08061400723113
6492,249.7316,0.1956278927073849,0.2199275102393821,105.63906206198784,10.996375511969104,77.4,55.69616242604303,0.0,0.0,431.915448842066
6493,216.4318,0.16890567995750053,0.3164806812664095,91.20906717705029,15.824034063320475,77.4,31.998698759629235,0.0,0.0,426.75028367690084
6494,199.7853,0.13345794051473917,0.41177748262548264,72.06728787795915,20.58887413127413,77.4,29.72913799076673,0.0,0.0,421.5851185117357
6495,183.1354,0.08767989381621014,0.4510129835984555,47.34714266075348,22.550649179922775,77.4,35.83760815932375,0.0,0.0,416.41995334657054
6496,166.4889,0.04112429900804691,0.5460232895752896,22.207121464345335,27.301164478764477,77.4,39.580614056890184,0.0,0.0,411.2547881814054
6497,133.189,0.005124457933633957,0.6643599577804742,2.767207284162337,33.21799788902371,77.4,19.80379482681394,0.0,0.0,406.08962301624024
6498,183.1354,0.0,0.8318584092664094,0.0,41.59292046332047,77.4,60.0,4.142479536679531,0.0,400.9244578510751
6499,199.7853,0.0,1.025099861003861,0.0,51.25499305019305,77.4,60.0,11.130306949806965,0.0,395.75929268590994
6500,183.1354,0.0,1.167912928688362,0.0,58.395646434418104,77.4,47.3397535655819,0.0,0.0,390.5941275207448
6501,149.839,0.0,1.1982885409111972,0.0,59.91442704555986,77.4,12.524572954440131,0.0,0.0,385.42896235557964
6502,99.8926,0.0,1.1229489676072806,0.0,56.147448380364025,43.745151619635976,0.0,0.0,0.0,382.50969965156656
6503,66.5962,0.0,0.9585513385372311,0.0,47.92756692686155,18.668633073138444,0.0,0.0,0.0,381.26387829199774
6504,49.9463,0.0,0.7255359439426368,0.0,36.27679719713184,13.669502802868159,0.0,0.0,0.0,380.3516658927406
6505,39.9557,0.0,0.48775653097407595,0.0,24.3878265487038,15.5678734512962,0.0,0.0,0.0,379.312768765527
6506,33.2964,0.0,0.3493638245030334,0.0,17.46819122515167,15.828208774848328,0.0,0.0,0.0,378.25649857701524
6507,26.6371,0.0,0.31444787372972965,0.0,15.722393686486482,10.914706313513518,0.0,0.0,0.0,377.52812311398463
6508,26.6371,0.0,0.31039012843243236,0.0,15.519506421621617,11.117593578378383,0.0,0.0,0.0,376.78620829393935
6509,33.2964,0.0,0.2773124236072808,0.0,13.865621180364041,19.430778819635957,0.0,0.0,0.0,375.4895263573604
6510,83.2427,0.016693047452571184,0.2304572832829564,9.01424562438844,11.522864164147819,62.705590211463736,0.0,0.0,0.0,371.30496911935813
6511,133.189,0.0517540798680626,0.2527238521787094,27.947203128753806,12.63619260893547,77.4,15.205604262310715,0.0,0.0,366.139803954193
6512,166.4889,0.09426119094398216,0.31851611432101484,50.90104310975037,15.925805716050743,77.4,22.262051174198888,0.0,0.0,360.97463878902784
6513,199.7853,0.1359775646296933,0.39568836183121886,73.42788490003439,19.784418091560944,77.4,29.17299700840468,0.0,0.0,355.8094736238627
6514,233.0817,0.1670259741229219,0.4855083276072809,90.19402602637783,24.275416380364046,77.4,41.21225759325813,0.0,0.0,350.64430845869754
6515,249.7316,0.16827821646825253,0.5599970788041919,90.87023689285637,27.999853940209597,77.4,53.46150916693401,0.0,0.0,345.4791432935324
6516,249.7316,0.1738400198708329,0.6241382504489795,93.87361073024977,31.206912522448977,77.4,47.25107674730124,0.0,0.0,340.31397812836724
6517,216.4318,0.15013833992720083,0.6705225617297299,81.07470356068845,33.526128086486494,77.4,24.43096835282506,0.0,0.0,335.1488129632021
6518,199.7853,0.12428496202120351,0.6804203401389963,67.11387949144991,34.02101700694982,77.4,21.250403501600275,0.0,0.0,329.98364779803694
6519,183.1354,0.08175404481443367,0.6472006133480418,44.14718419979418,32.36003066740209,77.4,29.22818513280373,0.0,0.0,324.8184826328718
6520,166.4889,0.03850495129066007,0.6277624777142857,20.792673696956438,31.388123885714286,77.4,36.908102417329275,0.0,0.0,319.65331746770664
6521,133.189,0.004028189258762205,0.6791805832895751,2.1752221997315906,33.95902916447876,77.4,19.654748635789645,0.0,0.0,314.4881523025415
6522,183.1354,0.0,0.8173054125184777,0.0,40.865270625923884,77.4,60.0,4.870129374076129,0.0,309.32298713737634
6523,199.7853,0.0,0.8964277894142306,0.0,44.82138947071153,77.4,60.0,17.563910529288478,0.0,304.1578219722112
6524,183.1354,0.0,0.8345141476183118,0.0,41.72570738091559,77.4,60.0,4.009692619084404,0.0,298.99265680704605
6525,149.839,0.0,0.7293382876911194,0.0,36.46691438455597,77.4,35.97208561544403,0.0,0.0,293.8274916418809
6526,99.8926,0.0,0.6594428725868723,0.0,32.97214362934361,66.92045637065638,0.0,0.0,0.0,289.3616620542495
6527,66.5962,0.0,0.7845663298929949,0.0,39.22831649464975,27.36788350535025,0.0,0.0,0.0,287.5353101353072
6528,49.9463,0.0,0.9293676135642583,0.0,46.46838067821292,3.477919321787084,0.0,0.0,0.0,287.30321675380657
6529,39.9557,0.0,0.9487858224291228,0.0,47.43929112145614,0.0,0.0,0.0,0.0,287.44479820745573
6530,33.2964,0.0,0.9557573468416988,0.0,47.78786734208494,0.0,0.0,0.0,0.0,287.7189611031168
6531,26.6371,0.0,0.9894887633756202,0.0,49.474438168781006,0.0,0.0,0.0,0.0,288.1510188522559
6532,26.6371,0.0,1.0065215033822392,0.0,50.32607516911196,0.0,0.0,0.0,0.0,288.5991886527526
6533,33.2964,0.0,0.9349003471285163,0.0,46.74501735642582,0.0,0.0,0.0,0.0,288.8536219540904
6534,83.2427,0.019839976550239342,0.9599494885030335,10.713587337129246,47.99747442515168,24.531638237719072,0.0,0.0,0.0,287.21654232528033
6535,133.189,0.060959435530073325,0.9923198020694981,32.9180951862396,49.61599010347491,50.65491471028548,0.0,0.0,0.0,283.8361676365726
6536,166.4889,0.10794871283235422,0.9909038955455047,58.29230492947127,49.545194777275235,58.65140029325349,0.0,0.0,0.0,279.9221602763288
6537,199.7853,0.15538538703439073,0.9529664313822394,83.908108998571,47.64832156911197,68.22886943231703,0.0,0.0,0.0,275.36901583640105
6538,233.0817,0.17966090248702143,0.8278804245956976,97.01688734299158,41.394021229784876,77.4,17.270791427223543,0.0,0.0,270.2038506712359
6539,249.7316,0.1917096620855817,0.6582154047964698,103.52321752621413,32.91077023982349,77.4,35.89761223396238,0.0,0.0,265.03868550607075
6540,249.7316,0.18388228853271468,0.449911196911197,99.29643580766593,22.49555984555985,77.4,50.5396043467742,0.0,0.0,259.8735203409056
6541,216.4318,0.1549612489470191,0.3390152211274131,83.67907443139032,16.950761056370656,77.4,38.40196451223903,0.0,0.0,254.70835517574042
6542,199.7853,0.11750850243362058,0.3524813274440154,63.454591314155124,17.62406637220077,77.4,41.306642313644105,0.0,0.0,249.54319001057524
6543,183.1354,0.07777654725501879,0.5126693715521238,41.99933551771015,25.633468577606187,77.4,38.10259590468365,0.0,0.0,244.37802484541007
6544,166.4889,0.035490072812356804,0.8385033822393821,19.164639318672673,41.925169111969105,77.4,27.999091569358214,0.0,0.0,239.2128596802449
6545,133.189,0.003987207823930677,1.303981983452841,2.1530922249225655,65.19909917264205,65.83680860243538,0.0,0.0,0.0,234.81934559266162
6546,183.1354,0.0,1.916863910301159,0.0,95.84319551505796,77.4,9.892204484942042,0.0,0.0,229.65418042749644
6547,199.7853,0.0,2.4676372388571433,0.0,123.38186194285716,76.40343805714285,0.0,0.0,0.0,224.55551922915524
6548,183.1354,0.0,2.675057049204633,0.0,133.75285246023165,49.38254753976835,0.0,0.0,0.0,221.2600539278694
6549,149.839,0.0,2.538705564734693,0.0,126.93527823673465,22.903721763265352,0.0,0.0,0.0,219.73161070042426
6550,99.8926,0.0,2.3723945157683404,0.0,118.61972578841701,0.0,0.0,0.0,0.0,220.0859076747997
6551,66.5962,0.0,2.3976052421400995,0.0,119.88026210700498,0.0,0.0,0.0,0.0,221.09398452547276
6552,49.9463,0.0,2.1396070761478208,0.0,106.98035380739104,0.0,0.0,0.0,0.0,222.17300716507205
6553,39.9557,0.0,1.5608666744092663,0.0,78.04333372046331,0.0,0.0,0.0,0.0,222.89358401924298
6554,33.2964,0.0,1.0136514664489797,0.0,50.68257332244899,0.0,0.0,0.0,0.0,223.22251162264067
6555,26.6371,0.0,0.7356901911439604,0.0,36.78450955719802,0.0,0.0,0.0,0.0,223.41448964129037
6556,26.6371,0.0,0.4956469973215666,0.0,24.78234986607833,1.8547501339216697,0.0,0.0,0.0,223.29071585857955
6557,33.2964,0.00025292993220269545,0.31444787372972965,0.13658216338945553,15.722393686486482,17.43742415012406,0.0,0.0,0.0,222.127057256636
6558,83.2427,0.017242017091631576,0.22853704578047418,9.310689229481051,11.426852289023708,62.50515848149524,0.0,0.0,0.0,217.9558755094558
6559,133.189,0.05614764708803333,0.14113310697407608,30.319729427537997,7.056655348703804,77.4,18.412615223758195,0.0,0.0,212.79071034429063
6560,166.4889,0.0980840123790873,0.01694729216988404,52.96536668470714,0.847364608494202,77.4,35.27616870679864,0.0,0.0,207.62554517912545
6561,199.7853,0.13808238330807487,0.0,74.56448698636044,0.0,77.4,47.820813013639565,0.0,0.0,202.46038001396028
6562,233.0817,0.1714993260654362,0.0,92.60963607533554,0.0,77.4,60.0,3.0720639246644623,0.0,197.2952148487951
6563,249.7316,0.1888181627190599,0.0,101.96180786829235,0.0,77.4,60.0,10.369792131707612,0.0,192.13004968362992
6564,249.7316,0.18654531579303005,0.0,100.73447052823623,0.0,77.4,60.0,11.597129471763736,0.0,186.96488451846474
6565,216.4318,0.16831777830126257,0.0,90.8916002826818,0.0,77.4,48.14019971731821,0.0,0.0,181.79971935329957
6566,199.7853,0.13202439465135662,0.0,71.29317311173257,0.0,77.4,51.092126888267416,0.0,0.0,176.6345541881344
6567,183.1354,0.08565104691793914,0.281284099953668,46.25156533568713,14.0642049976834,77.4,45.419629666629476,0.0,0.0,171.4693890229692
6568,166.4889,0.03924992445293297,0.6435419671439601,21.194959204583803,32.177098357198005,77.4,35.71684243821818,0.0,0.0,166.30422385780403
6569,133.189,0.004079475941022182,1.0136514664489797,2.2029170081519784,50.68257332244899,77.4,2.9035096693990283,0.0,0.0,161.13905869263886
6570,183.1354,0.0,1.3246170423210148,0.0,66.23085211605074,77.4,39.50454788394926,0.0,0.0,155.97389352747368
6571,199.7853,0.0,1.6056741073756198,0.0,80.28370536878099,77.4,42.101594631219015,0.0,0.0,150.8087283623085
6572,183.1354,0.0,1.8756087235918366,0.0,93.78043617959183,77.4,11.954963820408167,0.0,0.0,145.64356319714332
6573,149.839,0.0,1.9471392079426373,0.0,97.35696039713187,52.48203960286813,0.0,0.0,0.0,142.14125825200696
6574,99.8926,0.0,1.816368613348042,0.0,90.8184306674021,9.074169332597904,0.0,0.0,0.0,141.53570807966142
6575,66.5962,0.0,1.6651433316183128,0.0,83.25716658091564,0.0,0.0,0.0,0.0,141.8509155555166
6576,49.9463,0.0,1.4930550518610037,0.0,74.65275259305018,0.0,0.0,0.0,0.0,142.31833492889862
6577,39.9557,0.0,1.2212812647501377,0.0,61.064063237506886,0.0,0.0,0.0,0.0,142.7176823415001
6578,33.2964,0.0,0.8666175574980691,0.0,43.33087787490346,0.0,0.0,0.0,0.0,142.90752381480908
6579,26.6371,0.0,0.6853866175752898,0.0,34.26933087876449,0.0,0.0,0.0,0.0,143.0519173719749
6580,26.6371,0.0,0.7420604473822395,0.0,37.103022369111976,0.0,0.0,0.0,0.0,143.24992130868782
6581,33.2964,0.0,0.9005212689156097,0.0,45.02606344578049,0.0,0.0,0.0,0.0,143.47183386036474
6582,83.2427,0.018986542721645922,1.075774548262548,10.252733069688798,53.788727413127404,19.201239517183794,0.0,0.0,0.0,142.19046986188735
6583,133.189,0.06165851879471231,1.1754767662173193,33.29560014914465,58.77383831086597,41.11956153998938,0.0,0.0,0.0,139.44642171107057
6584,166.4889,0.109476902999538,1.2228205642625485,59.11752761975051,61.14102821312743,46.23034416712207,0.0,0.0,0.0,136.36131365854322
6585,199.7853,0.1471560939958699,1.178507907035852,79.46429075776975,58.925395351792595,61.39561389043766,0.0,0.0,0.0,132.26417559444997
6586,233.0817,0.17468786261403835,1.075774548262548,94.3314458115807,53.788727413127404,77.4,7.561526775291895,0.0,0.0,127.0990104292848
6587,249.7316,0.18201403735605629,0.905989890788748,98.2875801722704,45.299494539437404,77.4,28.74452528829218,0.0,0.0,121.93384526411964
6588,249.7316,0.17073506650876139,0.7976061156183119,92.19693591473114,39.88030578091559,77.4,40.25435830435325,0.0,0.0,116.76868009895448
6589,216.4318,0.1449547373661916,0.7230047105482623,78.27555817774348,36.150235527413116,77.4,24.60600629484341,0.0,0.0,111.60351493378931
6590,199.7853,0.11391086298503474,0.7154285714285717,61.51186601191876,35.77142857142859,77.4,25.102005416652645,0.0,0.0,106.43834976862415
6591,183.1354,0.07346978518104892,0.7897733264026475,39.67368399776642,39.488666320132374,77.4,26.573049682101214,0.0,0.0,101.27318460345899
6592,166.4889,0.03293493676075616,0.9880744053480418,17.784865850808327,49.40372026740209,77.4,21.90031388178957,0.0,0.0,96.10801943829382
6593,133.189,0.003354616603174018,1.2615660751285163,1.8114929657139698,63.07830375642581,68.29920327786022,0.0,0.0,0.0,91.55018138171323
6594,183.1354,0.0,1.6899206133480413,0.0,84.49603066740207,77.4,21.23936933259793,0.0,0.0,86.38501621654807
6595,199.7853,0.0,2.0412894712939873,0.0,102.06447356469937,77.4,20.32082643530063,0.0,0.0,81.2198510513829
6596,183.1354,0.0,2.2463298789806943,0.0,112.31649394903471,70.8189060509653,0.0,0.0,0.0,76.49386466159542
6597,149.839,0.0,2.6395139900011033,0.0,131.97569950005516,17.86330049994484,0.0,0.0,0.0,75.30178588282033
6598,99.8926,0.0,3.0730343430777713,0.0,153.65171715388857,0.0,0.0,0.0,0.0,76.3188502614074
6599,66.5962,0.0,3.1260672835918366,0.0,156.30336417959182,0.0,0.0,0.0,0.0,78.01601282696726
6600,49.9463,0.0,2.85882935453723,0.0,142.9414677268615,0.0,0.0,0.0,0.0,79.77538086504302
6601,39.9557,0.0,2.281113072750138,0.0,114.0556536375069,0.0,0.0,0.0,0.0,81.17727187980667
6602,33.2964,0.0,1.8662926292509656,0.0,93.31463146254828,0.0,0.0,0.0,0.0,82.31275193450352
6603,26.6371,0.0,1.6248053166949803,0.0,81.24026583474901,0.0,0.0,0.0,0.0,83.34578480164743
6604,26.6371,0.0,1.3198428019856592,0.0,65.99214009928296,0.0,0.0,0.0,0.0,84.09033961433656
6605,33.2964,0.0,1.0874923443397682,0.0,54.374617216988405,0.0,0.0,0.0,0.0,84.48911669682012
6606,83.2427,0.015426370772845126,0.9529664313822394,8.33024021733637,47.64832156911197,27.26413821355166,0.0,0.0,0.0,82.66968805394046
6607,133.189,0.04937318071023731,0.8305316648736901,26.66151758352815,41.526583243684506,65.00089917278734,0.0,0.0,0.0,78.33195704474545
6608,166.4889,0.08774293446078806,0.6533127413127411,47.38118460882555,32.66563706563706,77.4,9.042078325537389,0.0,0.0,73.16679187958029
6609,199.7853,0.12468331695014159,0.9404453348041921,67.32899115307646,47.02226674020961,77.4,8.03404210671394,0.0,0.0,68.00162671441512
6610,233.0817,0.15380423331432586,1.3150759483022614,83.05428598973597,65.75379741511307,77.4,6.873616595150963,0.0,0.0,62.83646154924996
6611,249.7316,0.17234141445854928,1.6775107590777716,93.06436380761662,83.87553795388858,72.79169823849477,0.0,0.0,0.0,57.978824029163555
6612,249.7316,0.17460422750282117,1.9452402834285714,94.28628285152344,97.26201417142858,58.18330297704798,0.0,0.0,0.0,54.096054394392254
6613,216.4318,0.15431272931045054,2.1655444870777725,83.32887382764329,108.27722435388863,24.825701818468076,0.0,0.0,0.0,52.439350903002996
6614,199.7853,0.12507126170908267,2.4420515526883615,67.53848132290464,122.10257763441807,10.144241042677294,0.0,0.0,0.0,51.76239120712864
6615,183.1354,0.08088036010308082,2.5844739220474344,43.67539445566364,129.22369610237172,10.236309441964636,0.0,0.0,0.0,51.07928747393113
6616,166.4889,0.03559742813021805,2.735600516271374,19.22261119031775,136.7800258135687,10.486262996113567,0.0,0.0,0.0,50.3795034902065
6617,133.189,0.003567884170376742,3.0490899062327634,1.9266574520034407,152.45449531163817,0.0,0.0,0.0,0.0,50.780436110059185
6618,183.1354,0.0,3.3682920066188635,0.0,168.4146003309432,14.720799669056818,0.0,0.0,0.0,49.79806709644178
6619,199.7853,0.0,3.5266502773480424,0.0,176.33251386740213,23.45278613259788,0.0,0.0,0.0,48.232982936775585
6620,183.1354,0.0,3.615196952710425,0.0,180.75984763552125,2.37555236447875,0.0,0.0,0.0,48.07445425045735
6621,149.839,0.0,3.7663804412399347,0.0,188.31902206199672,0.0,0.0,0.0,0.0,48.802454667846476
6622,99.8926,0.0,3.8827209346188627,0.0,194.13604673094312,0.0,0.0,0.0,0.0,50.585438795188644
6623,66.5962,0.0,3.8148402921478226,0.0,190.74201460739113,0.0,0.0,0.0,15.256925718502245,52.645498855248704
6624,49.9463,0.0,3.5525674363552118,0.0,177.62837181776058,0.0,0.0,0.0,18.793182928871687,54.705558915308764
6625,39.9557,0.0,3.2163657234285714,0.0,160.81828617142858,0.0,0.0,0.0,11.973697282539689,56.765618975368824
6626,33.2964,0.0,2.8773299232829554,0.0,143.86649616414778,0.0,0.0,0.0,1.6812072752588847,58.825679035428884
6627,26.6371,0.0,2.558268694980695,0.0,127.91343474903476,0.0,0.0,0.0,1.6812072752588847,60.741717800951164
6628,26.6371,0.0,2.225994683128516,0.0,111.2997341564258,0.0,0.0,0.0,1.6812072752588847,62.34344331201868
6629,33.2964,0.0,2.004524995035852,0.0,100.2262497517926,0.0,0.0,0.0,1.6812072752588847,63.60968371272827
6630,83.2427,0.020094736712106685,1.8681540715102034,10.85115782453761,93.40770357551017,0.0,0.0,0.0,1.6812072752588847,64.00728676624269
6631,133.189,0.06574705237763354,1.8182061571671273,35.50340828392211,90.91030785835636,6.775283857721519,0.0,0.0,0.0,63.555149037999676
6632,166.4889,0.11601079941130932,1.7435879757308328,62.64583168210703,87.17939878654164,16.66366953135133,0.0,0.0,0.0,62.44312571258417
6633,199.7853,0.15725636772958668,1.6143572371274124,84.91843857397681,80.71786185637062,34.148999569652574,0.0,0.0,0.0,60.16424686242384
6634,233.0817,0.17919035660930363,1.4216618527346943,96.76279256902396,71.08309263673472,65.23581479424132,0.0,0.0,0.0,55.81083913508041
6635,249.7316,0.18639222105452619,1.2120624155675677,100.65179936944413,60.60312077837838,77.4,11.076679852177449,0.0,0.0,50.645673969915244
6636,249.7316,0.18132174355860362,1.0977868108108106,97.91374152164596,54.88934054054053,77.4,19.52851793781349,0.0,0.0,45.48050880475008
6637,216.4318,0.152711828801136,1.094841587715389,82.46438755261345,54.74207938576945,77.4,1.8253330616171013,0.0,0.0,40.31534363958492
6638,199.7853,0.11833887437868065,1.2151321385372311,63.90299216448755,60.75660692686156,75.1257009086509,0.0,0.0,0.0,35.30195018555416
6639,183.1354,0.07757551465656169,1.3469946665372312,41.890777914543314,67.34973332686155,73.89488875859513,0.0,0.0,0.0,30.370693011140073
6640,166.4889,0.03448937192770725,1.4579948725868728,18.624260840961913,72.89974362934363,74.96489552969446,0.0,0.0,0.0,25.368030646796097
6641,133.189,0.0033540235671060564,1.663380015444016,1.8111727262372703,83.1690007722008,48.208826501561916,0.0,0.0,0.0,22.150891741119626
6642,183.1354,0.0,1.9130956006795357,0.0,95.65478003397678,77.4,10.080619966023221,0.0,0.0,16.98572657595446
6643,199.7853,0.0,2.1158025548108106,0.0,105.79012774054053,77.4,16.595172259459474,0.0,0.0,11.820561410789292
6644,183.1354,0.0,2.2626649266409253,0.0,113.13324633204627,70.00215366795373,0.0,0.0,0.0,7.149079684532786
6645,149.839,0.0,2.281113072750138,0.0,114.0556536375069,35.783346362493106,0.0,0.0,0.0,4.761135315998045
6646,99.8926,0.0,2.221938775510204,0.0,111.0969387755102,0.0,0.0,0.0,0.0,4.973109292832022
6647,66.5962,0.0,2.008379557877552,0.0,100.4189778938776,0.0,0.0,0.0,0.0,5.612999685418895
6648,49.9463,0.0,1.5728734235675672,0.0,78.64367117837836,0.0,0.0,0.0,0.0,6.155922923928756
6649,39.9557,0.0,1.2615660751285163,0.0,63.07830375642581,0.0,0.0,0.0,0.0,6.593377589590866
6650,33.2964,0.0,1.1408485199426364,0.0,57.042425997131815,0.0,0.0,0.0,0.0,7.042626730077144
6651,26.6371,0.0,0.9501785904644235,0.0,47.50892952322118,0.0,0.0,0.0,0.0,7.437499180516464
6652,26.6371,0.0,0.7845663298929949,0.0,39.22831649464975,0.0,0.0,0.0,0.0,7.675711384469297
6653,33.2964,0.0,0.5953756278610038,0.0,29.76878139305019,3.527618606949808,0.0,0.0,0.0,7.440301400688862
6654,83.2427,0.01663950653462229,0.42693113871814686,8.985333528696037,21.346556935907344,52.910809535396616,0.0,0.0,0.0,3.9093831801085073
6655,133.189,0.05303776839657516,0.465398465976834,28.64039493415059,23.2699232988417,58.58210695392598,22.696574813081718,0.0,0.0,0.0
6656,166.4889,0.0950090281743759,0.5740721881169334,51.30487521416299,28.70360940584667,0.0,60.0,26.480415379990347,0.0,0.0
6657,199.7853,0.13646729180419523,0.6025278309806951,73.69233757426542,30.126391549034754,0.0,60.0,35.96657087669983,0.0,0.0
6658,233.0817,0.16150253879975635,0.5906216945879756,87.21137095186843,29.53108472939878,0.0,60.0,56.339244318732796,0.0,0.0
6659,249.7316,0.17598799655457975,0.5356092187887481,95.03351813947307,26.780460939437408,0.0,60.0,67.91762092108951,0.0,0.0
6660,249.7316,0.17150459251505523,0.4843852607964697,92.61247995812982,24.219263039823485,0.0,60.0,72.89985700204667,0.0,0.0
6661,216.4318,0.14727357309684166,0.4843852607964697,79.5277294722945,24.219263039823485,0.0,60.0,52.684807487882026,0.0,0.0
6662,199.7853,0.11619001924708187,0.6013340202713738,62.74261039342421,30.066701013568693,0.0,60.0,46.9759885930071,0.0,0.0
6663,183.1354,0.0733867642545339,0.7690165334980694,39.62885269744831,38.45082667490347,0.0,60.0,45.05572062764823,0.0,0.0
6664,166.4889,0.03236877566005675,1.0079459417804744,17.479138856430644,50.397297089023716,0.0,60.0,38.61246405454564,0.0,0.0
6665,133.189,0.0031354113877819986,1.2197427726332044,1.6931221494022792,60.98713863166022,0.0,60.0,10.508739218937492,0.0,0.0
6666,183.1354,0.0,1.467974237476007,0.0,73.39871187380035,0.0,60.0,49.73668812619965,0.0,0.0
6667,199.7853,0.0,1.6704384672123544,0.0,83.52192336061772,0.0,60.0,56.26337663938229,0.0,0.0
6668,183.1354,0.0,1.8145319516911191,0.0,90.72659758455596,0.0,60.0,32.40880241544404,0.0,0.0
6669,149.839,0.0,1.7870877422702707,0.0,89.35438711351354,0.0,60.0,0.4846128864864596,0.0,0.0
6670,99.8926,0.0,1.6160964369156094,0.0,80.80482184578047,0.0,19.087778154219535,0.0,0.0,0.0
6671,66.5962,0.0,1.363077570718147,0.0,68.15387853590735,0.0,0.0,0.0,0.0,0.02946959392257162
6672,49.9463,0.0,0.9641485574142307,0.0,48.207427870711534,0.4416018649297357,1.297270264358731,0.0,0.0,0.0
6673,39.9557,0.0,0.5611661296679538,0.0,28.058306483397686,0.0,11.897393516602314,0.0,0.0,0.0
6674,33.2964,0.0,0.27533047499613883,0.0,13.766523749806941,0.0,19.529876250193055,0.0,0.0,0.0
6675,26.6371,0.0,0.15289173176833956,0.0,7.644586588416978,0.0,18.992513411583023,0.0,0.0,0.0
6676,26.6371,0.0,0.09948861454826274,0.0,4.974430727413138,0.0,21.66266927258686,0.0,0.0,0.0
6677,33.2964,0.0,0.12147143462548278,0.0,6.073571731274139,0.0,27.22282826872586,0.0,0.0,0.0
6678,83.2427,0.01694318268192078,0.19909841329067854,9.149318648237221,9.954920664533926,0.0,60.0,4.138460687228843,0.0,0.0
6679,133.189,0.056016745048298726,0.29526682588416975,30.249042326081316,14.763341294208487,0.0,60.0,28.176616379710197,0.0,0.0
6680,166.4889,0.10149002856442554,0.3829260407104245,54.804615424789795,19.146302035521227,0.0,60.0,32.53798253968898,0.0,0.0
6681,199.7853,0.13365569485496964,0.31039012843243236,72.17407522168361,15.519506421621617,0.0,60.0,52.091718356694784,0.0,0.0
6682,233.0817,0.1624326632589356,0.1629232079426365,87.71363815982522,8.146160397131826,0.0,60.0,77.22190144304295,0.0,0.0
6683,249.7316,0.17752031042208147,0.0,95.860967627924,0.0,0.0,60.0,93.87063237207599,0.0,0.0
6684,249.7316,0.17337437257934674,0.0,93.62216119284724,0.0,0.0,60.0,96.10943880715274,0.0,0.0
6685,216.4318,0.1606680054910195,0.0,86.76072296515053,0.0,0.0,60.0,69.67107703484947,0.0,0.0
6686,199.7853,0.13068118535346412,0.0,70.56784009087063,0.0,0.0,60.0,69.21745990912939,0.0,0.0
6687,183.1354,0.08279574324894717,0.0,44.70970135443147,0.0,0.0,60.0,78.42569864556853,0.0,0.0
6688,166.4889,0.03576070569231881,0.0,19.31078107385216,0.0,0.0,60.0,87.17811892614785,0.0,0.0
6689,133.189,0.0030209060492555934,0.038288470309983634,1.6312892665980205,1.9144235154991818,0.0,60.0,69.64328721790278,0.0,0.0
6690,183.1354,0.0,0.2151666916183122,0.0,10.75833458091561,0.0,60.0,112.3770654190844,0.0,0.0
6691,199.7853,0.0,0.3755259275366797,0.0,18.776296376833983,0.0,60.0,121.00900362316602,0.0,0.0
6692,183.1354,0.0,0.5275485470358521,0.0,26.377427351792605,0.0,60.0,96.75797264820739,0.0,0.0
6693,149.839,0.0,0.6447607971583009,0.0,32.23803985791505,0.0,60.0,57.60096014208494,0.0,0.0
6694,99.8926,0.0,0.6966032123552124,0.0,34.83016061776062,0.0,60.0,5.062439382239376,0.0,0.0
6695,66.5962,0.0,0.7884704632939881,0.0,39.423523164699404,0.0,27.172676835300592,0.0,0.0,0.0
6696,49.9463,0.0,0.880122209853282,0.0,44.0061104926641,0.0,5.9401895073359015,0.0,0.0,0.0
6697,39.9557,0.0,0.8909804550777719,0.0,44.54902275388859,0.0,0.0,0.0,0.0,0.08690070074924366
6698,33.2964,0.0,0.7989141842250416,0.0,39.94570921125208,0.0,0.0,0.0,0.0,0.2126984425837425
6699,26.6371,0.0,0.6916107928428019,0.0,34.580539642140096,0.0,0.0,0.0,0.0,0.3629797331107173
6700,26.6371,0.0,0.6193159571274129,0.0,30.965797856370646,0.0,0.0,0.0,0.0,0.4448740168798917
6701,33.2964,0.0,0.5081148128582462,0.0,25.40574064291231,6.666437142945177,1.2242222141425119,0.0,0.0,0.0
6702,83.2427,0.017611807680117816,0.4598518929156094,9.51037614726362,22.99259464578047,0.0,50.73972920695591,0.0,0.0,0.0
6703,133.189,0.056811206050209645,0.5286979768339768,30.67805126711321,26.43489884169884,0.0,60.0,16.07604989118795,0.0,0.0
6704,166.4889,0.10410845860720364,0.6301822072939876,56.21856764788996,31.509110364699378,0.0,60.0,18.761221987410664,0.0,0.0
6705,199.7853,0.15357860540482654,0.5752496988416986,82.93244691860633,28.76248494208493,0.0,60.0,28.090368139308737,0.0,0.0
6706,233.0817,0.186378477430586,0.41177748262548264,100.64437781251644,20.58887413127413,0.0,60.0,51.848448056209435,0.0,0.0
6707,249.7316,0.20248077640623122,0.2566309390049643,109.33961925936485,12.831546950248216,0.0,60.0,67.56043379038692,0.0,0.0
6708,249.7316,0.19345875669217907,0.11087207388417004,104.46772861377671,5.543603694208502,0.0,60.0,79.72026769201477,0.0,0.0
6709,216.4318,0.16883980535378387,0.0,91.17349489104329,0.0,0.0,60.0,65.25830510895672,0.0,0.0
6710,199.7853,0.1319361813790854,0.0,71.24553794470611,0.0,0.0,60.0,68.53976205529389,0.0,0.0
6711,183.1354,0.08484646015071583,0.0,45.81708848138655,0.0,0.0,60.0,77.31831151861346,0.0,0.0
6712,166.4889,0.0367057743914059,0.05162031715830129,19.821118171359185,2.581015857915064,0.0,60.0,84.08676597072576,0.0,0.0
6713,133.189,0.0031913019186022165,0.1592666954131274,1.723303036045197,7.96333477065637,0.0,60.0,63.502362193298424,0.0,0.0
6714,183.1354,0.0,0.2713743484258133,0.0,13.568717421290666,0.0,60.0,109.56668257870933,0.0,0.0
6715,199.7853,0.0,0.37236448148262546,0.0,18.618224074131273,0.0,60.0,121.16707592586874,0.0,0.0
6716,183.1354,0.0,0.49226122261886374,0.0,24.613061130943187,0.0,60.0,98.52233886905682,0.0,0.0
6717,149.839,0.0,0.5835120640000001,0.0,29.175603200000005,0.0,60.0,60.66339679999999,0.0,0.0
6718,99.8926,0.0,0.6121039389652511,0.0,30.605196948262552,0.0,60.0,9.287403051737442,0.0,0.0
6719,66.5962,0.0,0.572895383545505,0.0,28.644769177275247,0.0,37.951430822724745,0.0,0.0,0.0
6720,49.9463,0.0,0.4389308637617207,0.0,21.946543188086036,0.0,27.999756811913965,0.0,0.0,0.0
6721,39.9557,0.0,0.2362333134296744,0.0,11.81166567148372,0.0,28.14403432851628,0.0,0.0,0.0
6722,33.2964,0.0,0.047437771190292174,0.0,2.3718885595146086,0.0,30.92451144048539,0.0,0.0,0.0
6723,26.6371,0.0,0.0,0.0,0.0,0.0,26.6371,0.0,0.0,0.0
6724,26.6371,0.0,0.0,0.0,0.0,0.0,26.6371,0.0,0.0,0.0
6725,33.2964,0.0,0.0,0.0,0.0,0.0,33.2964,0.0,0.0,0.0
6726,83.2427,0.01708434380394442,0.10472972972972973,9.225545654129988,5.236486486486487,0.0,60.0,8.780667859383527,0.0,0.0
6727,133.189,0.055102060904897984,0.2644760224335357,29.755112888644916,13.223801121676784,0.0,60.0,30.21008598967829,0.0,0.0
6728,166.4889,0.09523625302084324,0.32975800297407626,51.42757663125535,16.48790014870381,0.0,60.0,38.57342322004084,0.0,0.0
6729,199.7853,0.13575360353001834,0.44551087871152784,73.3069459062099,22.27554393557639,0.0,60.0,44.20281015821371,0.0,0.0
6730,233.0817,0.15878050513238345,0.48214119586100396,85.74147277148707,24.107059793050198,0.0,60.0,63.23316743546275,0.0,0.0
6731,249.7316,0.17215299384245158,0.42693113871814686,92.96261667492386,21.346556935907344,0.0,60.0,75.42242638916878,0.0,0.0
6732,249.7316,0.1691199584312303,0.40962349862548275,91.32477755286435,20.481174931274136,0.0,60.0,77.9256475158615,0.0,0.0
6733,216.4318,0.1509436339900974,0.4598518929156094,81.50956235465259,22.99259464578047,0.0,60.0,51.92964299956695,0.0,0.0
6734,199.7853,0.12091281711428876,0.6001409205868724,65.29292124171594,30.00704602934362,0.0,60.0,44.48533272894045,0.0,0.0
6735,183.1354,0.07714301224774156,0.8225869321389961,41.657226613780445,41.12934660694981,0.0,60.0,40.34882677926976,0.0,0.0
6736,166.4889,0.03224857810149761,1.164892995035852,17.41423217480871,58.2446497517926,0.0,60.0,30.83001807339869,0.0,0.0
6737,133.189,0.002703187616972339,1.8108612740165473,1.4597213131650628,90.54306370082736,0.0,41.18621498600757,0.0,0.0,0.0
6738,183.1354,0.0,3.04431309844898,0.0,152.215654922449,0.0,30.919745077551,0.0,0.0,0.0
6739,199.7853,0.0,4.707908586537232,0.0,235.3954293268616,0.0,0.0,0.0,0.0,0.6737051494271112
6740,183.1354,0.0,6.735543354140098,0.0,336.77716770700493,0.0,0.0,0.0,44.752878818116045,2.733765209487171
6741,149.839,0.0,8.021406012116934,0.0,401.0703006058467,0.0,0.0,0.0,142.3424117169578,4.793825269547231
6742,99.8926,0.0,6.898416220911195,0.0,344.9208110455598,0.0,0.0,0.0,136.1393221566709,6.853885329607291
6743,66.5962,0.0,5.914006245312742,0.0,295.70031226563714,0.0,0.0,0.0,120.21522337674824,8.91394538966735
6744,49.9463,0.0,5.268071536679537,0.0,263.40357683397684,0.0,0.0,0.0,104.56838794508795,10.97400544972741
6745,39.9557,0.0,4.9394767021467185,0.0,246.97383510733593,0.0,0.0,0.0,98.12924621844704,13.034065509787471
6746,33.2964,0.0,4.096029708178708,0.0,204.8014854089354,0.0,0.0,0.0,62.616196520046515,15.094125569847531
6747,26.6371,0.0,3.4037012327501386,0.0,170.18506163750692,0.0,0.0,0.0,34.65907274861803,17.15418562990759
6748,26.6371,0.0,2.758204633204633,0.0,137.91023166023163,0.0,0.0,0.0,2.384242771342741,19.21424568996765
6749,33.2964,0.0,2.1396070761478208,0.0,106.98035380739104,0.0,0.0,0.0,2.384242771342741,20.60826643767505
6750,83.2427,0.0168684439933257,1.6757413878610035,9.108959756395878,83.78706939305017,0.0,0.0,0.0,2.384242771342741,20.790896989151054
6751,133.189,0.057521410362995545,1.3453909134826256,31.061561596017594,67.26954567413128,34.857892729851116,0.0,0.0,0.0,18.464711288126622
6752,166.4889,0.10422839593359186,1.1952365317153888,56.2833338041396,59.76182658576944,50.44373961009096,0.0,0.0,0.0,15.098429031864296
6753,199.7853,0.13957265486628997,1.0904296745725317,75.36923362779659,54.521483728626585,69.89458264357683,0.0,0.0,0.0,10.434125885813122
6754,233.0817,0.15840071201863196,1.0065215033822392,85.53638449006127,50.32607516911196,77.4,19.81924034082678,0.0,0.0,5.268960720647956
6755,249.7316,0.1679073173630571,0.9197147755102041,90.66995137605085,45.98573877551021,77.4,35.67590984843892,0.0,0.0,0.10379555548279029
6756,249.7316,0.16504218300806,0.8451671263099833,89.1227788243524,42.258356315499164,1.5553763989096125,60.0,56.79508846123882,0.0,0.0
6757,216.4318,0.14913032133227808,0.9293676135642583,80.53037351943017,46.46838067821292,0.0,60.0,29.43304580235693,0.0,0.0
6758,199.7853,0.11761362136737241,1.0977868108108106,63.511355538381096,54.88934054054053,0.0,60.0,21.38460392107838,0.0,0.0
6759,183.1354,0.07320313313738322,1.1573571494760067,39.52969189418694,57.867857473800335,0.0,60.0,25.737850632012737,0.0,0.0
6760,166.4889,0.03078645245602495,1.167912928688362,16.624684326253472,58.395646434418104,0.0,60.0,31.468569239328417,0.0,0.0
6761,133.189,0.0024082767550868407,1.1438429151594045,1.300469447746894,57.19214575797022,0.0,60.0,14.696384794282878,0.0,0.0
6762,183.1354,0.0,1.1274131274131274,0.0,56.37065637065637,0.0,60.0,66.76474362934363,0.0,0.0
6763,199.7853,0.0,1.0963138043552125,0.0,54.815690217760626,0.0,60.0,84.96960978223939,0.0,0.0
6764,183.1354,0.0,1.088960615077772,0.0,54.4480307538886,0.0,60.0,68.68736924611142,0.0,0.0
6765,149.839,0.0,1.045254650069498,0.0,52.26273250347489,0.0,60.0,37.576267496525105,0.0,0.0
6766,99.8926,0.0,0.9460025901467183,0.0,47.30012950733592,0.0,52.592470492664084,0.0,0.0,0.0
6767,66.5962,0.0,0.8265559282868173,0.0,41.32779641434087,0.0,25.26840358565913,0.0,0.0,0.0
6768,49.9463,0.0,0.7522910972399339,0.0,37.614554861996695,0.0,12.331745138003306,0.0,0.0,0.0
6769,39.9557,0.0,0.6953540166883622,0.0,34.76770083441811,0.0,5.187999165581893,0.0,0.0,0.0
6770,33.2964,0.0,0.6545373264555981,0.0,32.726866322779905,0.0,0.0,0.5695336772200932,0.0,0.0
6771,26.6371,0.0,0.5894349845956978,0.0,29.471749229784887,0.0,0.0,0.0,0.0,0.05362849894187624
6772,26.6371,0.0,0.47989988776172077,0.0,23.994994388086038,0.8036230566440155,1.8384825552699466,0.0,0.0,0.0
6773,33.2964,0.0,0.35040232871042476,0.0,17.52011643552124,0.0,15.77628356447876,0.0,0.0,0.0
6774,83.2427,0.016170071485386284,0.2773124236072808,8.731838602108594,13.865621180364041,0.0,60.0,0.6452402175273662,0.0,0.0
6775,133.189,0.053682606838928476,0.3597787435984556,28.98860769302138,17.98893717992278,0.0,60.0,26.211455127055842,0.0,0.0
6776,166.4889,0.09054009880352887,0.44112147602426927,48.89165335390559,22.056073801213465,0.0,60.0,35.54117284488095,0.0,0.0
6777,199.7853,0.1224931783039977,0.3946211414980695,66.14631628415876,19.731057074903475,0.0,60.0,53.907926640937774,0.0,0.0
6778,233.0817,0.1352977865418667,0.29827972875013786,73.06080473260802,14.913986437506892,0.0,60.0,85.1069088298851,0.0,0.0
6779,249.7316,0.14488485094733156,0.27236240926640937,78.23781951155904,13.618120463320468,0.0,60.0,97.87566002512048,0.0,0.0
6780,249.7316,0.14945122948697326,0.37763690014782125,80.70366392296556,18.881845007391064,0.0,60.0,90.14609106964338,0.0,0.0
6781,216.4318,0.12484385166930616,0.5541623744247105,67.41567990142532,27.708118721235525,0.0,60.0,61.30800137733917,0.0,0.0
6782,199.7853,0.10168053543719908,0.6841439602868172,54.907489136087506,34.20719801434086,0.0,60.0,50.67061284957164,0.0,0.0
6783,183.1354,0.06599754047815966,0.8239091822702702,35.638671858206216,41.19545911351351,0.0,60.0,46.301269028280274,0.0,0.0
6784,166.4889,0.028438244985640012,1.0322804324324326,15.356652292245606,51.61402162162163,0.0,60.0,39.518226086132756,0.0,0.0
6785,133.189,0.0022035832595313346,1.2646876205184774,1.1899349601469207,63.23438102592387,0.0,60.0,8.764684013929212,0.0,0.0
6786,183.1354,0.0,1.4997752807501377,0.0,74.98876403750688,0.0,60.0,48.14663596249312,0.0,0.0
6787,199.7853,0.0,1.6916969173215664,0.0,84.58484586607831,0.0,60.0,55.200454133921696,0.0,0.0
6788,183.1354,0.0,1.8756087235918366,0.0,93.78043617959183,0.0,60.0,29.354963820408173,0.0,0.0
6789,149.839,0.0,2.0980356905725315,0.0,104.90178452862658,0.0,44.93721547137342,0.0,0.0,0.0
6790,99.8926,0.0,2.2770069606795373,0.0,113.85034803397687,0.0,0.0,0.0,0.0,0.2640655033455083
6791,66.5962,0.0,2.3286019629961383,0.0,116.43009814980691,0.0,0.0,0.0,0.0,1.2068689818553688
6792,49.9463,0.0,2.254489962572532,0.0,112.72449812862659,0.0,0.0,0.0,0.0,2.3945646221266825
6793,39.9557,0.0,2.135630486239382,0.0,106.7815243119691,0.0,0.0,0.0,0.0,3.658836973974746
6794,33.2964,0.0,1.8812090457804747,0.0,94.06045228902373,0.0,0.0,0.0,0.0,4.808427152415736
6795,26.6371,0.0,1.6160964369156094,0.0,80.80482184578047,0.0,0.0,0.0,0.0,5.83322189003861
6796,26.6371,0.0,1.433178462217319,0.0,71.65892311086594,0.0,0.0,0.0,0.0,6.684986111054992
6797,33.2964,0.0,1.2382580127346938,0.0,61.91290063673469,0.0,0.0,0.0,0.0,7.226379366344568
6798,83.2427,0.014616602287758552,1.10664144753668,7.892965235389619,55.332072376834,20.017662387776383,0.0,0.0,0.0,5.890532693820284
6799,133.189,0.051557935475830506,1.0904296745725317,27.841285156948473,54.521483728626585,50.82623111442493,0.0,0.0,0.0,2.4987254789771125
6800,166.4889,0.0925157060714184,1.0874923443397682,49.958481278565934,54.374617216988405,37.443401302472026,24.712400201973637,0.0,0.0,0.0
6801,199.7853,0.1222142893653141,1.1603690907181463,65.99571625726962,58.01845453590732,0.0,60.0,15.771129206823076,0.0,0.0
6802,233.0817,0.15164754535135166,1.1664025619768337,81.8896744897299,58.320128098841685,0.0,60.0,32.87189741142842,0.0,0.0
6803,249.7316,0.1681607595386594,1.167912928688362,90.80681015087607,58.395646434418104,0.0,60.0,40.5291434147058,0.0,0.0
6804,249.7316,0.16345194501400895,1.1845798079470486,88.26405030756483,59.22899039735243,0.0,60.0,42.23855929508272,0.0,0.0
6805,216.4318,0.14262506528398267,1.2725057209045785,77.01753525335064,63.625286045228926,0.0,60.0,15.788978701420433,0.0,0.0
6806,199.7853,0.11588694014702478,1.5081945592939883,62.57894767939339,75.40972796469941,0.0,60.0,1.7966243559071984,0.0,0.0
6807,183.1354,0.07261973432460665,1.7148678929156096,39.214656535287595,85.74339464578048,0.0,58.17734881893193,0.0,0.0,0.0
6808,166.4889,0.030181396527312977,1.916863910301159,16.29795412474901,95.84319551505796,0.0,54.34775036019303,0.0,0.0,0.0
6809,133.189,0.0022423997927726574,2.217886574455599,1.210895888097235,110.89432872277996,0.0,21.083775389122792,0.0,0.0,0.0
6810,183.1354,0.0,2.5822848612818543,0.0,129.1142430640927,0.0,54.0211569359073,0.0,0.0,0.0
6811,199.7853,0.0,2.8311971368736906,0.0,141.55985684368454,0.0,58.225443156315464,0.0,0.0,0.0
6812,183.1354,0.0,3.015736666510755,0.0,150.78683332553774,0.0,32.34856667446226,0.0,0.0,0.0
6813,149.839,0.0,2.933212455854384,0.0,146.6606227927192,0.0,3.178377207280789,0.0,0.0,0.0
6814,99.8926,0.0,2.6042188325559845,0.0,130.21094162779923,0.0,0.0,0.0,0.0,0.5735902470124179
6815,66.5962,0.0,2.2996367743011588,0.0,114.98183871505793,0.0,0.0,0.0,0.0,1.4889942227027033
6816,49.9463,0.0,2.137618322321015,0.0,106.88091611605076,0.0,0.0,0.0,0.0,2.566135608682042
6817,39.9557,0.0,1.9929829799536687,0.0,99.64914899768344,0.0,0.0,0.0,0.0,3.695471130259837
6818,33.2964,0.0,1.8366301608736904,0.0,91.83150804368452,0.0,0.0,0.0,0.0,4.802892093248463
6819,26.6371,0.0,1.8849470414296747,0.0,94.24735207148373,0.0,0.0,0.0,0.0,6.082004970276534
6820,26.6371,0.0,2.0180317845956983,0.0,100.90158922978492,0.0,0.0,0.0,0.0,7.487008820569763
6821,33.2964,0.0,1.9018121012597908,0.0,95.09060506298954,0.0,0.0,0.0,0.0,8.65608837581551
6822,83.2427,0.011364006236679635,1.6126188955675678,6.136563367807003,80.63094477837839,0.0,0.0,0.0,0.0,8.722773935337937
6823,133.189,0.03860211718555828,1.2725057209045785,20.845143280201473,63.625286045228926,48.71857067456959,0.0,0.0,0.0,5.471618067832459
6824,166.4889,0.06920370258773141,0.9087287694826255,37.36999939737496,45.43643847413127,77.4,6.282462128493762,0.0,0.0,0.3064529026672931
6825,199.7853,0.1080083197796903,0.6582154047964698,58.324492681032766,32.91077023982349,4.592196746469387,60.0,43.957840332674365,0.0,0.0
6826,233.0817,0.13549554241599152,0.6484215999470488,73.16759290463541,32.42107999735244,0.0,60.0,67.49302709801216,0.0,0.0
6827,249.7316,0.16257687512504393,0.6804203401389963,87.79151256752372,34.02101700694982,0.0,60.0,67.91907042552644,0.0,0.0
6828,249.7316,0.15855395355979437,0.7003551654760068,85.61913492228896,35.01775827380034,0.0,60.0,69.0947068039107,0.0,0.0
6829,216.4318,0.1435253603065681,0.7819672854451182,77.50369456554678,39.09836427225591,0.0,60.0,39.82974116219732,0.0,0.0
6830,199.7853,0.11060969960489922,0.8572092533127416,59.729237786645584,42.86046266563708,0.0,60.0,37.195599547717336,0.0,0.0
6831,183.1354,0.0704649645170582,0.9005212689156097,38.05108083921143,45.02606344578049,0.0,60.0,40.05825571500809,0.0,0.0
6832,166.4889,0.02956942869134914,0.9238471205559847,15.967491493328534,46.192356027799235,0.0,60.0,44.32905247887223,0.0,0.0
6833,133.189,0.0021944234539356157,1.0208008730899063,1.1849886651252324,51.040043654495314,0.0,60.0,20.963967680379454,0.0,0.0
6834,183.1354,0.0,1.230529180169884,0.0,61.52645900849421,0.0,60.0,61.60894099150579,0.0,0.0
6835,199.7853,0.0,1.4646444247192498,0.0,73.2322212359625,0.0,60.0,66.55307876403751,0.0,0.0
6836,183.1354,0.0,1.649304577976834,0.0,82.4652288988417,0.0,60.0,40.6701711011583,0.0,0.0
6837,149.839,0.0,1.7077227181467192,0.0,85.38613590733596,0.0,60.0,4.4528640926640435,0.0,0.0
6838,99.8926,0.0,1.6178364951439608,0.0,80.89182475719804,0.0,19.000775242801964,0.0,0.0,0.0
6839,66.5962,0.0,1.4298838277153891,0.0,71.49419138576945,0.0,0.0,0.0,0.0,0.09266470189293569
6840,49.9463,0.0,1.1170078643397683,0.0,55.850393216988415,0.0,0.0,0.0,0.0,0.20436376275487866
6841,39.9557,0.0,0.8505116545482623,0.0,42.525582727413116,0.0,0.0,0.0,0.0,0.2529831657059376
6842,33.2964,0.0,0.6878741092818531,0.0,34.393705464092655,0.0,0.0,0.0,0.0,0.27374299881039327
6843,26.6371,0.0,0.5588287315521236,0.0,27.941436577606183,0.0,0.0,0.0,0.0,0.29841963676510486
6844,26.6371,0.0,0.48214119586100396,0.0,24.107059793050198,2.5300402069498027,0.0,0.0,0.0,0.1295814514498027
6845,33.2964,0.0,0.45211545356425803,0.0,22.6057726782129,1.9417780499752935,8.748849271811803,0.0,0.0,0.0
6846,83.2427,0.015768346063268154,0.45542696525096527,8.514906874164803,22.771348262548262,0.0,51.95644486328693,0.0,0.0,0.0
6847,133.189,0.05673270470026651,0.4074722155455047,30.635660538143917,20.373610777275236,0.0,60.0,22.179728684580837,0.0,0.0
6848,166.4889,0.10208464725016791,0.3073536988416987,55.125709515090676,15.367684942084935,0.0,60.0,35.99550554282439,0.0,0.0
6849,199.7853,0.1318104282815291,0.21421643243243255,71.17763127202572,10.710821621621628,0.0,60.0,57.89684710635265,0.0,0.0
6850,233.0817,0.15741247625008634,0.15562013257142854,85.00273717504662,7.7810066285714266,0.0,60.0,80.29795619638196,0.0,0.0
6851,249.7316,0.1720038215243471,0.0890719662173195,92.88206362314743,4.453598310865975,0.0,60.0,92.39593806598657,0.0,0.0
6852,249.7316,0.16974686468770567,0.03911725862548264,91.66330693136106,1.955862931274132,0.0,60.0,96.11243013736481,0.0,0.0
6853,216.4318,0.1512805351747144,0.0040116977385547935,81.69148899434578,0.20058488692773968,0.0,60.0,74.53972611872649,0.0,0.0
6854,199.7853,0.12589886186692487,0.0,67.98538540813944,0.0,0.0,60.0,71.79991459186056,0.0,0.0
6855,183.1354,0.0779308721081614,0.02510828164589095,42.082670938407155,1.2554140822945477,0.0,60.0,79.7973149792983,0.0,0.0
6856,166.4889,0.031446419934266744,0.1610937071196912,16.981066764504043,8.05468535598456,0.0,60.0,81.45314787951139,0.0,0.0
6857,133.189,0.0020271600361162607,0.33283780253723133,1.0946664195027809,16.641890126861565,0.0,60.0,55.45244345363565,0.0,0.0
6858,183.1354,0.0,0.5564941470358522,0.0,27.82470735179261,0.0,60.0,95.31069264820741,0.0,0.0
6859,199.7853,0.0,0.8828322224644234,0.0,44.14161112322117,0.0,60.0,95.64368887677884,0.0,0.0
6860,183.1354,0.0,1.0641071106188635,0.0,53.20535553094318,0.0,60.0,69.93004446905684,0.0,0.0
6861,149.839,0.0,0.9418334980165471,0.0,47.09167490082736,0.0,60.0,42.74732509917264,0.0,0.0
6862,99.8926,0.0,0.8080915220474348,0.0,40.40457610237174,0.0,59.48802389762826,0.0,0.0,0.0
6863,66.5962,0.0,0.7053679651583014,0.0,35.26839825791507,0.0,31.32780174208493,0.0,0.0,0.0
6864,49.9463,0.0,0.6374585894054055,0.0,31.87292947027027,0.0,18.07337052972973,0.0,0.0,0.0
6865,39.9557,0.0,0.6133041584291229,0.0,30.665207921456144,0.0,9.290492078543856,0.0,0.0,0.0
6866,33.2964,0.0,0.6816608217804743,0.0,34.083041089023716,0.0,0.0,0.0,0.0,0.014882398981529793
6867,26.6371,0.0,0.7471698841698843,0.0,37.358494208494214,0.0,0.0,0.0,0.0,0.2177195867097987
6868,26.6371,0.0,0.7936863746188637,0.0,39.68431873094318,0.0,0.0,0.0,0.0,0.46455885999791297
6869,33.2964,0.0,0.8558682267887477,0.0,42.793411339437384,0.0,0.0,0.0,0.0,0.6442320475007824
6870,83.2427,0.017333776937324352,0.8977915223474903,9.360239546155151,44.88957611737451,9.653817231799225,19.339067104671116,0.0,0.0,0.0
6871,133.189,0.06377154930636464,0.8252321809156096,34.436636625436904,41.26160904578048,0.0,57.4907543287826,0.0,0.0,0.0
6872,166.4889,0.11256882106556235,0.6841439602868172,60.78716337540367,34.20719801434086,0.0,60.0,11.49453861025546,0.0,0.0
6873,199.7853,0.1550915591405442,0.6097056386188636,83.74944193589387,30.48528193094318,0.0,60.0,25.550576133162963,0.0,0.0
6874,233.0817,0.179190237730051,0.551833412024269,96.76272837422754,27.59167060121345,0.0,60.0,48.727301024559026,0.0,0.0
6875,249.7316,0.18966250874650134,0.44002582931274153,102.41775472311072,22.001291465637077,0.0,60.0,65.31255381125219,0.0,0.0
6876,249.7316,0.18391315616678947,0.3073536988416987,99.31310433006632,15.367684942084935,0.0,60.0,75.05081072784873,0.0,0.0
6877,216.4318,0.162253151165128,0.2703869344335355,87.61670162916913,13.519346721676776,0.0,60.0,55.29575164915411,0.0,0.0
6878,199.7853,0.12936549763181693,0.2713743484258133,69.85736872118115,13.568717421290666,0.0,60.0,56.35921385752819,0.0,0.0
6879,183.1354,0.08155105172671177,0.2713743484258133,44.03756793242436,13.568717421290666,0.0,60.0,65.52911464628498,0.0,0.0
6880,166.4889,0.03245443091520638,0.23238007259569754,17.525392694211448,11.619003629784878,0.0,60.0,77.34450367600368,0.0,0.0
6881,133.189,0.002048092037172616,0.13753608923993377,1.105969700073213,6.876804461996688,0.0,60.0,65.20622583793009,0.0,0.0
6882,183.1354,0.0,0.05750091119691112,0.0,2.875045559845556,0.0,60.0,120.26035444015446,0.0,0.0
6883,199.7853,0.0,0.035805659004964144,0.0,1.7902829502482072,0.0,60.0,137.9950170497518,0.0,0.0
6884,183.1354,0.0,0.05665903616988415,0.0,2.8329518084942076,0.0,60.0,120.30244819150579,0.0,0.0
6885,149.839,0.0,0.037460274409266234,0.0,1.8730137204633117,0.0,60.0,87.96598627953668,0.0,0.0
6886,99.8926,0.0,0.012888819715388904,0.0,0.6444409857694452,0.0,60.0,39.24815901423055,0.0,0.0
6887,66.5962,0.0,0.00803798345284046,0.0,0.401899172642023,0.0,60.0,6.194300827357978,0.0,0.0
6888,49.9463,0.0,0.0056204599845560655,0.0,0.28102299922780327,0.0,49.6652770007722,0.0,0.0,0.0
6889,39.9557,0.0,0.01694729216988404,0.0,0.847364608494202,0.0,39.1083353915058,0.0,0.0,0.0
6890,33.2964,0.0,0.02510828164589095,0.0,1.2554140822945477,0.0,32.04098591770545,0.0,0.0,0.0
6891,26.6371,0.0,0.028389158301158453,0.0,1.4194579150579227,0.0,25.217642084942078,0.0,0.0,0.0
6892,26.6371,0.0,0.013699341661334664,0.0,0.6849670830667333,0.0,25.952132916933266,0.0,0.0,0.0
6893,33.2964,0.0,0.028389158301158453,0.0,1.4194579150579227,0.0,31.876942084942076,0.0,0.0,0.0
6894,83.2427,0.01929454111020469,0.03497923907777175,10.419052199510533,1.7489619538885874,0.0,60.0,11.074685846600886,0.0,0.0
6895,133.189,0.0728481982675964,0.0,39.338027064502064,0.0,0.0,60.0,33.850972935497936,0.0,0.0
6896,166.4889,0.12965528078135516,0.0,70.01385162193179,0.0,0.0,60.0,36.47504837806821,0.0,0.0
6897,199.7853,0.17467873836692016,0.0,94.3265187181369,0.0,0.0,60.0,45.45878128186311,0.0,0.0
6898,233.0817,0.19968335834799494,0.0,107.82901350791727,0.0,0.0,60.0,65.25268649208274,0.0,0.0
6899,249.7316,0.21382854513748573,0.0,115.4674143742423,0.0,0.0,60.0,74.2641856257577,0.0,0.0
6900,249.7316,0.20335759508142384,0.0,109.81310134396887,0.0,0.0,60.0,79.91849865603112,0.0,0.0
6901,216.4318,0.17996661762513907,0.0,97.1819735175751,0.0,0.0,60.0,59.24982648242491,0.0,0.0
6902,199.7853,0.13985668712406502,0.0,75.52261104699511,0.0,0.0,60.0,64.2626889530049,0.0,0.0
6903,183.1354,0.08734258826389933,0.0,47.16499766250564,0.0,0.0,60.0,75.97040233749436,0.0,0.0
6904,166.4889,0.03520641139247559,0.0,19.01146215193682,0.0,0.0,60.0,87.47743784806318,0.0,0.0
6905,133.189,0.001887034988760867,0.0,1.018998893930868,0.0,0.0,60.0,72.17000110606912,0.0,0.0
6906,183.1354,0.0,0.06934997300386103,0.0,3.4674986501930514,0.0,60.0,119.66790134980695,0.0,0.0
6907,199.7853,0.0,0.09948861454826274,0.0,4.974430727413138,0.0,60.0,134.81086927258687,0.0,0.0
6908,183.1354,0.0,0.08993668702040829,0.0,4.496834351020414,0.0,60.0,118.63856564897958,0.0,0.0
6909,149.839,0.0,0.05245861291560951,0.0,2.6229306457804755,0.0,60.0,87.21606935421951,0.0,0.0
6910,99.8926,0.0,0.05665903616988415,0.0,2.8329518084942076,0.0,60.0,37.0596481915058,0.0,0.0
6911,66.5962,0.0,0.10735850508990627,0.0,5.367925254495313,0.0,60.0,1.2282747455046845,0.0,0.0
6912,49.9463,0.0,0.1721081081081083,0.0,8.605405405405415,0.0,41.34089459459459,0.0,0.0,0.0
6913,39.9557,0.0,0.22566147046442367,0.0,11.283073523221184,0.0,28.672626476778817,0.0,0.0,0.0
6914,33.2964,0.0,0.25467610909652505,0.0,12.733805454826253,0.0,20.562594545173745,0.0,0.0,0.0
6915,26.6371,0.0,0.33489430073469384,0.0,16.744715036734693,0.0,9.892384963265307,0.0,0.0,0.0
6916,26.6371,0.0,0.3871694107181465,0.0,19.358470535907323,0.0,7.278629464092678,0.0,0.0,0.0
6917,33.2964,0.0,0.39568836183121886,0.0,19.784418091560944,0.0,13.511981908439054,0.0,0.0,0.0
6918,83.2427,0.02002837945070078,0.37869338966133465,10.815324903378421,18.93466948306673,0.0,53.49270561355485,0.0,0.0,0.0
6919,133.189,0.07479445698470004,0.28626329871814665,40.389006771738025,14.313164935907333,0.0,60.0,18.48682829235463,0.0,0.0
6920,166.4889,0.13055209620677533,0.23719822116712647,70.49813195165868,11.859911058356323,0.0,60.0,24.130856989985006,0.0,0.0
6921,199.7853,0.179273303754377,0.24591119080419194,96.80758402736359,12.295559540209597,0.0,60.0,30.682156432426822,0.0,0.0
6922,233.0817,0.2054510209834822,0.2056926201787095,110.94355133108039,10.284631008935476,0.0,60.0,51.85351765998415,0.0,0.0
6923,249.7316,0.21706732351325822,0.12235869387755109,117.21635469715943,6.1179346938775545,0.0,60.0,66.397310608963,0.0,0.0
6924,249.7316,0.2065401010314197,0.013699341661334664,111.53165455696664,0.6849670830667333,0.0,60.0,77.51497835996662,0.0,0.0
6925,216.4318,0.18069062438433586,0.0,97.57293716754137,0.0,0.0,60.0,58.85886283245864,0.0,0.0
6926,199.7853,0.13973358149741902,0.0,75.45613400860628,0.0,0.0,60.0,64.32916599139372,0.0,0.0
6927,183.1354,0.08767748857803447,0.0,47.34584383213861,0.0,0.0,60.0,75.7895561678614,0.0,0.0
6928,166.4889,0.0343517638063797,0.08389634156867067,18.549952455445037,4.194817078433533,0.0,60.0,83.74413046612142,0.0,0.0
6929,133.189,0.0017359429748542024,0.20663717782239396,0.9374092064212693,10.331858891119698,0.0,60.0,61.91973190245902,0.0,0.0
6930,183.1354,0.0,0.3702601902173192,0.0,18.51300951086596,0.0,60.0,104.62239048913403,0.0,0.0
6931,199.7853,0.0,0.5115296900165468,0.0,25.57648450082734,0.0,60.0,114.20881549917266,0.0,0.0
6932,183.1354,0.0,0.6301822072939876,0.0,31.509110364699378,0.0,60.0,91.62628963530062,0.0,0.0
6933,149.839,0.0,0.6241382504489795,0.0,31.206912522448977,0.0,60.0,58.632087477551025,0.0,0.0
6934,99.8926,0.0,0.581147852178709,0.0,29.05739260893545,0.0,60.0,10.835207391064557,0.0,0.0
6935,66.5962,0.0,0.6157067369972424,0.0,30.785336849862123,0.0,35.81086315013788,0.0,0.0,0.0
6936,49.9463,0.0,0.7522910972399339,0.0,37.614554861996695,0.0,12.331745138003306,0.0,0.0,0.0
6937,39.9557,0.0,0.9473938223938223,0.0,47.36969111969111,0.0,0.0,0.0,0.0,0.14026469685902104
6938,33.2964,0.0,1.1830606297804742,0.0,59.15303148902371,0.0,0.0,0.0,0.0,0.6294442115162264
6939,26.6371,0.0,1.418378902804192,0.0,70.9189451402096,0.0,0.0,0.0,0.0,1.4672088493039757
6940,26.6371,0.0,1.6775107590777716,0.0,83.87553795388858,0.0,0.0,0.0,0.0,2.550098215999165
6941,33.2964,0.0,1.7580318371583012,0.0,87.90159185791507,0.0,0.0,0.0,0.0,3.5831694133110714
6942,83.2427,0.01953034385250249,1.7005914546409266,10.546385680351346,85.02957273204633,0.0,0.0,0.0,0.0,3.816501329221298
6943,133.189,0.07106476319870213,1.4265925337804741,38.374972127299145,71.32962668902371,23.484401183677136,0.0,0.0,0.0,2.2493073897033042
6944,166.4889,0.12558970043702927,1.0093711570744623,67.81843823599581,50.46855785372312,33.70587123470401,14.496032675577048,0.0,0.0,0.0
6945,199.7853,0.16885485252133658,0.6594428725868723,91.18162036152175,32.97214362934361,0.0,60.0,15.631536009134635,0.0,0.0
6946,233.0817,0.19414546099929697,0.34625228997683405,104.83854893962037,17.312614498841704,0.0,60.0,50.930536561537934,0.0,0.0
6947,249.7316,0.20862565614303977,0.12147143462548278,112.65785431724147,6.073571731274139,0.0,60.0,71.00017395148438,0.0,0.0
6948,249.7316,0.20102261856811984,0.04576891749806955,108.55221402678472,2.2884458749034775,0.0,60.0,78.89094009831177,0.0,0.0
6949,216.4318,0.1723391594484171,0.05750091119691112,93.06314610214524,2.875045559845556,0.0,60.0,60.49360833800921,0.0,0.0
6950,199.7853,0.12844068516388826,0.18693399919691134,69.35796998849966,9.346699959845568,0.0,60.0,61.08063005165478,0.0,0.0
6951,183.1354,0.08026445361045184,0.465398465976834,43.34280494964399,23.2699232988417,0.0,60.0,56.52267175151431,0.0,0.0
6952,166.4889,0.031752176201555724,0.6953540166883622,17.146175148840094,34.76770083441811,0.0,60.0,54.57502401674179,0.0,0.0
6953,133.189,0.0015452786827321685,0.7091352189740758,0.834450488675371,35.45676094870379,0.0,60.0,36.89778856262083,0.0,0.0
6954,183.1354,0.0,0.7884704632939881,0.0,39.423523164699404,0.0,60.0,83.71187683530059,0.0,0.0
6955,199.7853,0.0,0.9018872829740763,0.0,45.09436414870381,0.0,60.0,94.69093585129619,0.0,0.0
6956,183.1354,0.0,1.0495934649045782,0.0,52.47967324522891,0.0,60.0,70.65572675477108,0.0,0.0
6957,149.839,0.0,1.130393204915609,0.0,56.51966024578044,0.0,60.0,33.319339754219556,0.0,0.0
6958,99.8926,0.0,1.1378573094054056,0.0,56.89286547027028,0.0,42.99973452972972,0.0,0.0,0.0
6959,66.5962,0.0,1.1110794455686706,0.0,55.55397227843353,0.0,11.04222772156647,0.0,0.0,0.0
6960,49.9463,0.0,1.0904296745725317,0.0,54.521483728626585,0.0,0.0,0.0,0.0,0.08655753000104348
6961,39.9557,0.0,1.0510413023099832,0.0,52.55206511549916,0.0,0.0,0.0,0.0,0.3248671402942709
6962,33.2964,0.0,0.9362854446949808,0.0,46.81427223474904,0.0,0.0,0.0,0.0,0.5806106690597933
6963,26.6371,0.0,0.7625689064489797,0.0,38.12844532244898,0.0,0.0,0.0,0.0,0.7980144994845038
6964,26.6371,0.0,0.7395101408582458,0.0,36.97550704291229,0.0,0.0,0.0,0.0,0.9936059840801417
6965,33.2964,0.0,0.8505116545482623,0.0,42.525582727413116,0.0,0.0,0.0,0.0,1.1682121437879573
6966,83.2427,0.016608257899773306,0.905989890788748,8.968459265877586,45.299494539437404,17.50565897466254,11.46908722002247,0.0,0.0,0.0
6967,133.189,0.062305605752714065,0.6705225617297299,33.6450271064656,33.526128086486494,0.0,60.0,6.017844807047908,0.0,0.0
6968,166.4889,0.11145073075825458,0.5623358843552122,60.18339460945747,28.11679421776061,0.0,60.0,18.18871117278192,0.0,0.0
6969,199.7853,0.15815672309220616,0.5206666121389958,85.40463046979133,26.03333060694979,0.0,60.0,28.34733892325889,0.0,0.0
6970,233.0817,0.18115628611940718,0.4280186254826256,97.82439450447988,21.40093127413128,0.0,60.0,53.85637422138885,0.0,0.0
6971,249.7316,0.20102105461350397,0.3246381835366797,108.55136949129215,16.231909176833987,0.0,60.0,64.94832133187384,0.0,0.0
6972,249.7316,0.1916136002074218,0.25956801193160484,103.47134411200777,12.978400596580242,0.0,60.0,73.28185529141197,0.0,0.0
6973,216.4318,0.16604165753219124,0.23719822116712647,89.66249506738328,11.859911058356323,0.0,60.0,54.90939387426042,0.0,0.0
6974,199.7853,0.12576370459637115,0.20003854826254822,67.91240048204043,10.001927413127412,0.0,60.0,61.87097210483216,0.0,0.0
6975,183.1354,0.07680295834388565,0.1465471663938225,41.47359750569825,7.327358319691125,0.0,60.0,74.33444417461061,0.0,0.0
6976,166.4889,0.029556795247780845,0.11616074385438495,15.960669433801657,5.808037192719247,0.0,60.0,84.7201933734791,0.0,0.0
6977,133.189,0.0014039972164940364,0.10210643478874785,0.7581584969067796,5.105321739437393,0.0,60.0,67.32551976365582,0.0,0.0
6978,183.1354,0.0,0.1822836732399337,0.0,9.114183661996684,0.0,60.0,114.02121633800331,0.0,0.0
6979,199.7853,0.0,0.3002915931428573,0.0,15.014579657142866,0.0,60.0,124.77072034285715,0.0,0.0
6980,183.1354,0.0,0.4150135265570877,0.0,20.750676327854382,0.0,60.0,102.38472367214561,0.0,0.0
6981,149.839,0.0,0.5218118590270273,0.0,26.090592951351365,0.0,60.0,63.74840704864863,0.0,0.0
6982,99.8926,0.0,0.6301822072939876,0.0,31.509110364699378,0.0,60.0,8.38348963530062,0.0,0.0
6983,66.5962,0.0,0.716689433239934,0.0,35.834471661996695,0.0,30.7617283380033,0.0,0.0,0.0
6984,49.9463,0.0,0.7306072014296748,0.0,36.53036007148374,0.0,13.41593992851626,0.0,0.0,0.0
6985,39.9557,0.0,0.7331472289111968,0.0,36.657361445559836,0.0,3.298338554440164,0.0,0.0,0.0
6986,33.2964,0.0,0.7728939834528407,0.0,38.644699172642035,0.0,0.0,0.0,0.0,0.10118403840133583
6987,26.6371,0.0,0.8991560154440152,0.0,44.95780077220076,0.0,0.0,0.0,0.0,0.4477918908483773
6988,26.6371,0.0,1.0992606072939877,0.0,54.963030364699385,0.0,0.0,0.0,0.0,0.9836878707210683
6989,33.2964,0.0,1.3262100982327634,0.0,66.31050491163816,0.0,0.0,0.0,0.0,1.6082790447250337
6990,83.2427,0.017151881158235037,1.4913771031439604,9.262015825446921,74.56885515719802,0.0,0.0,0.0,0.0,1.619406603856154
6991,133.189,0.06641482431620004,1.5200170492399336,35.86400513074802,76.00085246199669,21.324142407255295,0.0,0.0,0.0,0.1963740775127909
6992,166.4889,0.11972577689515783,1.5369782978223934,64.65191952338523,76.84891489111966,2.9426655515291715,22.04540003396595,0.0,0.0,0.0
6993,199.7853,0.16706849085045883,1.483,90.21698505924778,74.15,0.0,35.418314940752225,0.0,0.0,0.0
6994,233.0817,0.19042616889998418,1.3841089332597905,102.83013120599146,69.20544666298952,0.0,60.0,1.0461221310190467,0.0,0.0
6995,249.7316,0.20441523921781493,1.2693760390777715,110.38422917762007,63.46880195388857,0.0,60.0,15.878568868491328,0.0,0.0
6996,249.7316,0.19440724857072456,1.1333764611671264,104.97991422819126,56.668823058356324,0.0,60.0,28.082862713452386,0.0,0.0
6997,216.4318,0.15891148117493695,1.0337188873601764,85.81219983446596,51.68594436800882,0.0,60.0,18.933655797525233,0.0,0.0
6998,199.7853,0.12320971762529326,0.9293676135642583,66.53324751765835,46.46838067821292,0.0,60.0,26.783671804128744,0.0,0.0
6999,183.1354,0.08010041525720073,0.8265559282868173,43.2542242388884,41.32779641434087,0.0,60.0,38.55337934677074,0.0,0.0
7000,166.4889,0.031198777035357325,0.7458914214760068,16.847339599092955,37.29457107380034,0.0,60.0,52.34698932710671,0.0,0.0
7001,133.189,0.0013829597808670958,0.671757250965251,0.7467982816682318,33.58786254826255,0.0,60.0,38.85433917006921,0.0,0.0
7002,183.1354,0.0,0.6338171730038609,0.0,31.690858650193043,0.0,60.0,91.44454134980697,0.0,0.0
7003,199.7853,0.0,0.5929972421400994,0.0,29.64986210700497,0.0,60.0,110.13543789299504,0.0,0.0
7004,183.1354,0.0,0.5823296042713737,0.0,29.116480213568686,0.0,60.0,94.01891978643133,0.0,0.0
7005,149.839,0.0,0.5752496988416986,0.0,28.76248494208493,0.0,60.0,61.07651505791506,0.0,0.0
7006,99.8926,0.0,0.5846952315763926,0.0,29.23476157881963,0.0,60.0,10.657838421180372,0.0,0.0
7007,66.5962,0.0,0.7066229871196913,0.0,35.331149355984564,0.0,31.26505064401543,0.0,0.0,0.0
7008,49.9463,0.0,0.9655497874285712,0.0,48.27748937142856,0.0,1.6688106285714426,0.0,0.0,0.0
7009,39.9557,0.0,1.3841089332597905,0.0,69.20544666298952,0.0,0.0,0.0,0.0,0.5533735855160179
7010,33.2964,0.0,1.9357591082713737,0.0,96.78795541356868,0.0,0.0,0.0,0.0,1.7545651744213715
7011,26.6371,0.0,2.512742150918919,0.0,125.63710754594595,0.0,0.0,0.0,0.0,3.627538290155484
7012,26.6371,0.0,3.116388534433535,0.0,155.81942672167673,0.0,0.0,0.0,20.293437832787845,5.687598350215544
7013,33.2964,0.0,3.511150238711527,0.0,175.55751193557637,0.0,0.0,0.0,33.37222304668748,7.747658410275604
7014,83.2427,0.015942611104778032,3.64673917783122,8.609009996580138,182.336958891561,0.0,0.0,0.0,33.37222304668748,9.78528782167287
7015,133.189,0.061720664701388726,3.4037012327501386,33.32915893874991,170.18506163750692,0.0,0.0,0.0,33.37222304668748,11.115764967710161
7016,166.4889,0.1133977297487526,2.808278805003862,61.2347740643264,140.4139402501931,0.0,0.0,0.0,33.37222304668748,11.780950643930801
7017,199.7853,0.15484500536875068,2.100006129738555,83.61630289912537,105.00030648692776,11.168690613946865,0.0,0.0,0.0,11.035625944968714
7018,233.0817,0.17832855634783085,2.105922930409267,96.29742042782865,105.29614652046335,31.48813305170802,0.0,0.0,0.0,8.934315764674553
7019,249.7316,0.18843845747334279,2.121741312741313,101.75676703560511,106.08706563706565,41.887767327329215,0.0,0.0,0.0,6.139002629717648
7020,249.7316,0.1833731746247216,2.264710994321015,99.02151429734968,113.23554971605074,37.47453598659956,0.0,0.0,0.0,3.6381994274087015
7021,216.4318,0.16101992563413517,2.4826254826254828,86.950759842433,124.13127413127414,5.349766026292855,0.0,0.0,0.0,3.2811913509126818
7022,199.7853,0.12531193662606063,2.708604583854384,67.66844577807275,135.4302291927192,0.0,0.0,0.0,0.0,3.3438768233330696
7023,183.1354,0.07945906960435781,2.875013887293988,42.907897586353215,143.7506943646994,0.0,0.0,0.0,0.0,3.410531806190822
7024,166.4889,0.030234799427425123,2.8726988416988415,16.326791690809568,143.63494208494208,6.5271662242483615,0.0,0.0,0.0,2.9749518112459863
7025,133.189,0.0012611733242069343,2.6616992959470487,0.6810335950717445,133.08496479735243,0.0,0.0,0.0,0.0,2.9858679970486057
7026,183.1354,0.0,2.42930998345284,0.0,121.465499172642,44.74323193577335,16.926668891584654,0.0,0.0,0.0
7027,199.7853,0.0,2.1896248085250964,0.0,109.48124042625483,0.0,60.0,30.304059573745178,0.0,0.0
7028,183.1354,0.0,2.135630486239382,0.0,106.7815243119691,0.0,60.0,16.35387568803091,0.0,0.0
7029,149.839,0.0,2.103949749445118,0.0,105.1974874722559,0.0,44.6415125277441,0.0,0.0,0.0
7030,99.8926,0.0,2.1197608109961386,0.0,105.98804054980693,0.0,0.0,0.0,0.0,0.11531914553688774
7031,66.5962,0.0,2.254489962572532,0.0,112.72449812862659,0.0,0.0,0.0,0.0,0.9880166777000937
7032,49.9463,0.0,2.5495643743099827,0.0,127.47821871549914,0.0,0.0,0.0,0.0,2.4548367615068343
7033,39.9557,0.0,2.954316108108108,0.0,147.7158054054054,0.0,0.0,0.0,0.0,4.493541458365856
7034,33.2964,0.0,3.3708145117617216,0.0,168.54072558808608,0.0,0.0,0.0,26.355436699197185,6.553601518425916
7035,26.6371,0.0,3.828362823730833,0.0,191.41814118654165,0.0,0.0,0.0,55.89215229765276,8.613661578485976
7036,26.6371,0.0,4.289783875953668,0.0,214.48919379768338,0.0,0.0,0.0,78.9632049087945,10.673721638546036
7037,33.2964,0.0,4.485689500169885,0.0,224.28447500849424,0.0,0.0,0.0,82.09918611960535,12.733781698606096
7038,83.2427,0.017041270655774838,4.473853151382238,9.202286154118413,223.69265756911193,0.0,0.0,0.0,40.76335483434147,14.793841758666156
7039,133.189,0.06408613932763892,4.394425490321013,34.60651523692502,219.72127451605067,0.0,0.0,0.0,12.249900864086811,16.853901818726214
7040,166.4889,0.11240547371309254,4.485689500169885,60.698955805069964,224.28447500849424,0.0,0.0,0.0,9.605641924675325,18.913961878786274
7041,199.7853,0.15389753368486064,4.575034261250964,83.10466818982475,228.7517130625482,0.0,0.0,0.0,3.182192363484063,20.974021938846334
7042,233.0817,0.1743295069564795,4.608047701321566,94.13793375649894,230.4023850660783,0.0,0.0,0.0,3.182192363484063,22.704320132786982
7043,249.7316,0.18571469241926827,4.44434059169112,100.28593390640486,222.21702958455597,0.0,0.0,0.0,3.182192363484063,24.081075658291645
7044,249.7316,0.18022712555727075,4.183728873831219,97.3226478009262,209.18644369156095,0.0,0.0,0.0,3.182192363484063,25.15524441625762
7045,216.4318,0.16158575479348034,4.001049316147821,87.25630758847937,200.05246580739106,0.0,0.0,0.0,3.182192363484063,26.496160129152464
7046,199.7853,0.1232864003133402,3.869091156262547,66.5746561692037,193.45455781312734,0.0,0.0,0.0,3.182192363484063,27.63590985314251
7047,183.1354,0.07673349227954225,3.736936194965252,41.43608583095281,186.8468097482626,0.0,0.0,0.0,3.182192363484063,28.49005166139794
7048,166.4889,0.028958683067749104,3.6943378785570884,15.637688856584516,184.71689392785441,0.0,0.0,0.0,3.182192363484063,29.130753768130567
7049,133.189,0.0011564459974218798,3.531825328503033,0.6244808386078151,176.59126642515167,0.0,0.0,0.0,3.182192363484063,29.963692229877367
7050,183.1354,0.0,3.3682920066188635,0.0,168.4146003309432,14.720799669056818,0.0,0.0,0.0,28.981323216259963
7051,199.7853,0.0,3.206536555984557,0.0,160.32682779922786,39.45847220077215,0.0,0.0,0.0,26.348125204863756
7052,183.1354,0.0,2.9731427417804746,0.0,148.65713708902373,34.47826291097627,0.0,0.0,0.0,24.04727349241956
7053,149.839,0.0,2.710848877714286,0.0,135.5424438857143,14.296556114285693,0.0,0.0,0.0,23.09321569366843
7054,99.8926,0.0,2.4166025357837846,0.0,120.83012678918922,0.0,0.0,0.0,0.0,23.489331065355795
7055,66.5962,0.0,2.272904578047436,0.0,113.64522890237181,0.0,0.0,0.0,0.0,24.37944782837364
7056,49.9463,0.0,2.291394680339768,0.0,114.5697340169884,0.0,0.0,0.0,0.0,25.60205333680315
7057,39.9557,0.0,2.418718076116933,0.0,120.93590380584665,0.0,0.0,0.0,0.0,27.134111246643492
7058,33.2964,0.0,2.512742150918919,0.0,125.63710754594595,0.0,0.0,0.0,0.0,28.881097605620848
7059,26.6371,0.0,2.569170709321567,0.0,128.45853546607836,0.0,0.0,0.0,0.0,30.80744908741152
7060,26.6371,0.0,2.6108178313601766,0.0,130.54089156800885,0.0,0.0,0.0,0.0,32.77319649545493
7061,33.2964,0.0,2.643943297482625,0.0,132.19716487413123,0.0,0.0,0.0,0.0,34.644292047127685
7062,83.2427,0.01595841139461944,2.5800967633756207,8.617542153094497,129.00483816878102,0.0,0.0,0.0,0.0,35.67309680997398
7063,133.189,0.06381949210840943,2.3535755196999446,34.46252573854109,117.67877598499723,0.0,0.0,0.0,0.0,36.03165386960848
7064,166.4889,0.11407547994171582,2.078381506965251,61.600759168526544,103.91907534826255,0.9690654832108976,0.0,0.0,0.0,35.96698483502651
7065,199.7853,0.15065004271613522,1.7707161698841691,81.35102306671303,88.53580849420845,29.898468439078528,0.0,0.0,0.0,33.971758379298876
7066,233.0817,0.1744660573331755,1.498093958001103,94.21167095991477,74.90469790005515,63.96533114003009,0.0,0.0,0.0,29.703134345930167
7067,249.7316,0.18293584582446865,1.1891421571671263,98.78535674521306,59.457107858356316,77.4,14.089135396430606,0.0,0.0,24.537969180765
7068,249.7316,0.17440603587055295,0.8585510336458909,94.17925937009859,42.92755168229455,77.4,35.22478894760684,0.0,0.0,19.372804015599833
7069,216.4318,0.1536112358034063,0.5764279159316049,82.9500673338394,28.821395796580244,77.4,27.260336869580357,0.0,0.0,14.207638850434666
7070,199.7853,0.11796589494803976,0.5646775060474353,63.70158327194148,28.233875302371764,77.4,30.449841425686756,0.0,0.0,9.0424736852695
7071,183.1354,0.07356081047359107,0.702860108108108,39.72283765573918,35.1430054054054,77.4,30.869556938855425,0.0,0.0,3.877308520104333
7072,166.4889,0.02728237855192595,0.8199446765714287,14.732484418040011,40.99723382857143,58.10146817376343,52.65771357962513,0.0,0.0,0.0
7073,133.189,0.0010050185233386629,0.8558682267887477,0.5427100026028779,42.793411339437384,0.0,60.0,29.852878657959735,0.0,0.0
7074,183.1354,0.0,0.9073589493127415,0.0,45.36794746563707,0.0,60.0,77.76745253436292,0.0,0.0
7075,199.7853,0.0,0.9487858224291228,0.0,47.43929112145614,0.0,60.0,92.34600887854387,0.0,0.0
7076,183.1354,0.0,1.012223919196911,0.0,50.611195959845546,0.0,60.0,72.52420404015447,0.0,0.0
7077,149.839,0.0,1.0208008730899063,0.0,51.040043654495314,0.0,60.0,38.79895634550468,0.0,0.0
7078,99.8926,0.0,0.9711624150204079,0.0,48.5581207510204,0.0,51.334479248979605,0.0,0.0,0.0
7079,66.5962,0.0,0.8199446765714287,0.0,40.99723382857143,0.0,25.598966171428565,0.0,0.0,0.0
7080,49.9463,0.0,0.6804203401389963,0.0,34.02101700694982,0.0,15.925282993050182,0.0,0.0,0.0
7081,39.9557,0.0,0.6643599577804742,0.0,33.21799788902371,0.0,6.737702110976294,0.0,0.0,0.0
7082,33.2964,0.0,0.7318768484324325,0.0,36.59384242162162,0.0,0.0,0.0,0.0,0.06238404581446318
7083,26.6371,0.0,0.8292056700540538,0.0,41.46028350270269,0.0,0.0,0.0,0.0,0.3428226526223518
7084,26.6371,0.0,0.8991560154440152,0.0,44.95780077220076,0.0,0.0,0.0,0.0,0.6894305050693932
7085,33.2964,0.0,0.9390579383210153,0.0,46.95289691605076,0.0,0.0,0.0,0.0,0.9477966629406238
7086,83.2427,0.0119453996749219,1.038038937239934,6.450515824457826,51.90194686199669,14.202732994165247,10.687504319380237,0.0,0.0,0.0
7087,133.189,0.04960897832332478,1.0977868108108106,26.788848294595383,54.88934054054053,0.0,51.51081116486408,0.0,0.0,0.0
7088,166.4889,0.09055989951915944,1.1618762596183123,48.9023457403461,58.093812980915615,0.0,59.49274127873829,0.0,0.0,0.0
7089,199.7853,0.12344828753357275,1.3278039757308326,66.66207526812929,66.39019878654163,0.0,60.0,6.733025945329075,0.0,0.0
7090,233.0817,0.1378957977232857,1.579753187618312,74.46373077057429,78.9876593809156,0.0,60.0,19.630309848510137,0.0,0.0
7091,249.7316,0.1508254599833756,1.8090272575752888,81.44574839102283,90.45136287876444,0.0,60.0,17.834488730212712,0.0,0.0
7092,249.7316,0.1470689588951998,1.9130956006795357,79.41723780340789,95.65478003397678,0.0,60.0,14.659582162615322,0.0,0.0
7093,216.4318,0.12663226548399506,2.163543783289575,68.38142336135734,108.17718916447876,0.0,39.8731874741639,0.0,0.0,0.0
7094,199.7853,0.09125768160780628,2.5757234552939887,49.27914806821539,128.78617276469944,0.0,21.71997916708517,0.0,0.0,0.0
7095,183.1354,0.056391884440161064,2.933212455854384,30.451617597686976,146.6606227927192,0.0,6.023159609593819,0.0,0.0,0.0
7096,166.4889,0.02069356622168097,3.1869271595984565,11.174525759707723,159.34635797992283,0.0,0.0,0.0,0.0,0.07628077345247009
7097,133.189,0.0008096997934467979,3.300574375360176,0.4372378884612709,165.0287187680088,0.0,0.0,0.0,0.0,0.6869258993856877
7098,183.1354,0.0,3.4011652715102034,0.0,170.05826357551018,10.29358460229453,2.7835518221952924,0.0,0.0,0.0
7099,199.7853,0.0,3.64410485349807,0.0,182.2052426749035,0.0,17.580057325096504,0.0,0.0,0.0
7100,183.1354,0.0,3.7209299625725314,0.0,186.04649812862658,0.0,0.0,0.0,0.0,0.0550748294605028
7101,149.839,0.0,3.6784335355763926,0.0,183.92167677881963,0.0,0.0,0.0,0.0,0.699882227978712
7102,99.8926,0.0,3.578589480525096,0.0,178.9294740262548,0.0,0.0,0.0,0.0,2.1951744392862356
7103,66.5962,0.0,3.575982550239383,0.0,178.79912751196915,0.0,0.0,0.0,3.3140386230802648,4.255234499346296
7104,49.9463,0.0,3.879992829564259,0.0,193.99964147821296,0.0,0.0,0.0,35.16445258932407,6.315294559406356
7105,39.9557,0.0,4.548124650996139,0.0,227.40623254980696,0.0,0.0,0.0,78.56164366091807,8.375354619466416
7106,33.2964,0.0,5.2615732905725325,0.0,263.07866452862663,0.0,0.0,0.0,120.89337563973774,10.435414679526476
7107,26.6371,0.0,5.721052161976835,0.0,286.05260809884174,0.0,0.0,0.0,150.52661920995288,12.495474739586536
7108,26.6371,0.0,6.047105412024268,0.0,302.3552706012134,0.0,0.0,0.0,166.82928171232456,14.555534799646596
7109,33.2964,0.0,6.314990883618312,0.0,315.74954418091556,0.0,0.0,0.0,173.56425529202667,16.615594859706654
7110,83.2427,0.011615476688089751,6.369400763375621,6.272357411568466,318.47003816878106,0.0,0.0,0.0,132.61080669146062,18.675654919766714
7111,133.189,0.04981265045040178,6.149867751536681,26.89883124321696,307.49338757683404,0.0,0.0,0.0,92.31432993116209,20.735714979826774
7112,166.4889,0.09064111131056804,5.741544827552126,48.946200107706744,287.0772413776063,0.0,0.0,0.0,60.64565259642413,22.795775039886834
7113,199.7853,0.12129154626012972,5.585538204734694,65.49743498047005,279.2769102367347,0.0,0.0,0.0,36.100156328315876,24.855835099946894
7114,233.0817,0.14510900829848658,5.505147478980695,78.35886448118276,275.25737394903473,0.0,0.0,0.0,11.645649541328595,26.915895160006954
7115,249.7316,0.16046586694052456,5.248590872286816,86.65156814788327,262.4295436143408,0.0,0.0,0.0,11.645649541328595,28.795480517670654
7116,249.7316,0.14922898925569617,5.075158239382241,80.58365419807593,253.75791196911206,0.0,0.0,0.0,11.645649541328595,30.396209607320156
7117,216.4318,0.12567902496031086,5.097448606393823,67.86667347856786,254.87243031969115,0.0,0.0,0.0,11.645649541328595,32.4074288683683
7118,199.7853,0.09650816201596728,5.455251139035854,52.114407488622334,272.7625569517927,0.0,0.0,0.0,16.202775551526116,34.46748892842836
7119,183.1354,0.05744565574174852,6.096586177306121,31.020654100544203,304.8293088653061,0.0,0.0,0.0,43.825674076961405,36.52754898848842
7120,166.4889,0.020540405061514198,6.932802800432433,11.091818733217666,346.6401400216216,0.0,0.0,0.0,82.35416986595041,38.58760904854848
7121,133.189,0.0007205966765584067,7.45706338223938,0.38912220534153963,372.853169111969,0.0,0.0,0.0,131.16440242842168,40.64766910860854
7122,183.1354,0.0,7.493106771591836,0.0,374.6553385795918,0.0,0.0,0.0,82.6310496907029,42.7077291686686
7123,199.7853,0.0,7.2823659631902915,0.0,364.11829815951455,0.0,0.0,0.0,55.44410927062566,44.76778922872866
7124,183.1354,0.0,7.298143898510758,0.0,364.9071949255379,0.0,0.0,0.0,72.88290603664902,46.82784928878872
7125,149.839,0.0,7.302091614464423,0.0,365.10458072322115,0.0,0.0,0.0,106.37669183433226,48.88790934884878
7126,99.8926,0.0,6.671796382146719,0.0,333.589819107336,0.0,0.0,0.0,124.80833021844708,50.94796940890884
7127,66.5962,0.0,5.6632244872895745,0.0,283.1612243644787,0.0,0.0,0.0,107.6761354755898,53.0080294689689
7128,49.9463,0.0,4.920714060355212,0.0,246.0357030177606,0.0,0.0,0.0,87.2005141288717,55.06808952902896
7129,39.9557,0.0,5.122993045780475,0.0,256.1496522890237,0.0,0.0,0.0,107.30506340013483,57.12814958908902
7130,33.2964,0.0,4.584024398402646,0.0,229.2012199201323,0.0,0.0,0.0,87.01593103124341,59.18820964914908
7131,26.6371,0.0,3.787875439020409,0.0,189.39377195102045,0.0,0.0,0.0,53.867783062131565,61.24826970920914
7132,26.6371,0.0,3.0922624717308325,0.0,154.61312358654163,0.0,0.0,0.0,19.087134697652743,63.3083297692692
7133,33.2964,0.0,2.469775559942636,0.0,123.4887779971318,0.0,0.0,0.0,19.087134697652743,65.01467205570142
7134,83.2427,0.013306801880964968,2.068588605564258,7.185673015721083,103.42943027821289,0.0,0.0,0.0,19.087134697652743,65.53252833423531
7135,133.189,0.05580277582714444,1.6792809961478223,30.133498946658,83.96404980739112,19.09145124595088,0.0,0.0,0.0,64.25849088038473
7136,166.4889,0.10235437554765664,1.4167386784335358,55.27136279573458,70.83693392167679,40.38060328258862,0.0,0.0,0.0,61.56375592659169
7137,199.7853,0.14101957403654616,1.2834852715455045,76.15056997973493,64.17426357727523,59.460466442989855,0.0,0.0,0.0,57.595756831297074
7138,233.0817,0.1597421491364486,1.154348402232763,86.26076053368224,57.71742011163815,77.4,11.703519354679628,0.0,0.0,52.43059166613191
7139,249.7316,0.17523014134355525,1.0193694350049642,94.62427632551984,50.96847175024821,77.4,26.738851924231938,0.0,0.0,47.26542650096675
7140,249.7316,0.17313366693524276,0.8937026031902922,93.49218014503109,44.68513015951461,77.4,34.15428969545428,0.0,0.0,42.100261335801584
7141,216.4318,0.15109989097875776,0.7510096892046334,81.5939411285292,37.55048446023167,77.4,19.887374411239136,0.0,0.0,36.93509617063642
7142,199.7853,0.11912972193198615,0.6508657312123555,64.33004984327252,32.54328656061777,77.4,25.51196359610971,0.0,0.0,31.769931005471253
7143,183.1354,0.07376468232915251,0.6157067369972424,39.832928457742355,30.785336849862123,77.4,35.117134692395524,0.0,0.0,26.604765840306086
7144,166.4889,0.02803206584530888,0.4979076388571427,15.137315556466797,24.895381942857135,77.4,49.056202500676065,0.0,0.0,21.43960067514092
7145,133.189,0.00044911179747145804,0.2556532023210147,0.24252037063458734,12.782660116050733,77.4,42.76381951331467,0.0,0.0,16.274435509975753
7146,183.1354,0.0,0.1583541224489797,0.0,7.917706122448985,77.4,60.0,37.81769387755102,0.0,11.109270344810586
7147,199.7853,0.0,0.22183628556425827,0.0,11.091814278212913,77.4,60.0,51.29348572178708,0.0,5.94410517964542
7148,183.1354,0.0,0.30634286487369,0.0,15.3171432436845,77.4,60.0,30.418256756315486,0.0,0.7789400144802539
7149,149.839,0.0,0.3246381835366797,0.0,16.231909176833987,11.672416116986604,60.0,61.93467470617941,0.0,0.0
7150,99.8926,0.0,0.3023060694980695,0.0,15.115303474903474,0.0,60.0,24.77729652509653,0.0,0.0
7151,66.5962,0.0,0.3124176900165474,0.0,15.62088450082737,0.0,50.97531549917262,0.0,0.0,0.0
7152,49.9463,0.0,0.35664729211693313,0.0,17.832364605846657,0.0,32.113935394153344,0.0,0.0,0.0
7153,39.9557,0.0,0.4085475195763925,0.0,20.427375978819626,0.0,19.528324021180374,0.0,0.0,0.0
7154,33.2964,0.0,0.4620684657385552,0.0,23.10342328692776,0.0,10.192976713072238,0.0,0.0,0.0
7155,26.6371,0.0,0.44770967252509625,0.0,22.385483626254814,0.0,4.251616373745186,0.0,0.0,0.0
7156,26.6371,0.0,0.40962349862548275,0.0,20.481174931274136,0.0,6.155925068725864,0.0,0.0,0.0
7157,33.2964,0.0,0.3629161825570878,0.0,18.14580912785439,0.0,15.15059087214561,0.0,0.0,0.0
7158,83.2427,0.01518257960379286,0.27236240926640937,8.198592986048144,13.618120463320468,0.0,60.0,1.4259865506313858,0.0,0.0
7159,133.189,0.06452364459958136,0.14745167451075566,34.84276808377394,7.372583725537783,0.0,60.0,30.973648190688266,0.0,0.0
7160,166.4889,0.11982929511096171,0.05413699268836174,64.70781935991933,2.706849634418087,0.0,60.0,39.07423100566258,0.0,0.0
7161,199.7853,0.15961987273227812,0.08561913211693344,86.19473127543019,4.280956605846672,0.0,60.0,49.30961211872315,0.0,0.0
7162,233.0817,0.1824855176780213,0.11087207388417004,98.54217954613149,5.543603694208502,0.0,60.0,68.99591675966002,0.0,0.0
7163,249.7316,0.1984566203183148,0.1294788598610039,107.16657497188999,6.473942993050195,0.0,60.0,76.0910820350598,0.0,0.0
7164,249.7316,0.187964122954578,0.1897317315918366,101.50062639547212,9.48658657959183,0.0,60.0,78.74438702493603,0.0,0.0
7165,216.4318,0.1642294677094928,0.2615292817297298,88.6839125631261,13.076464086486489,0.0,60.0,54.671423350387414,0.0,0.0
7166,199.7853,0.1302572982032191,0.33798400000000006,70.33894102973832,16.899200000000004,0.0,60.0,52.54715897026168,0.0,0.0
7167,183.1354,0.08055748089398095,0.3236161947181466,43.50103968274971,16.18080973590733,0.0,60.0,63.45355058134297,0.0,0.0
7168,166.4889,0.031063375353636735,0.22279162719029239,16.774222690963835,11.139581359514619,0.0,60.0,78.57509594952154,0.0,0.0
7169,133.189,0.0,0.12235869387755109,0.0,6.1179346938775545,0.0,60.0,67.07106530612243,0.0,0.0
7170,183.1354,0.0,0.05665903616988415,0.0,2.8329518084942076,0.0,60.0,120.30244819150579,0.0,0.0
7171,199.7853,0.0,0.05750091119691112,0.0,2.875045559845556,0.0,60.0,136.91025444015446,0.0,0.0
7172,183.1354,0.0,0.10385468942967468,0.0,5.1927344714837345,0.0,60.0,117.94266552851627,0.0,0.0
7173,149.839,0.0,0.14474000661886363,0.0,7.237000330943181,0.0,60.0,82.60199966905682,0.0,0.0
7174,99.8926,0.0,0.19440719864092684,0.0,9.720359932046343,0.0,60.0,30.172240067953652,0.0,0.0
7175,66.5962,0.0,0.2684140461467183,0.0,13.420702307335915,0.0,53.17549769266408,0.0,0.0,0.0
7176,49.9463,0.0,0.3702601902173192,0.0,18.51300951086596,0.0,31.43329048913404,0.0,0.0,0.0
7177,39.9557,0.0,0.4933891227887478,0.0,24.66945613943739,0.0,15.28624386056261,0.0,0.0,0.0
7178,33.2964,0.0,0.5965658855642584,0.0,29.82829427821292,0.0,3.4681057217870794,0.0,0.0,0.0
7179,26.6371,0.0,0.6277624777142857,0.0,31.388123885714286,0.0,0.0,0.0,0.0,0.08988423567567569
7180,26.6371,0.0,0.5764279159316049,0.0,28.821395796580244,0.0,0.0,0.0,0.0,0.13120875074611274
7181,33.2964,0.0,0.5013037929972421,0.0,25.065189649862106,1.9661631299304994,6.265047220207394,0.0,0.0,0.0
7182,83.2427,0.016150885822068372,0.39248871741423075,8.721478343916921,19.624435870711537,0.0,54.89678578537154,0.0,0.0,0.0
7183,133.189,0.06676946146770009,0.24882705053723128,36.05550919255805,12.441352526861564,0.0,60.0,24.69213828058038,0.0,0.0
7184,166.4889,0.1200335576959437,0.0977464397308329,64.8181211558096,4.887321986541645,0.0,60.0,36.783456857648744,0.0,0.0
7185,199.7853,0.1596283714307832,0.028389158301158453,86.19932057262292,1.4194579150579227,0.0,60.0,52.166521512319164,0.0,0.0
7186,233.0817,0.18134307702023802,0.0659525471594044,97.92526159092853,3.2976273579702204,0.0,60.0,71.85881105110127,0.0,0.0
7187,249.7316,0.18778125184323202,0.12235869387755109,101.40187599534529,6.1179346938775545,0.0,60.0,82.21178931077714,0.0,0.0
7188,249.7316,0.174668331780509,0.14835680172972973,94.32089916147487,7.417840086486486,0.0,60.0,87.99286075203861,0.0,0.0
7189,216.4318,0.15312644586003812,0.1259138647192499,82.6882807644206,6.295693235962495,0.0,60.0,67.44782599961692,0.0,0.0
7190,199.7853,0.12252353294620187,0.07617365032101499,66.16270779094901,3.8086825160507494,0.0,60.0,69.81390969300026,0.0,0.0
7191,183.1354,0.07564923387011509,0.03497923907777175,40.85058628986215,1.7489619538885874,0.0,60.0,80.53585175624926,0.0,0.0
7192,166.4889,0.028658728182790773,0.025927616741312776,15.475713218707018,1.2963808370656387,0.0,60.0,89.71680594422736,0.0,0.0
7193,133.189,0.0,0.04327009383783782,0.0,2.163504691891891,0.0,60.0,71.0254953081081,0.0,0.0
7194,183.1354,0.0,0.12858668930612255,0.0,6.429334465306128,0.0,60.0,116.70606553469386,0.0,0.0
7195,199.7853,0.0,0.27434047233976827,0.0,13.717023616988413,0.0,60.0,126.06827638301161,0.0,0.0
7196,183.1354,0.0,0.44002582931274153,0.0,22.001291465637077,0.0,60.0,101.13410853436292,0.0,0.0
7197,149.839,0.0,0.5035713594528408,0.0,25.178567972642043,0.0,60.0,64.66043202735796,0.0,0.0
7198,99.8926,0.0,0.5252517802713732,0.0,26.26258901356866,0.0,60.0,13.630010986431344,0.0,0.0
7199,66.5962,0.0,0.5858791072123549,0.0,29.293955360617748,0.0,37.30224463938225,0.0,0.0,0.0
7200,49.9463,0.0,0.7255359439426368,0.0,36.27679719713184,0.0,13.669502802868159,0.0,0.0,0.0
7201,39.9557,0.0,0.9613484081632651,0.0,48.06742040816325,0.0,0.0,0.0,0.0,0.15346498069498044
7202,33.2964,0.0,1.2444556525714285,0.0,62.22278262857143,0.0,0.0,0.0,0.0,0.7007208682625481
7203,26.6371,0.0,1.4463904397837837,0.0,72.31952198918918,0.0,0.0,0.0,0.0,1.564982905895857
7204,26.6371,0.0,1.5403807251274135,0.0,77.01903625637068,0.0,0.0,0.0,0.0,2.5181546729082753
7205,33.2964,0.0,1.7112935657760624,0.0,85.56467828880312,0.0,0.0,0.0,0.0,3.507013991885632
7206,83.2427,0.014785343347113015,1.8644320748725864,7.984085407441028,93.22160374362932,0.0,0.0,0.0,0.0,3.846854327176152
7207,133.189,0.06216998956526378,1.799870390857142,33.57179436524245,89.9935195428571,9.623686091900453,0.0,0.0,0.0,3.204633033088701
7208,166.4889,0.11050319270218505,1.4381266812399338,59.67172405917992,71.90633406199669,34.91084187882339,0.0,0.0,0.0,0.8749138553227085
7209,199.7853,0.1580917951559651,1.0684765052399336,85.36956938422117,53.42382526199668,13.110584122010787,47.88132123177137,0.0,0.0,0.0
7210,233.0817,0.17897988712562887,0.794992211027027,96.6491390478396,39.74961055135135,0.0,60.0,36.68295040080906,0.0,0.0
7211,249.7316,0.19189667589980014,0.5941860801235521,103.62420498589208,29.709304006177607,0.0,60.0,56.398091007930304,0.0,0.0
7212,249.7316,0.18477487176249668,0.5115296900165468,99.7784307517482,25.57648450082734,0.0,60.0,64.37668474742443,0.0,0.0
7213,216.4318,0.16019513979078745,0.5823296042713737,86.50537548702522,29.116480213568686,0.0,60.0,40.80994429940611,0.0,0.0
7214,199.7853,0.11938871332577003,0.7625689064489797,64.46990519591583,38.12844532244898,0.0,60.0,37.186949481635196,0.0,0.0
7215,183.1354,0.07227379063159597,0.9032540578312188,39.027846941061824,45.16270289156094,0.0,60.0,38.94485016737724,0.0,0.0
7216,166.4889,0.02595647775921634,0.9824247104247104,14.016497989976825,49.12123552123552,0.0,60.0,43.351166488787655,0.0,0.0
7217,133.189,0.0,1.0481464105372313,0.0,52.40732052686157,0.0,60.0,20.781679473138425,0.0,0.0
7218,183.1354,0.0,1.1022105711902925,0.0,55.11052855951463,0.0,60.0,68.02487144048538,0.0,0.0
7219,199.7853,0.0,1.131884435591837,0.0,56.59422177959185,0.0,60.0,83.19107822040814,0.0,0.0
7220,183.1354,0.0,1.103686739027027,0.0,55.184336951351355,0.0,60.0,67.95106304864865,0.0,0.0
7221,149.839,0.0,0.9852480108725871,0.0,49.262400543629354,0.0,60.0,40.576599456370644,0.0,0.0
7222,99.8926,0.0,0.8828322224644234,0.0,44.14161112322117,0.0,55.750988876778834,0.0,0.0,0.0
7223,66.5962,0.0,0.8787683397683399,0.0,43.938416988416996,0.0,22.657783011583,0.0,0.0,0.0
7224,49.9463,0.0,0.9362854446949808,0.0,46.81427223474904,0.0,3.1320277652509603,0.0,0.0,0.0
7225,39.9557,0.0,1.094841587715389,0.0,54.74207938576945,0.0,0.0,0.0,0.0,0.27974231270374633
7226,33.2964,0.0,1.2960822857142855,0.0,64.80411428571428,0.0,0.0,0.0,0.0,0.8758342045956382
7227,26.6371,0.0,1.418378902804192,0.0,70.9189451402096,0.0,0.0,0.0,0.0,1.7135988423833874
7228,26.6371,0.0,1.4563345819393272,0.0,72.81672909696636,0.0,0.0,0.0,0.0,2.587267500974643
7229,33.2964,0.0,1.3792431206795364,0.0,68.96215603397681,0.0,0.0,0.0,0.0,3.2620250475633936
7230,83.2427,0.013149942609589897,1.2089959170965248,7.100969009178544,60.449795854826235,15.691935135995223,0.0,0.0,0.0,2.214848862311794
7231,133.189,0.05890939522203432,0.99657216988417,31.811073419898534,49.828608494208495,33.18951020174223,18.359807884150733,0.0,0.0,0.0
7232,166.4889,0.10619814073411303,0.7574241001478214,57.346995996421036,37.87120500739107,0.0,60.0,11.270698996187889,0.0,0.0
7233,199.7853,0.14309026204302003,0.5799668075102041,77.26874150323081,28.998340375510207,0.0,60.0,33.51821812125898,0.0,0.0
7234,233.0817,0.1642209814339172,0.3861075625725317,88.67932997431528,19.305378128626586,0.0,60.0,65.09699189705815,0.0,0.0
7235,249.7316,0.1806472409546093,0.2507741665570876,97.54951011548901,12.538708327854382,0.0,60.0,79.6433815566566,0.0,0.0
7236,249.7316,0.1690528223766308,0.17950100516712644,91.28852408338064,8.975050258356323,0.0,60.0,89.46802565826303,0.0,0.0
7237,216.4318,0.14527426572495258,0.11527777087258688,78.4481034914744,5.763888543629344,0.0,60.0,72.21980796489626,0.0,0.0
7238,199.7853,0.11401028500054575,0.11439540936789862,61.5655539002947,5.719770468394931,0.0,60.0,72.49997563131038,0.0,0.0
7239,183.1354,0.06859350552098971,0.14203390492664084,37.040492981334445,7.101695246332042,0.0,60.0,78.99321177233352,0.0,0.0
7240,166.4889,0.024968145561885077,0.18786594816988422,13.482798603417942,9.393297408494211,0.0,60.0,83.61280398808785,0.0,0.0
7241,133.189,0.0,0.24203235561831216,0.0,12.101617780915607,0.0,60.0,61.08738221908439,0.0,0.0
7242,183.1354,0.0,0.31749806949806963,0.0,15.874903474903482,0.0,60.0,107.26049652509653,0.0,0.0
7243,199.7853,0.0,0.45321860702040845,0.0,22.660930351020422,0.0,60.0,117.12436964897958,0.0,0.0
7244,183.1354,0.0,0.6289719845559846,0.0,31.448599227799228,0.0,60.0,91.68680077220077,0.0,0.0
7245,149.839,0.0,0.7255359439426368,0.0,36.27679719713184,0.0,60.0,53.56220280286816,0.0,0.0
7246,99.8926,0.0,0.7587091946254826,0.0,37.93545973127413,0.0,60.0,1.9571402687258725,0.0,0.0
7247,66.5962,0.0,0.8478378857760618,0.0,42.39189428880309,0.0,24.20430571119691,0.0,0.0,0.0
7248,49.9463,0.0,1.045254650069498,0.0,52.26273250347489,0.0,0.0,0.0,0.0,0.043824398714389874
7249,39.9557,0.0,1.2913522795102044,0.0,64.56761397551021,0.0,0.0,0.0,0.0,0.509455203656475
7250,33.2964,0.0,1.525096525096525,0.0,76.25482625482624,0.0,0.0,0.0,0.0,1.3221821868558905
7251,26.6371,0.0,1.6704384672123544,0.0,83.52192336061772,0.0,0.0,0.0,0.0,2.398381547732442
7252,26.6371,0.0,1.7598412568428028,0.0,87.99206284214014,0.0,0.0,0.0,0.0,3.5591511150161743
7253,33.2964,0.0,1.801700002841699,0.0,90.08500014208495,0.0,0.0,0.0,0.0,4.633530036623187
7254,83.2427,0.013427427033799979,1.7689014934451186,7.250810598251989,88.44507467225593,0.0,0.0,0.0,0.0,4.869130839038201
7255,133.189,0.05725653436981041,1.6108814120242687,30.918528559697624,80.54407060121343,21.72640083908894,0.0,0.0,0.0,3.4192542398330663
7256,166.4889,0.1020587463932071,1.3278039757308326,55.11172305233183,66.39019878654163,44.98697816112653,0.0,0.0,0.0,0.41712022841321117
7257,199.7853,0.1289723422130374,1.1483404829652508,69.6450647950402,57.41702414826254,6.250546622771969,60.0,6.472664433925303,0.0,0.0
7258,233.0817,0.1473013580594918,0.9641485574142307,79.54273335212557,48.207427870711534,0.0,60.0,45.331538777162905,0.0,0.0
7259,249.7316,0.16019921876659637,0.7318768484324325,86.50757813396204,36.59384242162162,0.0,60.0,66.63017944441631,0.0,0.0
7260,249.7316,0.15559310709744475,0.5553279093480419,84.02027783262017,27.766395467402095,0.0,60.0,77.94492669997771,0.0,0.0
7261,216.4318,0.14250214981281578,0.45211545356425803,76.95116089892052,22.6057726782129,0.0,60.0,56.87486642286659,0.0,0.0
7262,199.7853,0.10665767759353183,0.4031777453678985,57.595145900507184,20.158887268394928,0.0,60.0,62.031266831097895,0.0,0.0
7263,183.1354,0.06371514169477163,0.3535218223938221,34.40617651517668,17.676091119691108,0.0,60.0,71.05313236513223,0.0,0.0
7264,166.4889,0.02280796042736994,0.33592354001544383,12.316298630779768,16.796177000772193,0.0,60.0,77.37642436844806,0.0,0.0
7265,133.189,0.0,0.3829260407104245,0.0,19.146302035521227,0.0,60.0,54.04269796447876,0.0,0.0
7266,183.1354,0.0,0.6241382504489795,0.0,31.206912522448977,0.0,60.0,91.92848747755102,0.0,0.0
7267,199.7853,0.0,0.9404453348041921,0.0,47.02226674020961,0.0,60.0,92.7630332597904,0.0,0.0
7268,183.1354,0.0,1.1739623974760067,0.0,58.69811987380034,0.0,60.0,64.43728012619967,0.0,0.0
7269,149.839,0.0,1.2151321385372311,0.0,60.75660692686156,0.0,60.0,29.082393073138434,0.0,0.0
7270,99.8926,0.0,1.1438429151594045,0.0,57.19214575797022,0.0,42.70045424202978,0.0,0.0,0.0
7271,66.5962,0.0,1.0337188873601764,0.0,51.68594436800882,0.0,14.910255631991177,0.0,0.0,0.0
7272,49.9463,0.0,0.9293676135642583,0.0,46.46838067821292,0.0,3.477919321787084,0.0,0.0,0.0
7273,39.9557,0.0,0.8950648164324325,0.0,44.753240821621624,0.0,0.0,0.0,0.0,0.09076428581446316
7274,33.2964,0.0,0.9585513385372311,0.0,47.92756692686155,0.0,0.0,0.0,0.0,0.36757014659292503
7275,26.6371,0.0,1.1438429151594045,0.0,57.19214575797022,0.0,0.0,0.0,0.0,0.9456385798518212
7276,26.6371,0.0,1.4216618527346943,0.0,71.08309263673472,0.0,0.0,0.0,0.0,1.7865087108170727
7277,33.2964,0.0,1.7417864268814114,0.0,87.08932134407057,0.0,0.0,0.0,0.0,2.8042126281373267
7278,83.2427,0.011772673932433888,2.0607706716911185,6.357243923514299,103.03853358455592,0.0,0.0,0.0,0.0,3.2990005809927094
7279,133.189,0.05386625562266113,2.1296724823474897,29.087778036237015,106.48362411737449,0.0,0.0,0.0,0.0,3.3440730541691432
7280,166.4889,0.0992862987361641,1.9547438780011028,53.61460131752861,97.73719390005515,15.137104782416257,0.0,0.0,0.0,2.333922584872096
7281,199.7853,0.13918375610764966,1.542083212355212,75.15922829813081,77.1041606177606,34.973829934308355,12.548081149800225,0.0,0.0,0.0
7282,233.0817,0.16345238946715812,0.9979911759426366,88.26429031226539,49.89955879713183,0.0,60.0,34.91785089060278,0.0,0.0
7283,249.7316,0.17996071886941384,0.6891189441235518,97.17878818948348,34.45594720617759,0.0,60.0,58.09686460433892,0.0,0.0
7284,249.7316,0.17539400693158164,0.4433148137760616,94.71276374305408,22.16574068880308,0.0,60.0,72.8530955681428,0.0,0.0
7285,216.4318,0.15012530903843266,0.3287327216679538,81.06766688075363,16.43663608339769,0.0,60.0,58.92749703584869,0.0,0.0
7286,199.7853,0.11392617818598971,0.25956801193160484,61.520136220434445,12.978400596580242,0.0,60.0,65.28676318298533,0.0,0.0
7287,183.1354,0.0682870991819547,0.2684140461467183,36.87503355825554,13.420702307335915,0.0,60.0,72.83966413440857,0.0,0.0
7288,166.4889,0.02431193922265745,0.3650111377297297,13.128447180235023,18.250556886486486,0.0,60.0,75.1098959332785,0.0,0.0
7289,133.189,0.0,0.45653217044897954,0.0,22.82660852244898,0.0,60.0,50.362391477551014,0.0,0.0
7290,183.1354,0.0,0.5275485470358521,0.0,26.377427351792605,0.0,60.0,96.75797264820739,0.0,0.0
7291,199.7853,0.0,0.5989485317153889,0.0,29.947426585769442,0.0,60.0,109.83787341423056,0.0,0.0
7292,183.1354,0.0,0.6742287995763925,0.0,33.71143997881963,0.0,60.0,89.42396002118039,0.0,0.0
7293,149.839,0.0,0.6374585894054055,0.0,31.87292947027027,0.0,60.0,57.966070529729734,0.0,0.0
7294,99.8926,0.0,0.6037223529266409,0.0,30.186117646332043,0.0,60.0,9.706482353667951,0.0,0.0
7295,66.5962,0.0,0.6804203401389963,0.0,34.02101700694982,0.0,32.57518299305018,0.0,0.0,0.0
7296,50.0345,0.0,0.8679646204258139,0.0,43.3982310212907,0.0,6.636268978709303,0.0,0.0,0.0
7297,41.6977,0.0,1.164892995035852,0.0,58.2446497517926,0.0,0.0,0.0,0.0,0.31305040070958984
7298,33.3564,0.0,1.5081945592939883,0.0,75.40972796469941,0.0,0.0,0.0,0.0,1.1086539027444438
7299,27.797,0.0,1.7707161698841691,0.0,88.53580849420845,0.0,0.0,0.0,0.0,2.2577664958781174
7300,27.797,0.0,1.9300811534826254,0.0,96.50405767413127,0.0,0.0,0.0,0.0,3.5576297491724933
7301,27.797,0.0,2.0141681809156085,0.0,100.70840904578043,0.0,0.0,0.0,0.0,4.937034785173745
7302,41.6977,0.011926871784260962,1.8681540715102034,6.44051076350092,93.40770357551017,0.0,0.0,0.0,0.0,6.037179651046928
7303,83.3909,0.056109020523997376,1.5217093609972425,30.29887108295858,76.08546804986213,0.0,0.0,0.0,0.0,6.472190661667861
7304,138.9893,0.10311525513370502,1.152845225831219,55.682237772200715,57.64226129156095,25.664800936238322,0.0,0.0,0.0,4.759491233156796
7305,152.8856,0.14385394458279133,0.9599494885030335,77.68113007470731,47.99747442515168,27.20699550014102,0.0,0.0,0.0,2.9438759178320697
7306,166.7863,0.16317181982228166,0.8331859034440154,88.1127827040321,41.65929517220077,37.014222123767155,0.0,0.0,0.0,0.47379102468778145
7307,166.7863,0.17675685861171608,0.7242699611428569,95.44870365032669,36.21349805714284,7.099758504946404,28.024339787584072,0.0,0.0,0.0
7308,152.8856,0.17131586015137565,0.6241382504489795,92.51056448174285,31.206912522448977,0.0,29.16812299580819,0.0,0.0,0.0
7309,125.0886,0.14857364444186558,0.5553279093480419,80.22976799860741,27.766395467402095,0.0,17.092436533990494,0.0,0.0,0.0
7310,111.1879,0.11684520240197308,0.6217256745372312,63.09640929706546,31.08628372686156,0.0,17.005206976072984,0.0,0.0,0.0
7311,111.1879,0.07116228106339602,0.7832664366949806,38.42763177423385,39.163321834749034,0.0,33.59694639101711,0.0,0.0,0.0
7312,138.9893,0.02522442053970563,0.9018872829740763,13.621187091441039,45.09436414870381,0.0,60.0,20.27374875985514,0.0,0.0
7313,152.8856,0.0,0.9087287694826255,0.0,45.43643847413127,0.0,60.0,47.44916152586873,0.0,0.0
7314,166.7863,0.0,0.8841883654142308,0.0,44.209418270711545,0.0,60.0,62.57688172928846,0.0,0.0
7315,152.8856,0.0,0.9293676135642583,0.0,46.46838067821292,0.0,60.0,46.41721932178709,0.0,0.0
7316,125.0886,0.0,1.017938775510204,0.0,50.8969387755102,0.0,60.0,14.191661224489792,0.0,0.0
7317,97.2916,0.0,1.0065215033822392,0.0,50.32607516911196,0.0,46.96552483088804,0.0,0.0,0.0
7318,55.5939,0.0,0.9571539580540541,0.0,47.857697902702704,0.0,7.736202097297294,0.0,0.0,0.0
7319,41.6977,0.0,0.9599494885030335,0.0,47.99747442515168,0.0,0.0,0.0,0.0,0.11918492155692373
7320,50.0345,0.0,0.9781955573480414,0.0,48.90977786740207,1.124722132597931,0.0,0.0,0.0,0.04412838951835642
7321,41.6977,0.0,1.0510413023099832,0.0,52.55206511549916,0.0,0.0,0.0,0.0,0.2494812430548271
7322,33.3564,0.0,1.1815422537142857,0.0,59.07711268571428,0.0,0.0,0.0,0.0,0.7360893208926649
7323,27.797,0.0,1.3278039757308326,0.0,66.39019878654163,0.0,0.0,0.0,0.0,1.466230919556966
7324,27.797,0.0,1.4298838277153891,0.0,71.49419138576945,0.0,0.0,0.0,0.0,2.2929345403688206
7325,27.797,0.0,1.4265925337804741,0.0,71.32962668902371,0.0,0.0,0.0,0.0,3.116524775026026
7326,41.6977,0.013006830832858468,1.2756386602713732,7.023688649743573,63.78193301356866,0.0,0.0,0.0,0.0,3.667215184872474
7327,83.3909,0.06250795531989314,0.9810142199316052,33.754295872742304,49.05071099658026,0.5858931306774338,0.0,0.0,0.0,3.628116544186626
7328,138.9893,0.11463741156460917,0.6545373264555981,61.90420224488896,32.726866322779905,44.358231432331124,0.0,0.0,0.0,0.6679409397601241
7329,152.8856,0.1604864703157989,0.4642877801478211,86.66269397053141,23.214389007391055,10.00909498230546,32.999422039772085,0.0,0.0,0.0
7330,166.7863,0.1839112109499954,0.3287327216679538,99.31205391299753,16.43663608339769,0.0,51.0376100036048,0.0,0.0,0.0
7331,166.7863,0.19891249797869762,0.2038054020165471,107.41274890849671,10.190270100827355,0.0,49.18328099067594,0.0,0.0,0.0
7332,152.8856,0.18906330930001625,0.08734433976833975,102.09418702200878,4.367216988416987,0.0,46.424195989574244,0.0,0.0,0.0
7333,125.0886,0.1633712442607637,0.002405269568670817,88.2204719008124,0.12026347843354085,0.0,36.74786462075406,0.0,0.0,0.0
7334,111.1879,0.12483160844957993,0.021836829405405548,67.40906856277317,1.0918414702702774,0.0,42.686989966956546,0.0,0.0,0.0
7335,111.1879,0.07579508544317198,0.07874245559845575,40.92934613931288,3.9371227799227873,0.0,60.0,6.3214310807643415,0.0,0.0
7336,138.9893,0.02650326561724896,0.15107590011693328,14.311763433314438,7.5537950058466645,0.0,60.0,57.12374156083888,0.0,0.0
7337,152.8856,0.0,0.23141835885714274,0.0,11.570917942857136,0.0,60.0,81.31468205714287,0.0,0.0
7338,166.7863,0.0,0.3597787435984556,0.0,17.98893717992278,0.0,60.0,88.79736282007724,0.0,0.0
7339,152.8856,0.0,0.5413878121478213,0.0,27.069390607391064,0.0,60.0,65.81620939260895,0.0,0.0
7340,125.0886,0.0,0.7204764051274133,0.0,36.02382025637066,0.0,60.0,29.064779743629344,0.0,0.0
7341,97.2916,0.0,0.8239091822702702,0.0,41.19545911351351,0.0,56.096140886486495,0.0,0.0,0.0
7342,55.5939,0.0,0.8639256973061225,0.0,43.196284865306126,0.0,12.397615134693872,0.0,0.0,0.0
7343,41.6977,0.0,0.8787683397683399,0.0,43.938416988416996,0.0,0.0,0.0,0.0,0.042391943024105386
7344,50.0345,0.0,0.8841883654142308,0.0,44.209418270711545,0.6352432662162191,5.189838463072237,0.0,0.0,0.0
7345,41.6977,0.0,0.9293676135642583,0.0,46.46838067821292,0.0,0.0,0.0,0.0,0.09025612093916334
7346,33.3564,0.0,0.9753799845559846,0.0,48.768999227799235,0.0,0.0,0.0,0.0,0.3818458360596894
7347,27.797,0.0,0.9197147755102041,0.0,45.98573877551021,0.0,0.0,0.0,0.0,0.7259571101909637
7348,27.797,0.0,0.7962987912895751,0.0,39.814939564478756,0.0,0.0,0.0,0.0,0.9533235343838049
7349,27.797,0.0,0.6398897868814116,0.0,31.99448934407058,0.0,0.0,0.0,0.0,1.0327354949473024
7350,41.6977,0.013739386146747265,0.49000749541312766,7.419268519243523,24.500374770656382,9.778056710100092,0.0,0.0,0.0,0.38021252463698596
7351,83.3909,0.06489797413689669,0.31343245400110326,35.044906033924214,15.671622700055163,5.697484681685234,26.976886584335396,0.0,0.0,0.0
7352,138.9893,0.11625400510135514,0.1629232079426365,62.777162754731776,8.146160397131826,0.0,60.0,8.065976848136387,0.0,0.0
7353,152.8856,0.15106540694156528,0.06765006042581345,81.57531974844525,3.3825030212906726,0.0,60.0,7.927777230264084,0.0,0.0
7354,166.7863,0.17957530890757506,0.03911725862548264,96.97066681009053,1.955862931274132,0.0,60.0,7.859770258635351,0.0,0.0
7355,166.7863,0.19665386439238902,0.020204633204633126,106.19308677189007,1.0102316602316563,0.0,59.58298156787829,0.0,0.0,0.0
7356,152.8856,0.18960342448671308,0.0608743862857141,102.38584922282506,3.043719314285705,0.0,47.45603146288924,0.0,0.0,0.0
7357,125.0886,0.1637172702778391,0.09080201315830119,88.40732595003313,4.54010065791506,0.0,32.14117339205181,0.0,0.0,0.0
7358,111.1879,0.1293845505890941,0.12324656630115825,69.86765731811082,6.162328315057913,0.0,35.157914366831264,0.0,0.0,0.0
7359,111.1879,0.07789181401193523,0.11175199159845564,42.06157956644503,5.587599579922782,0.0,60.0,3.538720853632185,0.0,0.0
7360,138.9893,0.026288962587096964,0.0977464397308329,14.19603979703236,4.887321986541645,0.0,60.0,59.90593821642598,0.0,0.0
7361,152.8856,0.0,0.1241350521081079,0.0,6.206752605405395,0.0,60.0,86.67884739459461,0.0,0.0
7362,166.7863,0.0,0.19815890928185342,0.0,9.907945464092672,0.0,60.0,96.87835453590733,0.0,0.0
7363,152.8856,0.0,0.2713743484258133,0.0,13.568717421290666,0.0,60.0,79.31688257870934,0.0,0.0
7364,125.0886,0.0,0.37447144401544386,0.0,18.723572200772193,0.0,60.0,46.3650277992278,0.0,0.0
7365,97.2916,0.0,0.4754255352939881,0.0,23.771276764699405,0.0,60.0,13.520323235300594,0.0,0.0
7366,55.5939,0.0,0.5286979768339768,0.0,26.43489884169884,0.0,29.15900115830116,0.0,0.0,0.0
7367,41.6977,0.0,0.5298481045250961,0.0,26.492405226254807,0.0,15.205294773745191,0.0,0.0,0.0
7368,50.0345,0.0,0.47989988776172077,0.0,23.994994388086038,0.0,26.039505611913963,0.0,0.0,0.0
7369,41.6977,0.0,0.410700152904578,0.0,20.5350076452289,0.0,21.162692354771096,0.0,0.0,0.0
7370,33.3564,0.0,0.3483259834528405,0.0,17.416299172642024,0.0,15.940100827357977,0.0,0.0,0.0
7371,27.797,0.0,0.2783043699856591,0.0,13.915218499282956,0.0,13.881781500717045,0.0,0.0,0.0
7372,27.797,0.0,0.2151666916183122,0.0,10.75833458091561,0.0,17.03866541908439,0.0,0.0,0.0
7373,27.797,0.0,0.15471004491119697,0.0,7.735502245559848,0.0,20.061497754440154,0.0,0.0,0.0
7374,41.6977,0.011898886003605698,0.09340162569884178,6.4253984419470775,4.670081284942089,0.0,30.60222027311083,0.0,0.0,0.0
7375,83.3909,0.056955310066076174,0.01694729216988404,30.755867435681136,0.847364608494202,0.0,51.78766795582466,0.0,0.0,0.0
7376,138.9893,0.10540998499080247,0.0,56.92139189503333,0.0,0.0,60.0,22.067908104966648,0.0,0.0
7377,152.8856,0.1437055465365675,0.0,77.60099512974645,0.0,0.0,60.0,15.28460487025356,0.0,0.0
7378,166.7863,0.16431727455792972,0.0,88.73132826128204,0.0,0.0,60.0,18.054971738717967,0.0,0.0
7379,166.7863,0.18368707278673793,0.0,99.19101930483849,0.0,0.0,60.0,7.59528069516152,0.0,0.0
7380,152.8856,0.17594393801456484,0.0,95.00972652786501,0.0,0.0,57.875873472135,0.0,0.0,0.0
7381,125.0886,0.1555180094867651,0.0,83.97972512285315,0.0,0.0,41.108874877146846,0.0,0.0,0.0
7382,111.1879,0.11747321251867904,0.0,63.43553476008668,0.0,0.0,47.75236523991332,0.0,0.0,0.0
7383,111.1879,0.07018283479682948,0.0,37.898730790287914,0.0,0.0,60.0,13.289169209712085,0.0,0.0
7384,138.9893,0.023583041424150644,0.0,12.734842369041349,0.0,0.0,60.0,66.25445763095864,0.0,0.0
7385,152.8856,0.0,0.0,0.0,0.0,0.0,60.0,92.88560000000001,0.0,0.0
7386,166.7863,0.0,0.0,0.0,0.0,0.0,60.0,106.78630000000001,0.0,0.0
7387,152.8856,0.0,0.0,0.0,0.0,0.0,60.0,92.88560000000001,0.0,0.0
7388,125.0886,0.0,0.0,0.0,0.0,0.0,60.0,65.0886,0.0,0.0
7389,97.2916,0.0,0.006425716915609441,0.0,0.3212858457804721,0.0,60.0,36.97031415421954,0.0,0.0
7390,55.5939,0.0,0.017760746537231004,0.0,0.8880373268615502,0.0,54.70586267313845,0.0,0.0,0.0
7391,41.6977,0.0,0.01938941684280195,0.0,0.9694708421400975,0.0,40.7282291578599,0.0,0.0,0.0
7392,50.0345,0.0,0.035805659004964144,0.0,1.7902829502482072,0.0,48.244217049751796,0.0,0.0,0.0
7393,41.6977,0.0,0.1259138647192499,0.0,6.295693235962495,0.0,35.4020067640375,0.0,0.0,0.0
7394,33.3564,0.0,0.2962704746254828,0.0,14.81352373127414,0.0,18.542876268725863,0.0,0.0,0.0
7395,27.797,0.0,0.4855083276072809,0.0,24.275416380364046,0.0,3.5215836196359547,0.0,0.0,0.0
7396,27.797,0.0,0.6205204586254829,0.0,31.026022931274145,0.0,0.0,0.0,0.0,0.061089623024105436
7397,27.797,0.0,0.6866300005030338,0.0,34.33150002515169,0.0,0.0,0.0,0.0,0.1847152991756239
7398,41.6977,0.011842572495055124,0.6362440668416989,6.394989147329768,31.812203342084942,2.7679587581467238,0.0,0.722548752438565,0.0,0.0
7399,83.3909,0.05835825708817135,0.477661334804192,31.51345882761253,23.8830667402096,0.0,27.99437443217787,0.0,0.0,0.0
7400,138.9893,0.10979136056945323,0.30533268516712636,59.28733470750474,15.266634258356317,0.0,60.0,4.435331034138926,0.0,0.0
7401,152.8856,0.15017106595557184,0.2199275102393821,81.0923756160088,10.996375511969104,0.0,60.0,0.7968488720221103,0.0,0.0
7402,166.7863,0.17128624464181172,0.19534418091560957,92.49457210657833,9.76720904578048,0.0,60.0,4.524518847641204,0.0,0.0
7403,166.7863,0.186576136086755,0.17672397573083287,100.7511134868477,8.836198786541644,0.0,57.19898772661067,0.0,0.0,0.0
7404,152.8856,0.1777114087269319,0.13933336371538896,95.96416071254323,6.966668185769448,0.0,49.95477110168733,0.0,0.0,0.0
7405,125.0886,0.15178212943045105,0.09080201315830119,81.96234989244357,4.54010065791506,0.0,38.58614944964137,0.0,0.0,0.0
7406,111.1879,0.11328138252720502,0.09426937529398782,61.171946564690714,4.713468764699391,0.0,45.3024846706099,0.0,0.0,0.0
7407,111.1879,0.0675537116931296,0.16383889230226129,36.47900431428998,8.191944615113064,0.0,60.0,6.516951070596946,0.0,0.0
7408,138.9893,0.02220577379569878,0.2962704746254828,11.991117849677341,14.81352373127414,0.0,60.0,52.1846584190485,0.0,0.0
7409,152.8856,0.0,0.47989988776172077,0.0,23.994994388086038,0.0,60.0,68.89060561191397,0.0,0.0
7410,166.7863,0.0,0.7003551654760068,0.0,35.01775827380034,0.0,60.0,71.76854172619966,0.0,0.0
7411,152.8856,0.0,0.9390579383210153,0.0,46.95289691605076,0.0,60.0,45.93270308394925,0.0,0.0
7412,125.0886,0.0,1.192187737698842,0.0,59.6093868849421,0.0,60.0,5.479213115057902,0.0,0.0
7413,97.2916,0.0,1.3389841404258136,0.0,66.94920702129068,0.0,30.342392978709327,0.0,0.0,0.0
7414,55.5939,0.0,1.4233045787181469,0.0,71.16522893590734,0.0,0.0,0.0,0.0,0.29459270959824696
7415,41.6977,0.0,1.4315307272895752,0.0,71.57653636447876,0.0,0.0,0.0,0.0,0.8598679921694667
7416,50.0345,0.0,1.488023734433536,0.0,74.40118672167681,0.0,0.0,0.0,0.0,1.3208593625795686
7417,41.6977,0.0,1.7526088295642581,0.0,87.6304414782129,0.0,0.0,0.0,0.0,2.1898571743295423
7418,33.3564,0.0,2.1197608109961386,0.0,105.98804054980693,0.0,0.0,0.0,0.0,3.5639692928394027
7419,27.797,0.0,2.318236185698841,0.0,115.91180928494205,0.0,0.0,0.0,0.0,5.231006225257225
7420,27.797,0.0,2.4420515526883615,0.0,122.10257763441807,0.0,0.0,0.0,0.0,7.015165802124594
7421,27.797,0.0,2.681749041667954,0.0,134.0874520833977,0.0,0.0,0.0,0.0,9.026066246945632
7422,41.6977,0.011051542649016373,2.9613686079470494,5.967833030468841,148.06843039735247,0.0,0.0,0.0,3.4496745389324417,11.086126307005692
7423,83.3909,0.05826780187912956,2.406039028138997,31.464613014729963,120.30195140694985,0.0,0.0,0.0,3.4496745389324417,12.379719958226662
7424,138.9893,0.10698007301282061,1.7399857515102042,57.76923942692313,86.99928757551021,0.0,0.0,0.0,3.4496745389324417,12.489056685299726
7425,152.8856,0.15103927640682457,1.3792431206795364,81.56120925968527,68.96215603397681,2.362234706337915,0.0,0.0,0.0,12.331416731590155
7426,166.7863,0.17689877394717365,1.227443309290678,95.52533793147379,61.3721654645339,9.888796603992319,0.0,0.0,0.0,11.671503711637381
7427,166.7863,0.18615270117623198,1.045254650069498,100.52245863516526,52.26273250347489,14.001108861359853,0.0,0.0,0.0,10.737162112614367
7428,152.8856,0.17889773421467578,0.8305316648736901,96.60477647592492,41.526583243684506,14.754240280390574,0.0,0.0,0.0,9.75256149330235
7429,125.0886,0.15447311494788865,0.6582154047964698,83.41548207185987,32.91077023982349,8.762347688316638,0.0,0.0,0.0,9.1678202394941
7430,111.1879,0.1164389399889989,0.6013340202713738,62.87702759405941,30.066701013568693,18.244171392371896,0.0,0.0,0.0,7.950324651080893
7431,111.1879,0.0703871870539107,0.6680553523397682,38.009081009111775,33.40276761698841,39.77605137389982,0.0,0.0,0.0,5.295933501671495
7432,138.9893,0.02279738127314164,0.7420604473822395,12.310585887496487,37.103022369111976,77.4,12.175691743391525,0.0,0.0,0.13076833650632924
7433,152.8856,0.0,0.8518496679536682,0.0,42.59248339768341,1.9595635225473436,60.0,48.33355307976926,0.0,0.0
7434,166.7863,0.0,0.9979911759426366,0.0,49.89955879713183,0.0,60.0,56.88674120286818,0.0,0.0
7435,152.8856,0.0,1.1155245710049642,0.0,55.776228550248206,0.0,60.0,37.109371449751805,0.0,0.0
7436,125.0886,0.0,1.1800246795366798,0.0,59.00123397683399,0.0,60.0,6.0873660231660125,0.0,0.0
7437,97.2916,0.0,1.151342847293988,0.0,57.5671423646994,0.0,39.7244576353006,0.0,0.0,0.0
7438,55.5939,0.0,1.0845581682868175,0.0,54.227908414340874,0.0,1.365991585659124,0.0,0.0,0.0
7439,41.6977,0.0,1.0626522163397683,0.0,53.13261081698841,0.0,0.0,0.0,0.0,0.21633615059167272
7440,50.0345,0.0,1.055389514872587,0.0,52.76947574362934,0.0,0.0,0.0,0.0,0.2680789349306062
7441,41.6977,0.0,1.1022105711902925,0.0,55.11052855951463,0.0,0.0,0.0,0.0,0.5218351509214235
7442,33.3564,0.0,1.371150001738555,0.0,68.55750008692775,0.0,0.0,0.0,0.0,1.1878019093227592
7443,27.797,0.0,1.8662926292509656,0.0,93.31463146254828,0.0,0.0,0.0,0.0,2.4273246667223214
7444,27.797,0.0,2.446306332911196,0.0,122.31531664555979,0.0,0.0,0.0,0.0,4.215509035692372
7445,27.797,0.0,2.85652123576834,0.0,142.82606178841698,0.0,0.0,0.0,6.140172899528096,6.275569095752432
7446,41.6977,0.012423634198136906,2.940238037780474,6.708762466993929,147.0119018890237,0.0,0.0,0.0,3.1340754671287527,8.33562915581249
7447,83.3909,0.06295331532684051,2.7401135130899057,33.99479027649388,137.0056756544953,0.0,0.0,0.0,3.1340754671287527,9.993107430182556
7448,138.9893,0.11531384279329501,2.3577509320154437,62.269475108379304,117.88754660077218,0.0,0.0,0.0,3.1340754671287527,10.771956219274612
7449,152.8856,0.1600951663079422,2.0980356905725315,86.4513898062888,104.90178452862658,0.0,0.0,0.0,3.1340754671287527,11.499721139124363
7450,166.7863,0.18560038965201933,1.8905607104247109,100.22421041209044,94.52803552123554,0.0,0.0,0.0,3.1340754671287527,12.028806602727826
7451,166.7863,0.20555446818714992,1.7184457012597898,110.99941282106097,85.92228506298949,0.0,0.0,0.0,3.1340754671287527,12.598935751885538
7452,152.8856,0.19467373928631554,1.5369782978223934,105.12381921461039,76.84891489111966,0.0,0.0,0.0,3.1340754671287527,13.149232883615566
7453,125.0886,0.17170015658216103,1.303981983452841,92.71808455436697,65.19909917264205,0.0,0.0,0.0,3.1340754671287527,13.77031419736979
7454,111.1879,0.13193659307122788,1.1244362269652515,71.24576025846306,56.22181134826258,0.0,0.0,0.0,3.1340754671287527,14.07830798452406
7455,111.1879,0.07979047304887249,1.0193694350049642,43.08685544639115,50.96847175024821,17.132572803360645,0.0,0.0,0.0,12.934993149464956
7456,138.9893,0.026174063551880424,0.9627480977297299,14.133994318015429,48.13740488648649,76.71790079549807,0.0,0.0,0.0,7.8153467833990184
7457,152.8856,0.0,0.9266058378378376,0.0,46.330291891891875,77.4,29.15530810810813,0.0,0.0,2.6501816182338525
7458,166.7863,0.0,0.9293676135642583,0.0,46.46838067821292,39.712971549234275,60.0,20.604947772552805,0.0,0.0
7459,152.8856,0.0,0.9446121254760069,0.0,47.23060627380035,0.0,60.0,45.65499372619966,0.0,0.0
7460,125.0886,0.0,0.9979911759426366,0.0,49.89955879713183,0.0,60.0,15.189041202868168,0.0,0.0
7461,97.2916,0.0,1.0597447824026478,0.0,52.98723912013239,0.0,44.304360879867616,0.0,0.0,0.0
7462,55.5939,0.0,1.155852376710425,0.0,57.792618835521246,0.0,0.0,0.0,0.0,0.04159738337472632
7463,41.6977,0.0,1.3278039757308326,0.0,66.39019878654163,0.0,0.0,0.0,0.0,0.5087527658228113
7464,50.0345,0.0,1.564292912679536,0.0,78.2146456339768,0.0,0.0,0.0,0.0,1.0418906561953454
7465,41.6977,0.0,1.8905607104247109,0.0,94.52803552123554,0.0,0.0,0.0,0.0,2.0413834903808827
7466,33.3564,0.0,2.2239662658929955,0.0,111.19831329464978,0.0,0.0,0.0,0.0,3.5140683364958782
7467,27.797,0.0,2.3849828982327628,0.0,119.24914491163814,0.0,0.0,0.0,0.0,5.244244051040384
7468,27.797,0.0,2.40182024500386,0.0,120.091012250193,0.0,0.0,0.0,0.0,6.9903469855034945
7469,27.797,0.0,2.3744902230204077,0.0,118.72451115102038,0.0,0.0,0.0,0.0,8.710597196468745
7470,41.6977,0.012626964769179076,2.244292181568671,6.818560975356701,112.21460907843354,0.0,0.0,0.0,0.0,10.173700683972886
7471,83.3909,0.06405352053310981,2.010308194841698,34.5889010878793,100.5154097420849,0.0,0.0,0.0,0.0,11.152062510485722
7472,138.9893,0.1170218896800863,1.7725317231902922,63.191820427246604,88.6265861595146,0.0,0.0,0.0,0.0,11.394775337802827
7473,152.8856,0.16093249381747907,1.6528182583210145,86.9035466614387,82.64091291605072,0.0,0.0,0.0,0.0,11.709942951431005
7474,166.7863,0.18495878953746595,1.542083212355212,99.87774635023162,77.1041606177606,0.0,0.0,0.0,0.0,11.902832812987615
7475,166.7863,0.1979144400270674,1.3808642293480415,106.8737976146164,69.04321146740207,0.0,0.0,0.0,0.0,12.07557595778256
7476,152.8856,0.19029308457216407,1.247559335077772,102.7582656689686,62.3779667538886,0.0,0.0,0.0,0.0,12.307344679296074
7477,125.0886,0.16431303611515286,1.1618762596183123,88.72903950218254,58.093812980915615,0.0,0.0,0.0,0.0,12.71853323978712
7478,111.1879,0.1283094129213685,1.0093711570744623,69.28708297753899,50.46855785372312,0.0,0.0,0.0,0.0,12.880625633892079
7479,111.1879,0.07905357185915239,1.0008315145107554,42.68892880394229,50.04157572553777,18.45739547051994,0.0,0.0,0.0,11.648900877767957
7480,138.9893,0.02517395310025043,1.1937117329156095,13.593934674135232,59.685586645780475,65.70977868008428,0.0,0.0,0.0,7.263863928813383
7481,152.8856,0.0,1.3421858795455044,0.0,67.10929397727521,77.4,8.37630602272479,0.0,0.0,2.0986987636482173
7482,166.7863,0.0,1.4036468697804745,0.0,70.18234348902372,31.449000973268532,60.0,5.154955537707764,0.0,0.0
7483,152.8856,0.0,1.4052804325030337,0.0,70.26402162515168,0.0,60.0,22.621578374848326,0.0,0.0
7484,125.0886,0.0,1.3841089332597905,0.0,69.20544666298952,0.0,55.883153337010484,0.0,0.0,0.0
7485,97.2916,0.0,1.3373845058929952,0.0,66.86922529464977,0.0,30.422374705350236,0.0,0.0,0.0
7486,55.5939,0.0,1.3198428019856592,0.0,65.99214009928296,0.0,0.0,0.0,0.0,0.19672346133778584
7487,41.6977,0.0,1.3987511712829561,0.0,69.9375585641478,0.0,0.0,0.0,0.0,0.7309910557946363
7488,50.0345,0.0,1.6370338532818538,0.0,81.8516926640927,0.0,0.0,0.0,0.0,1.332937944034228
7489,41.6977,0.0,2.0607706716911185,0.0,103.03853358455592,0.0,0.0,0.0,0.0,2.4934402010393404
7490,33.3564,0.0,2.4335533796536133,0.0,121.67766898268067,0.0,0.0,0.0,0.0,4.164383127738704
7491,27.797,0.0,2.514900505239933,0.0,125.74502526199664,0.0,0.0,0.0,0.0,6.0174538759386405
7492,27.797,0.0,2.4166025357837846,0.0,120.83012678918922,0.0,0.0,0.0,0.0,7.7775400584368155
7493,27.797,0.0,2.2831675278543853,0.0,114.15837639271926,0.0,0.0,0.0,0.0,9.41140393613691
7494,41.6977,0.011781314068019797,2.068588605564258,6.3619095967306905,103.42943027821289,0.0,0.0,0.0,0.0,10.699661987825031
7495,83.3909,0.06226499816554967,1.7471936947115272,33.623099009396824,87.35968473557637,0.0,0.0,0.0,0.0,11.410859788405606
7496,138.9893,0.11559879573222015,1.3405845982393823,62.42334969539888,67.02922991196911,9.536720392631992,0.0,0.0,0.0,10.77444201111952
7497,152.8856,0.1580534726794316,1.1618762596183123,85.34887524689306,58.093812980915615,9.442911772191337,0.0,0.0,0.0,10.144284402031008
7498,166.7863,0.18433984576601972,1.154348402232763,99.54351671365065,57.71742011163815,9.525363174711202,0.0,0.0,0.0,9.508624530512076
7499,166.7863,0.20015158401282424,1.1891421571671263,108.08185536692508,59.457107858356316,0.0,0.0,0.0,0.0,9.522864105044427
7500,152.8856,0.18800319103622554,1.230529180169884,101.52172315956179,61.52645900849421,0.0,0.0,0.0,0.0,9.71512917308873
7501,125.0886,0.1669835360725977,1.2243606713822395,90.17110947920276,61.218033569111974,0.0,0.0,0.0,0.0,10.212707014543334
7502,111.1879,0.12677870976723501,1.1363628978621068,68.46050327430692,56.81814489310534,0.0,0.0,0.0,0.0,10.479288736629512
7503,111.1879,0.0770495127964063,1.0265344155675675,41.606736910059404,51.32672077837837,18.254442311562215,0.0,0.0,0.0,9.261107734856925
7504,138.9893,0.024206594395326773,0.9979911759426366,13.071560973476457,49.89955879713183,76.0181802293917,0.0,0.0,0.0,4.188156101263885
7505,152.8856,0.0,1.0265344155675675,0.0,51.32672077837837,62.7595191774393,38.799360044182336,0.0,0.0,0.0
7506,166.7863,0.0,1.0992606072939877,0.0,54.963030364699385,0.0,60.0,51.82326963530062,0.0,0.0
7507,152.8856,0.0,1.1498412664092665,0.0,57.49206332046333,0.0,60.0,35.39353667953668,0.0,0.0
7508,125.0886,0.0,1.192187737698842,0.0,59.6093868849421,0.0,60.0,5.479213115057902,0.0,0.0
7509,97.2916,0.0,1.1937117329156095,0.0,59.685586645780475,0.0,37.60601335421953,0.0,0.0,0.0
7510,55.5939,0.0,1.1891421571671263,0.0,59.457107858356316,0.0,0.0,0.0,0.0,0.07308771623917361
7511,41.6977,0.0,1.2615660751285163,0.0,63.07830375642581,0.0,0.0,0.0,0.0,0.47758562514452685
7512,50.0345,0.0,1.406914827190292,0.0,70.3457413595146,0.0,0.0,0.0,0.0,0.8618523535677762
7513,41.6977,0.0,1.736387020355213,0.0,86.81935101776065,0.0,0.0,0.0,0.0,1.7155052106605455
7514,33.3564,0.0,2.1996974930038604,0.0,109.98487465019302,0.0,0.0,0.0,0.0,3.165233109447981
7515,27.797,0.0,2.4847704710777725,0.0,124.23852355388863,0.0,0.0,0.0,0.0,4.989802473981009
7516,27.797,0.0,2.5278707207413125,0.0,126.39353603706563,0.0,0.0,0.0,0.0,6.8551423449525215
7517,27.797,0.0,2.501964716302262,0.0,125.0982358151131,0.0,0.0,0.0,0.0,8.695976536049256
7518,41.6977,0.011312597073300137,2.3120279601632645,6.108802419582074,115.60139800816323,0.0,0.0,0.0,0.0,10.209726544141736
7519,83.3909,0.05964016258361391,1.9833894429652503,32.20568779515151,99.16947214826251,0.0,0.0,0.0,0.0,11.117536867395515
7520,138.9893,0.11052781024140838,1.525096525096525,59.68501753036053,76.25482625482624,3.0494562148132047,0.0,0.0,0.0,10.914036285826398
7521,152.8856,0.1507414191587614,1.2351640520154443,81.40036634573116,61.758202600772215,9.727031053496631,0.0,0.0,0.0,10.264918431071868
7522,166.7863,0.17924694532423774,1.1348692818532817,96.79335047508837,56.743464092664084,13.249485432247553,0.0,0.0,0.0,9.380735219043336
7523,166.7863,0.19174653726735827,1.0322804324324326,103.54313012437346,51.61402162162163,11.629148254004917,0.0,0.0,0.0,8.604682616173472
7524,152.8856,0.18497231406518075,0.9114706956072811,99.88504959519761,45.57353478036406,7.427015624438355,0.0,0.0,0.0,8.109052611205946
7525,125.0886,0.15882312701251908,0.8094055525030338,85.76448858676031,40.47027762515169,0.0,0.0,0.0,0.0,8.130736836836714
7526,111.1879,0.12051839492069595,0.7407849266409269,65.07993325717581,37.039246332046346,9.068720410777843,0.0,0.0,0.0,7.525550289570925
7527,111.1879,0.07444366252198353,0.6692885955918366,40.19957776187111,33.46442977959183,37.52389245853705,0.0,0.0,0.0,5.021453362074292
7528,138.9893,0.023141783058924118,0.6169090965250965,12.496562851819025,30.845454826254826,75.24647863068326,20.40080369124287,0.0,0.0,0.0
7529,152.8856,0.0,0.5460232895752896,0.0,27.301164478764477,0.0,60.0,65.58443552123553,0.0,0.0
7530,166.7863,0.0,0.5138097480154441,0.0,25.690487400772206,0.0,60.0,81.0958125992278,0.0,0.0
7531,152.8856,0.0,0.5183782073822394,0.0,25.91891036911197,0.0,60.0,66.96668963088804,0.0,0.0
7532,125.0886,0.0,0.5858791072123549,0.0,29.293955360617748,0.0,60.0,35.794644639382255,0.0,0.0
7533,97.2916,0.0,0.5882489835102042,0.0,29.412449175510208,0.0,60.0,7.879150824489798,0.0,0.0
7534,55.5939,0.0,0.5929972421400994,0.0,29.64986210700497,0.0,25.944037892995027,0.0,0.0,0.0
7535,41.6977,0.0,0.6680553523397682,0.0,33.40276761698841,0.0,8.294932383011584,0.0,0.0,0.0
7536,50.0345,0.0,0.7728939834528407,0.0,38.644699172642035,0.0,11.389800827357966,0.0,0.0,0.0
7537,41.6977,0.0,0.9937364831594042,0.0,49.68682415797021,0.0,0.0,0.0,0.0,0.15114559217781479
7538,33.3564,0.0,1.4381266812399338,0.0,71.90633406199669,0.0,0.0,0.0,0.0,0.8804686690264008
7539,27.797,0.0,1.8551426137804743,0.0,92.75713068902371,0.0,0.0,0.0,0.0,2.109444114494417
7540,27.797,0.0,2.0257698515521234,0.0,101.28849257760618,0.0,0.0,0.0,0.0,3.49982370380048
7541,27.797,0.0,1.8812090457804747,0.0,94.06045228902373,0.0,0.0,0.0,0.0,4.753456584944172
7542,41.6977,0.011051185964069489,1.533579265306122,5.967640420597524,76.6789632653061,0.0,0.0,0.0,0.0,5.528165573596403
7543,83.3909,0.061693658112228836,1.0918995230358521,33.31457538060358,54.59497615179261,0.0,0.0,0.0,0.0,5.613653575560655
7544,138.9893,0.11344097314398613,0.6301822072939876,61.25812549775251,31.509110364699378,46.2220641375481,0.0,0.0,0.0,2.529098077559447
7545,152.8856,0.1562640123488687,0.2902583569156094,84.38256666838909,14.512917845780471,37.89853469222832,16.091580793602127,0.0,0.0,0.0
7546,166.7863,0.18207017004106515,0.08303585217870937,98.31789182217518,4.151792608935469,0.0,60.0,4.316615568889361,0.0,0.0
7547,166.7863,0.19625754432202916,0.0,105.97907393389575,0.0,0.0,60.0,0.8072260661042634,0.0,0.0
7548,152.8856,0.19028515429263224,0.0,102.75398331802141,0.0,0.0,50.1316166819786,0.0,0.0,0.0
7549,125.0886,0.16373529261334957,0.0,88.41705801120877,0.0,0.0,36.67154198879123,0.0,0.0,0.0
7550,111.1879,0.12511206618848147,0.0,67.56051574178,0.0,0.0,43.627384258220005,0.0,0.0,0.0
7551,111.1879,0.07472089716004954,0.0,40.34928446642675,0.0,0.0,60.0,10.838615533573247,0.0,0.0
7552,138.9893,0.02292504512088741,0.0,12.379524365279202,0.0,0.0,60.0,66.60977563472079,0.0,0.0
7553,152.8856,0.0,0.0,0.0,0.0,0.0,60.0,92.88560000000001,0.0,0.0
7554,166.7863,0.0,0.0,0.0,0.0,0.0,60.0,106.78630000000001,0.0,0.0
7555,152.8856,0.0,0.0,0.0,0.0,0.0,60.0,92.88560000000001,0.0,0.0
7556,125.0886,0.0,0.07702931651847765,0.0,3.8514658259238823,0.0,60.0,61.23713417407612,0.0,0.0
7557,97.2916,0.0,0.14745167451075566,0.0,7.372583725537783,0.0,60.0,29.919016274462223,0.0,0.0
7558,55.5939,0.0,0.22183628556425827,0.0,11.091814278212913,0.0,44.50208572178708,0.0,0.0,0.0
7559,41.6977,0.0,0.3524813274440154,0.0,17.62406637220077,0.0,24.07363362779923,0.0,0.0,0.0
7560,50.0345,0.0,0.548345233862107,0.0,27.41726169310535,0.0,22.617238306894652,0.0,0.0,0.0
7561,41.6977,0.0,0.8041539056679539,0.0,40.20769528339769,0.0,1.4900047166023072,0.0,0.0,0.0
7562,33.3564,0.0,1.0977868108108106,0.0,54.88934054054053,0.0,0.0,0.0,0.0,0.4073799561723885
7563,27.797,0.0,1.385732528926641,0.0,69.28662644633205,0.0,0.0,0.0,0.0,1.1923188348867788
7564,27.797,0.0,1.5866466155455037,0.0,79.33233077727519,0.0,0.0,0.0,0.0,2.167311579321715
7565,27.797,0.0,1.6335356839536674,0.0,81.67678419768338,0.0,0.0,0.0,0.0,3.1866588479265356
7566,41.6977,0.010935495248181385,1.5115681849045781,5.905167434017947,75.57840924522891,0.0,0.0,0.0,0.0,3.9393646229393138
7567,83.3909,0.06228519197163576,1.2413552123552127,33.63400366468331,62.067760617760634,0.0,0.0,0.0,0.0,4.172272866120686
7568,138.9893,0.11899191733234324,0.9032540578312188,64.25563535946536,45.16270289156094,29.570961748973687,0.0,0.0,0.0,2.198902045368354
7569,152.8856,0.16394517249693594,0.6928578071439601,88.53039314834541,34.642890357198006,29.712316494456584,0.0,0.0,0.0,0.2160981418343808
7570,166.7863,0.19126694484638868,0.6496433058312187,103.28415021704988,32.48216529156093,3.2382306553881963,27.781753836000984,0.0,0.0,0.0
7571,166.7863,0.20534237148869863,0.7078787383210148,110.88488060389726,35.39393691605074,0.0,20.507482480052005,0.0,0.0,0.0
7572,152.8856,0.19845047543540534,0.7884704632939881,107.16325673511888,39.423523164699404,0.0,6.298820100181729,0.0,0.0,0.0
7573,125.0886,0.16841987007257198,0.8438328745372311,90.94672983918888,42.19164372686156,0.0,0.0,0.0,0.0,0.15229301341176496
7574,111.1879,0.1328078175625201,0.8572092533127416,71.71622148376086,42.86046266563708,0.0,0.0,0.0,0.0,0.21640514596794239
7575,111.1879,0.07881933544868758,0.8991560154440152,42.5624411422913,44.95780077220076,3.2428311123296165,20.42482697317832,0.0,0.0,0.0
7576,138.9893,0.022922576945420704,0.9473938223938223,12.37819155052718,47.36969111969111,0.0,60.0,19.241417329781697,0.0,0.0
7577,152.8856,0.0,0.9781955573480414,0.0,48.90977786740207,0.0,60.0,43.97582213259794,0.0,0.0
7578,166.7863,0.0,1.0438099435455046,0.0,52.19049717727523,0.0,60.0,54.59580282272478,0.0,0.0
7579,152.8856,0.0,1.1199768295642585,0.0,55.998841478212924,0.0,60.0,36.88675852178709,0.0,0.0
7580,125.0886,0.0,1.2120624155675677,0.0,60.60312077837838,0.0,60.0,4.485479221621617,0.0,0.0
7581,97.2916,0.0,1.2059326414296747,0.0,60.296632071483735,0.0,36.99496792851627,0.0,0.0,0.0
7582,55.5939,0.0,1.1937117329156095,0.0,59.685586645780475,0.0,0.0,0.0,0.0,0.07741028789314418
7583,41.6977,0.0,1.3293986750270266,0.0,66.46993375135133,0.0,0.0,0.0,0.0,0.5460741696754667
7584,50.0345,0.0,1.6143572371274124,0.0,80.71786185637062,0.0,0.0,0.0,0.0,1.1265702047959918
7585,41.6977,0.0,2.0921298532818526,0.0,104.60649266409263,0.0,0.0,0.0,0.0,2.3167365524950414
7586,33.3564,0.0,2.6728283288428014,0.0,133.64141644214007,0.0,0.0,0.0,0.0,4.21402064734634
7587,27.797,0.0,3.162507034016546,0.0,158.1253517008273,0.0,0.0,0.0,21.439462811938427,6.2740807074064
7588,27.797,0.0,3.348149157348042,0.0,167.4074578674021,0.0,0.0,0.0,30.721568978513204,8.33414076746646
7589,27.797,0.0,3.3105592337297303,0.0,165.52796168648652,0.0,0.0,0.0,28.842072797597638,10.39420082752652
7590,41.6977,0.01065559653506139,3.0490899062327634,5.754022128933151,152.45449531163817,0.0,0.0,0.0,7.62192855168243,12.45426088758658
7591,83.3909,0.061165563486963295,2.517059815854385,33.02940428296018,125.85299079271925,0.0,0.0,0.0,7.62192855168243,13.882478361991327
7592,138.9893,0.11570909865648328,1.8718796205184784,62.482913274500966,93.59398102592392,0.0,0.0,0.0,7.62192855168243,14.205757173080446
7593,152.8856,0.16015088906208028,1.4846737359426365,86.48148009352336,74.23368679713182,0.0,0.0,0.0,7.62192855168243,14.353884114255003
7594,166.7863,0.18451757956866766,1.3182530303011584,99.63949296708054,65.91265151505792,1.2341555178615522,0.0,0.0,0.0,14.27152472033698
7595,166.7863,0.20264546515106063,1.3469946665372312,109.42855118157274,67.34973332686155,0.0,0.0,0.0,0.0,14.460562265091143
7596,152.8856,0.19309792030650708,1.4696404037683397,104.27287696551382,73.48202018841698,0.0,0.0,0.0,0.0,14.93106248151686
7597,125.0886,0.16887023030312273,1.6563353902173186,91.18992436368627,82.81676951086592,0.0,0.0,0.0,0.0,15.856539933197578
7598,111.1879,0.12799646773284282,1.8440245162713729,69.11809257573513,92.20122581356864,0.0,0.0,0.0,0.0,16.804972172995218
7599,111.1879,0.07758195682267484,1.9490390294451183,41.89425668424442,97.45195147225591,0.0,0.0,0.0,0.0,17.33769692190198
7600,138.9893,0.022894667933471915,1.9776441346188642,12.363120684074834,98.88220673094321,27.743972584981947,0.0,0.0,0.0,15.486247299947896
7601,152.8856,0.0,1.941445124518478,0.0,97.07225622592391,55.8133437740761,0.0,0.0,0.0,11.761633100810352
7602,166.7863,0.0,1.847727005158302,0.0,92.3863502579151,74.39994974208491,0.0,0.0,0.0,6.796671489726941
7603,152.8856,0.0,1.684596904595697,0.0,84.22984522978484,68.65575477021517,0.0,0.0,0.0,2.215039539762631
7604,125.0886,0.0,1.467974237476007,0.0,73.39871187380035,33.19236750334302,18.497520622856626,0.0,0.0,0.0
7605,97.2916,0.0,1.3405845982393823,0.0,67.02922991196911,0.0,30.26237008803089,0.0,0.0,0.0
7606,55.5939,0.0,1.3695338613480423,0.0,68.47669306740212,0.0,0.0,0.0,0.0,0.24372851749139157
7607,41.6977,0.0,1.5489016567104252,0.0,77.44508283552126,0.0,0.0,0.0,0.0,0.9200303549201724
7608,50.0345,0.0,1.8644320748725864,0.0,93.22160374362932,0.0,0.0,0.0,0.0,1.7370836689888352
7609,41.6977,0.0,2.279059550429122,0.0,113.9529775214561,0.0,0.0,0.0,0.0,3.104075405881248
7610,33.3564,0.0,2.6572544776613345,0.0,132.86272388306674,0.0,0.0,0.0,0.0,4.986627479344673
7611,27.797,0.0,2.838091861003861,0.0,141.90459305019306,0.0,0.0,0.0,5.218704161304174,7.046687539404733
7612,27.797,0.0,2.826605586321015,0.0,141.33027931605076,0.0,0.0,0.0,4.6443904271618806,9.106747599464793
7613,27.797,0.0,2.733345484178709,0.0,136.66727420893545,0.0,0.0,0.0,4.6443904271618806,11.166455489904113
7614,41.6977,0.01050095615510509,2.543046211212354,5.670516323756749,127.1523105606177,0.0,0.0,0.0,4.6443904271618806,12.890444376905792
7615,83.3909,0.06092210584599852,2.179575205348042,32.897937156839205,108.9787602674021,0.0,0.0,0.0,4.6443904271618806,13.99693243628333
7616,138.9893,0.11492341208193889,1.6616175634285708,62.058642524247006,83.08087817142854,0.0,0.0,0.0,4.6443904271618806,14.113287962958273
7617,152.8856,0.15921951115925603,1.3792431206795364,85.97853602599827,68.96215603397681,0.0,0.0,0.0,4.6443904271618806,14.152168083011855
7618,166.7863,0.18585945857022357,1.3166640791439606,100.36410762792073,65.83320395719802,0.5889884148812428,0.0,0.0,0.0,14.112862883486914
7619,166.7863,0.20256466520316282,1.2553327374826257,109.38491920970793,62.76663687413129,0.0,0.0,0.0,0.0,14.214367728316304
7620,152.8856,0.19556620553509219,1.1155245710049642,105.6057509889498,55.776228550248206,0.0,0.0,0.0,0.0,14.375110043922753
7621,125.0886,0.17112118968139894,0.9781955573480414,92.40544242795542,48.90977786740207,0.0,0.0,0.0,0.0,14.682100157618706
7622,111.1879,0.1294983402502769,0.9169636969266413,69.92910373514954,45.84818484633206,0.0,0.0,0.0,0.0,14.768926428079169
7623,111.1879,0.0770830127527611,0.9238471205559847,41.62482688649099,46.192356027799235,23.37071708570977,0.0,0.0,0.0,13.209319014952058
7624,138.9893,0.02305794004691141,0.9018872829740763,12.451287625332162,45.09436414870381,77.4,4.043648225964006,0.0,0.0,8.044153849786891
7625,152.8856,0.0,0.8318584092664094,0.0,41.59292046332047,77.4,33.89267953667954,0.0,0.0,2.878988684621725
7626,166.7863,0.0,0.7664352653061227,0.0,38.32176326530614,43.14164543905655,60.0,25.322891295637305,0.0,0.0
7627,152.8856,0.0,0.7192133498775508,0.0,35.96066749387754,0.0,60.0,56.924932506122474,0.0,0.0
7628,125.0886,0.0,0.6668228317617211,0.0,33.34114158808605,0.0,60.0,31.747458411913954,0.0,0.0
7629,97.2916,0.0,0.6205204586254829,0.0,31.026022931274145,0.0,60.0,6.265577068725861,0.0,0.0
7630,55.5939,0.0,0.6253456108725867,0.0,31.267280543629333,0.0,24.326619456370665,0.0,0.0,0.0
7631,41.6977,0.0,0.6791805832895751,0.0,33.95902916447876,0.0,7.738670835521241,0.0,0.0,0.0
7632,50.0345,0.0,0.7976061156183119,0.0,39.88030578091559,0.0,10.15419421908441,0.0,0.0,0.0
7633,41.6977,0.0,1.0801628145879756,0.0,54.00814072939878,0.0,0.0,0.0,0.0,0.2329002300156527
7634,33.3564,0.0,1.467974237476007,0.0,73.39871187380035,0.0,0.0,0.0,0.0,0.9904574816821459
7635,27.797,0.0,1.7616515521235516,0.0,88.08257760617758,0.0,0.0,0.0,0.0,2.1309954363936137
7636,27.797,0.0,1.8274071161081085,0.0,91.37035580540542,0.0,0.0,0.0,0.0,3.333734600279662
7637,27.797,0.0,1.7689014934451186,0.0,88.44507467225593,0.0,0.0,0.0,0.0,4.481130607592612
7638,41.6977,0.009382817137082694,1.6056741073756198,5.066721254024655,80.28370536878099,0.0,0.0,0.0,0.0,5.306993003159206
7639,83.3909,0.05566609640504198,1.2960822857142855,30.05969205872267,64.80411428571428,0.0,0.0,0.0,0.0,5.524047988053959
7640,138.9893,0.10551706578438244,0.8505116545482623,56.979215523566516,42.525582727413116,39.48450174902035,0.0,0.0,0.0,2.8891129364009487
7641,152.8856,0.14777125923942755,0.6520888763022615,79.79647998929087,32.60444381511308,40.48467619559605,0.0,0.0,0.0,0.18743284326807874
7642,166.7863,0.16920794509946,0.6594428725868723,91.3722903537084,32.97214362934361,2.8086811563721596,39.63318486057585,0.0,0.0,0.0
7643,166.7863,0.18191752769770736,0.6916107928428019,98.23546495676199,34.580539642140096,0.0,33.97029540109793,0.0,0.0,0.0
7644,152.8856,0.17908781236101587,0.6941055483552122,96.70741867494857,34.70527741776061,0.0,21.472903907290828,0.0,0.0,0.0
7645,125.0886,0.15728076606117786,0.671757250965251,84.93161367303605,33.58786254826255,0.0,6.569123778701396,0.0,0.0,0.0
7646,111.1879,0.11715786311207374,0.6903645052399339,63.26524608051982,34.51822526199669,0.0,13.404428657483479,0.0,0.0,0.0
7647,111.1879,0.06947340076918311,0.7356901911439604,37.515636415358884,36.78450955719802,0.0,36.887754027443094,0.0,0.0,0.0
7648,138.9893,0.02071279565035041,0.7433367032939878,11.184909651189223,37.16683516469939,0.0,60.0,30.637555184111363,0.0,0.0
7649,152.8856,0.0,0.6217256745372312,0.0,31.08628372686156,0.0,60.0,61.79931627313846,0.0,0.0
7650,166.7863,0.0,0.4956469973215666,0.0,24.78234986607833,0.0,60.0,82.00395013392168,0.0,0.0
7651,152.8856,0.0,0.4215038799426363,0.0,21.075193997131812,0.0,60.0,71.8104060028682,0.0,0.0
7652,125.0886,0.0,0.3702601902173192,0.0,18.51300951086596,0.0,60.0,46.57559048913404,0.0,0.0
7653,97.2916,0.0,0.3618697039426363,0.0,18.093485197131816,0.0,60.0,19.19811480286819,0.0,0.0
7654,55.5939,0.0,0.3839858777804745,0.0,19.199293889023725,0.0,36.39460611097627,0.0,0.0,0.0
7655,41.6977,0.0,0.45653217044897954,0.0,22.82660852244898,0.0,18.87109147755102,0.0,0.0,0.0
7656,50.0345,0.0,0.6109044324324326,0.0,30.545221621621632,0.0,19.48927837837837,0.0,0.0,0.0
7657,41.6977,0.0,0.8465021299856592,0.0,42.32510649928296,0.0,0.0,0.0,0.0,0.011869852689137123
7658,33.3564,0.0,1.1274131274131274,0.0,56.37065637065637,0.0,0.0,0.0,0.0,0.4472747029447982
7659,27.797,0.0,1.2913522795102044,0.0,64.56761397551021,0.0,0.0,0.0,0.0,1.142934967346343
7660,27.797,0.0,1.2929281310358522,0.0,64.64640655179261,0.0,0.0,0.0,0.0,1.840085902109987
7661,27.797,0.0,1.3566345034131275,0.0,67.83172517065637,0.0,0.0,0.0,0.0,2.597499621554837
7662,41.6977,0.008687900626642526,1.2662496130965255,4.691466338386964,63.312480654826274,0.0,0.0,0.0,0.0,3.0951853754804928
7663,83.3909,0.05205559642936994,0.9781955573480414,28.110022071859767,48.90977786740207,6.371100060738158,0.0,0.0,0.0,2.670020206262064
7664,138.9893,0.09864929306267763,0.5941860801235521,53.27061825384592,29.709304006177607,40.01025279083703,15.999124949139429,0.0,0.0,0.0
7665,152.8856,0.13913064605787964,0.3236161947181466,75.130548871255,16.18080973590733,0.0,60.0,1.5742413928376777,0.0,0.0
7666,166.7863,0.16266275507303926,0.20192071194263672,87.8378877394412,10.096035597131836,0.0,60.0,8.85237666342698,0.0,0.0
7667,166.7863,0.17260533279556753,0.14203390492664084,93.20687970960647,7.101695246332042,0.0,60.0,6.477725044061501,0.0,0.0
7668,152.8856,0.16071929151362702,0.12058478833314935,86.7884174173586,6.029239416657468,0.0,60.0,0.0679431659839338,0.0,0.0
7669,125.0886,0.13829336853969257,0.1465471663938225,74.67841901143399,7.327358319691125,0.0,43.08282266887488,0.0,0.0,0.0
7670,111.1879,0.105210364244078,0.22853704578047418,56.81359669180212,11.426852289023708,0.0,42.94745101917417,0.0,0.0,0.0
7671,111.1879,0.061984099063651044,0.4171742702702701,33.47141349437157,20.858713513513504,0.0,56.85777299211493,0.0,0.0,0.0
7672,138.9893,0.01845377711338625,0.6459803458223939,9.965039641228575,32.299017291119696,0.0,60.0,36.72524306765172,0.0,0.0
7673,152.8856,0.0,0.8491743938929951,0.0,42.45871969464975,0.0,60.0,50.42688030535027,0.0,0.0
7674,166.7863,0.0,1.0236660858775508,0.0,51.18330429387754,0.0,60.0,55.60299570612247,0.0,0.0
7675,152.8856,0.0,1.1603690907181463,0.0,58.01845453590732,0.0,60.0,34.86714546409269,0.0,0.0
7676,125.0886,0.0,1.2105287633756205,0.0,60.52643816878103,0.0,60.0,4.5621618312189725,0.0,0.0
7677,97.2916,0.0,1.2228205642625485,0.0,61.14102821312743,0.0,36.150571786872575,0.0,0.0,0.0
7678,55.5939,0.0,1.2693760390777715,0.0,63.46880195388857,0.0,0.0,0.0,0.0,0.14898463156005415
7679,41.6977,0.0,1.3646904031594045,0.0,68.23452015797022,0.0,0.0,0.0,0.0,0.6510325804946261
7680,50.0345,0.0,1.5132562658841695,0.0,75.66281329420848,0.0,0.0,0.0,0.0,1.1358925617364082
7681,41.6977,0.0,1.7256117683397691,0.0,86.28058841698845,0.0,0.0,0.0,0.0,1.979352612868622
7682,33.3564,0.0,2.103949749445118,0.0,105.1974874722559,0.0,0.0,0.0,0.0,3.338508321803193
7683,27.797,0.0,2.476196235119691,0.0,123.80981175598455,0.0,0.0,0.0,0.0,5.15496692259209
7684,27.797,0.0,2.558268694980695,0.0,127.91343474903476,0.0,0.0,0.0,0.0,7.049061634060315
7685,27.797,0.0,2.493359960286817,0.0,124.66799801434085,0.0,0.0,0.0,0.0,8.881756191088385
7686,41.6977,0.007696516799711791,2.3807829995102043,4.156119071844367,119.03914997551021,0.0,0.0,0.0,0.0,10.423602091984282
7687,83.3909,0.04822441202712002,2.068588605564258,26.04118249464481,103.42943027821289,0.0,0.0,0.0,0.0,11.295380441741049
7688,138.9893,0.09397336027685775,1.6563353902173186,50.74561454950319,82.81676951086592,5.426915939630874,0.0,0.0,0.0,10.93322388921313
7689,152.8856,0.13332977024566367,1.4298838277153891,71.9980759326584,71.49419138576945,9.393332681572161,0.0,0.0,0.0,10.306374861413852
7690,166.7863,0.15449089500208463,1.3421858795455044,83.42508330112571,67.10929397727521,16.251922721599072,0.0,0.0,0.0,9.221828800579747
7691,166.7863,0.16359968275550235,1.2460070884324321,88.34382868797127,62.300354421621606,16.142116890407152,0.0,0.0,0.0,8.144610456208232
7692,152.8856,0.15736484935408573,1.348599243931605,84.97701865120631,67.42996219658025,0.47861915221346857,0.0,0.0,0.0,8.11267057284397
7693,125.0886,0.13615558028068542,1.576311598455599,73.52401335157012,78.81557992277996,0.0,0.0,0.0,0.0,8.628229905061403
7694,111.1879,0.10311223557950952,1.9300811534826254,55.68060721293514,96.50405767413127,0.0,0.0,0.0,0.0,9.403844375897794
7695,111.1879,0.06160394859999332,2.074461613714286,33.266132243996395,103.7230806857143,0.0,0.0,0.0,0.0,9.891977323216645
7696,138.9893,0.01805992646144843,1.873743727691119,9.752360289182151,93.68718638455596,35.54975332626188,0.0,0.0,0.0,7.519621412221525
7697,152.8856,0.0,1.5866466155455037,0.0,79.33233077727519,73.55326922272482,0.0,0.0,0.0,2.6111616709652807
7698,166.7863,0.0,1.2740717832895754,0.0,63.70358916447877,39.12825763941473,60.0,3.9544531961065132,0.0,0.0
7699,152.8856,0.0,1.2059326414296747,0.0,60.296632071483735,0.0,60.0,32.58896792851627,0.0,0.0
7700,125.0886,0.0,1.486348314016547,0.0,74.31741570082735,0.0,50.771184299172646,0.0,0.0,0.0
7701,97.2916,0.0,1.6916969173215664,0.0,84.58484586607831,0.0,12.706754133921692,0.0,0.0,0.0
7702,55.5939,0.0,1.8700164018621073,0.0,93.50082009310536,0.0,0.0,0.0,0.0,0.7171579477073988
7703,41.6977,0.0,2.0374041263938225,0.0,101.87020631969112,0.0,0.0,0.0,0.0,1.8555567159177715
7704,50.0345,0.0,2.1896248085250964,0.0,109.48124042625483,0.0,0.0,0.0,0.0,2.9802247780361064
7705,41.6977,0.0,2.439925586321016,0.0,121.99627931605079,0.0,0.0,0.0,0.0,4.499387089420852
7706,33.3564,0.0,2.6862152315763925,0.0,134.31076157881964,0.0,0.0,0.0,0.0,6.409334470641763
7707,27.797,0.0,2.6108178313601766,0.0,130.54089156800885,0.0,0.0,0.0,0.0,8.35313782463112
7708,27.797,0.0,2.234117624833977,0.0,111.70588124169885,0.0,0.0,0.0,0.0,9.940603145420017
7709,27.797,0.0,1.9566472895752898,0.0,97.83236447876449,0.0,0.0,0.0,0.0,11.265596527450697
7710,41.6977,0.008145649061099505,1.7526088295642581,4.398650492993733,87.6304414782129,0.0,0.0,0.0,0.0,12.217812051230283
7711,83.3909,0.05152847387827867,1.3906082933127415,27.825375894270483,69.53041466563707,0.0,0.0,0.0,0.0,12.482012683444749
7712,138.9893,0.100153775982795,1.022233089976834,54.0830390307093,51.111654498841695,33.794606470449,0.0,0.0,0.0,10.226783689754459
7713,152.8856,0.14253267151431426,0.7690165334980694,76.9676426177297,38.45082667490347,37.46713070736685,0.0,0.0,0.0,7.726474666907155
7714,166.7863,0.1652599000001223,0.6205204586254829,89.24034600006605,31.026022931274145,46.519931068659815,0.0,0.0,0.0,4.622041495825419
7715,166.7863,0.18216828097609647,0.5275485470358521,98.3708717270921,26.377427351792605,42.03800092111531,0.0,0.0,0.0,1.816702762350924
7716,152.8856,0.17595207517071582,0.46873464050303365,95.01412059218654,23.43673202515168,27.223290893828594,7.211456488833189,0.0,0.0,0.0
7717,125.0886,0.1548783507210499,0.48326288361831193,83.63430938936695,24.163144180915598,0.0,17.291146429717458,0.0,0.0,0.0
7718,111.1879,0.11912400734768604,0.5506699841235522,64.32696396775046,27.53349920617761,0.0,19.32743682607193,0.0,0.0,0.0
7719,111.1879,0.07102981299525578,0.6374585894054055,38.35609901743812,31.87292947027027,0.0,40.95887151229161,0.0,0.0,0.0
7720,138.9893,0.02036907246894353,0.6903645052399339,10.999299133229506,34.51822526199669,0.0,60.0,33.471775604773796,0.0,0.0
7721,152.8856,0.0,0.6350302614451182,0.0,31.75151307225591,0.0,60.0,61.13408692774411,0.0,0.0
7722,166.7863,0.0,0.47096218983783794,0.0,23.548109491891896,0.0,60.0,83.23819050810812,0.0,0.0
7723,152.8856,0.0,0.29225979040264777,0.0,14.612989520132388,0.0,60.0,78.27261047986764,0.0,0.0
7724,125.0886,0.0,0.24785445559845537,0.0,12.392722779922769,0.0,60.0,52.695877220077236,0.0,0.0
7725,97.2916,0.0,0.2703869344335355,0.0,13.519346721676776,0.0,60.0,23.772253278323234,0.0,0.0
7726,55.5939,0.0,0.3629161825570878,0.0,18.14580912785439,0.0,37.44809087214561,0.0,0.0,0.0
7727,41.6977,0.0,0.5799668075102041,0.0,28.998340375510207,0.0,12.69935962448979,0.0,0.0,0.0
7728,50.0345,0.0,0.9279863432895756,0.0,46.39931716447878,0.0,3.6351828355212206,0.0,0.0,0.0
7729,41.6977,0.0,1.4200199608339765,0.0,71.00099804169882,0.0,0.0,0.0,0.0,0.5543867197078156
7730,33.3564,0.0,2.058818462464424,0.0,102.94092312322121,0.0,0.0,0.0,0.0,1.8708506706876764
7731,27.797,0.0,2.719835806711527,0.0,135.99179033557635,0.0,0.0,0.0,0.0,3.917779136495878
7732,27.797,0.0,3.113971377667954,0.0,155.6985688833977,0.0,0.0,0.0,19.01267999450883,5.977839196555938
7733,27.797,0.0,3.1942730413678975,0.0,159.71365206839488,0.0,0.0,0.0,23.027763179505996,8.037899256615997
7734,41.6977,0.00881945355390583,3.1115552326883615,4.762504919109149,155.57776163441807,0.0,0.0,0.0,9.753677664638332,10.097959316676057
7735,83.3909,0.05782479591754029,2.85652123576834,31.22538979547176,142.82606178841698,0.0,0.0,0.0,9.753677664638332,11.813158941236114
7736,138.9893,0.11252210135865273,2.2996367743011588,60.76193473367248,114.98183871505793,0.0,0.0,0.0,9.753677664638332,12.508513844320204
7737,152.8856,0.15828315101094445,1.80719412244898,85.47290154591,90.359706122449,0.0,0.0,0.0,9.753677664638332,12.942646421829698
7738,166.7863,0.18524803011534793,1.4813271059768343,100.03393626228788,74.06635529884171,0.0,0.0,0.0,9.753677664638332,13.081019235148366
7739,166.7863,0.20028632793268444,1.2028725868725867,108.15461708364961,60.143629343629335,0.0,0.0,0.0,9.753677664638332,13.109623627015806
7740,152.8856,0.19094304656526617,0.8828322224644234,103.10924514524373,44.14161112322117,5.63474373153511,0.0,0.0,0.0,12.733598019305754
7741,125.0886,0.16810864864553698,0.5977568534451189,90.77867026858998,29.887842672255942,4.42208705915408,0.0,0.0,0.0,12.4384971144573
7742,111.1879,0.12963870696841426,0.44551087871152784,70.0049017629437,22.27554393557639,18.907454301479902,0.0,0.0,0.0,11.176738402313163
7743,111.1879,0.07791214343051527,0.5160925865725315,42.07255745247824,25.80462932862658,43.310713218895174,0.0,0.0,0.0,8.286467249901072
7744,138.9893,0.022427717412709828,0.5953756278610038,12.110967402863306,29.76878139305019,77.4,19.70955120408648,0.0,0.0,3.1213020847359063
7745,152.8856,0.0,0.6472006133480418,0.0,32.36003066740209,46.77271173976755,60.0,13.752857592830367,0.0,0.0
7746,166.7863,0.0,0.7318768484324325,0.0,36.59384242162162,0.0,60.0,70.1924575783784,0.0,0.0
7747,152.8856,0.0,0.8305316648736901,0.0,41.526583243684506,0.0,60.0,51.3590167563155,0.0,0.0
7748,125.0886,0.0,0.8828322224644234,0.0,44.14161112322117,0.0,60.0,20.946988876778832,0.0,0.0
7749,97.2916,0.0,0.8679646204258139,0.0,43.3982310212907,0.0,53.893368978709304,0.0,0.0,0.0
7750,55.5939,0.0,0.7989141842250416,0.0,39.94570921125208,0.0,15.648190788747918,0.0,0.0,0.0
7751,41.6977,0.0,0.7989141842250416,0.0,39.94570921125208,0.0,1.7519907887479178,0.0,0.0,0.0
7752,50.0345,0.0,0.9224689083022618,0.0,46.12344541511309,0.0,3.9110545848869123,0.0,0.0,0.0
7753,41.6977,0.0,1.1199768295642585,0.0,55.998841478212924,0.0,0.0,0.0,0.0,0.2705621360742986
7754,33.3564,0.0,1.3502046458775514,0.0,67.51023229387756,0.0,0.0,0.0,0.0,0.9167157200125227
7755,27.797,0.0,1.5849219768339768,0.0,79.24609884169884,0.0,0.0,0.0,0.0,1.8900770494500683
7756,27.797,0.0,1.7816226501400991,0.0,89.08113250700495,0.0,0.0,0.0,0.0,3.0495065833663784
7757,27.797,0.0,1.8274071161081085,0.0,91.37035580540542,0.0,0.0,0.0,0.0,4.252245747252427
7758,41.6977,0.008510354970562004,1.7562232928582455,4.595591684103482,87.81116464291227,0.0,0.0,0.0,0.0,5.2116062723581305
7759,83.3909,0.057804590700976786,1.5318810215642575,31.214478978527467,76.59405107821287,0.0,0.0,0.0,0.0,5.673561435593759
7760,138.9893,0.1124469970137369,1.1891421571671263,60.72137838741793,59.457107858356316,18.810813754225734,0.0,0.0,0.0,4.418251875752201
7761,152.8856,0.1572101300280922,0.9711624150204079,84.89347021516978,48.5581207510204,19.434009033809843,0.0,0.0,0.0,3.1213543759984574
7762,166.7863,0.18765022561155004,0.8909804550777719,101.33112183023702,44.54902275388859,20.906155415874395,0.0,0.0,0.0,1.7262155427736061
7763,166.7863,0.19908557206436467,0.8720103430777714,107.50620891475693,43.60051715388857,15.679573931354527,0.0,0.0,0.0,0.6798642627366005
7764,152.8856,0.1902743515342677,0.8733604292906786,102.74814982850457,43.66802146453393,6.469428706961509,0.0,0.0,0.0,0.2481372886317284
7765,125.0886,0.16492958771104024,0.880122209853282,89.06197736396173,44.0061104926641,0.0,0.0,0.0,0.0,0.3991005724057305
7766,111.1879,0.12666137588645432,0.9087287694826255,68.39714297868534,45.43643847413127,0.0,0.0,0.0,0.0,0.4491540052968557
7767,111.1879,0.07512032620885535,0.8199446765714287,40.56497615278189,40.99723382857143,6.7305727693733814,22.895117249273298,0.0,0.0,0.0
7768,138.9893,0.02155923837849401,0.6435419671439601,11.641988724386763,32.177098357198005,0.0,60.0,35.17021291841522,0.0,0.0
7769,152.8856,0.0,0.49903899778047467,0.0,24.951949889023734,0.0,60.0,67.93365011097627,0.0,0.0
7770,166.7863,0.0,0.45321860702040845,0.0,22.660930351020422,0.0,60.0,84.12536964897959,0.0,0.0
7771,152.8856,0.0,0.5001710490899063,0.0,25.008552454495316,0.0,60.0,67.8770475455047,0.0,0.0
7772,125.0886,0.0,0.6157067369972424,0.0,30.785336849862123,0.0,60.0,34.30326315013788,0.0,0.0
7773,97.2916,0.0,0.7141684403397681,0.0,35.70842201698841,0.0,60.0,1.5831779830115948,0.0,0.0
7774,55.5939,0.0,0.7976061156183119,0.0,39.88030578091559,0.0,15.713594219084406,0.0,0.0,0.0
7775,41.6977,0.0,0.8518496679536682,0.0,42.59248339768341,0.0,0.0,0.0,0.0,0.01692833455076725
7776,50.0345,0.0,0.9073589493127415,0.0,45.36794746563707,0.25367109324324727,4.412881441119681,0.0,0.0,0.0
7777,41.6977,0.0,1.0322804324324326,0.0,51.61402162162163,0.0,0.0,0.0,0.0,0.18760608473338228
7778,33.3564,0.0,1.2444556525714285,0.0,62.22278262857143,0.0,0.0,0.0,0.0,0.7337268371658147
7779,27.797,0.0,1.4646444247192498,0.0,73.2322212359625,0.0,0.0,0.0,0.0,1.5933121037921323
7780,27.797,0.0,1.5031404585725319,0.0,75.15702292862659,0.0,0.0,0.0,0.0,2.48931253757696
7781,27.797,0.0,1.4052804325030337,0.0,70.26402162515168,0.0,0.0,0.0,0.0,3.292742676431181
7782,41.6977,0.007596001806666366,1.2506662615686706,4.1018409755998375,62.53331307843353,0.0,0.0,0.0,0.0,3.764532347723704
7783,83.3909,0.05182125510585656,1.094841587715389,27.983477757162547,54.74207938576945,0.665342857068012,0.0,0.0,0.0,3.720131756661441
7784,138.9893,0.10205291630538652,0.9005212689156097,55.10857480490872,45.02606344578049,38.85466174931078,0.0,0.0,0.0,1.1272280696870811
7785,152.8856,0.14324625499944205,0.7923812818532815,77.35297769969871,39.619064092664075,16.89151262426091,19.022045583376315,0.0,0.0,0.0
7786,166.7863,0.1697595317982471,0.7767780956911201,91.67014717105343,38.83890478455601,0.0,36.277248044390575,0.0,0.0,0.0
7787,166.7863,0.17933099329721602,0.8186246707115277,96.83873638049666,40.93123353557638,0.0,29.016330083926988,0.0,0.0,0.0
7788,152.8856,0.1712493443800191,0.9114706956072811,92.47464596521031,45.57353478036406,0.0,14.83741925442564,0.0,0.0,0.0
7789,125.0886,0.14487613592236262,1.055389514872587,78.23311339807582,52.76947574362934,0.0,0.0,0.0,0.0,0.11188628105928677
7790,111.1879,0.11218209848806655,1.2615660751285163,60.57833318355595,63.07830375642581,0.0,0.0,0.0,0.0,0.34778130424813075
7791,111.1879,0.06869390469148841,1.3357856944291226,37.09470853340374,66.78928472145613,5.211502844158239,2.0924039009819007,0.0,0.0,0.0
7792,138.9893,0.01978344648487356,1.3389841404258136,10.683061101831724,66.94920702129068,0.0,60.0,1.3570318768775849,0.0,0.0
7793,152.8856,0.0,1.263126441266409,0.0,63.156322063320445,0.0,60.0,29.729277936679566,0.0,0.0
7794,166.7863,0.0,1.1483404829652508,0.0,57.41702414826254,0.0,60.0,49.36927585173747,0.0,0.0
7795,152.8856,0.0,1.094841587715389,0.0,54.74207938576945,0.0,60.0,38.14352061423057,0.0,0.0
7796,125.0886,0.0,1.0860248621467181,0.0,54.30124310733591,0.0,60.0,10.787356892664093,0.0,0.0
7797,97.2916,0.0,1.094841587715389,0.0,54.74207938576945,0.0,42.54952061423055,0.0,0.0,0.0
7798,55.5939,0.0,1.1815422537142857,0.0,59.07711268571428,0.0,0.0,0.0,0.0,0.06589861837837836
7799,41.6977,0.0,1.3679185482625478,0.0,68.3959274131274,0.0,0.0,0.0,0.0,0.5710002180861941
7800,50.0345,0.0,1.5660073098378382,0.0,78.30036549189191,0.0,0.0,0.0,0.0,1.1057598355003653
7801,41.6977,0.0,1.8255651583011585,0.0,91.27825791505792,0.0,0.0,0.0,0.0,2.04377039065011
7802,33.3564,0.0,2.181583280750139,0.0,109.07916403750694,0.0,0.0,0.0,0.0,3.4763632237921334
7803,27.797,0.0,2.5626266176458903,0.0,128.13133088229452,0.0,0.0,0.0,0.0,5.374580294538246
7804,27.797,0.0,2.758204633204633,0.0,137.91023166023163,0.0,0.0,0.0,1.224342771342748,7.434640354598306
7805,27.797,0.0,2.776358447196911,0.0,138.81792235984557,0.0,0.0,0.0,2.132033470956685,9.494700414658366
7806,41.6977,0.007652721467405521,2.6951592868571437,4.132469592398982,134.75796434285718,0.0,0.0,0.0,2.132033470956685,11.333481867487537
7807,83.3909,0.0545133321656159,2.454827289239934,29.437199369432587,122.74136446199671,0.0,0.0,0.0,2.132033470956685,12.6348701021362
7808,138.9893,0.10850280165408462,1.97573083287369,58.59151289320569,98.7865416436845,0.0,0.0,0.0,2.132033470956685,12.982765458239529
7809,152.8856,0.15348389490764563,1.7598412568428028,82.88130325012864,87.99206284214014,0.0,0.0,0.0,2.132033470956685,13.323074546471641
7810,166.7863,0.18396041314663436,1.8108612740165473,99.33862309918256,90.54306370082736,0.0,0.0,0.0,2.132033470956685,13.7600142967421
7811,166.7863,0.19943270294194224,1.8218838921389962,107.69365958864881,91.09419460694981,0.0,0.0,0.0,2.132033470956685,14.36544910584802
7812,152.8856,0.19376177123093805,1.7889111969111977,104.63135646470654,89.44555984555988,0.0,0.0,0.0,2.132033470956685,15.144744279285494
7813,125.0886,0.1695203125159522,1.767087693661335,91.5409687586142,88.35438468306674,0.0,0.0,0.0,2.132033470956685,16.181628803857837
7814,111.1879,0.1294650430580675,1.767087693661335,69.91112325135646,88.35438468306674,0.0,0.0,0.0,2.132033470956685,17.072286251265844
7815,111.1879,0.07652111886966524,1.7345889641478214,41.32140418961923,86.72944820739107,0.0,0.0,0.0,2.132033470956685,17.39131508039847
7816,138.9893,0.021567901270672263,1.6528182583210145,11.646666686163023,82.64091291605072,44.70172039778623,0.0,0.0,0.0,14.408217289421746
7817,152.8856,0.0,1.4913771031439604,0.0,74.56885515719802,77.4,0.9167448428019895,0.0,0.0,9.243052124256579
7818,166.7863,0.0,1.3453909134826256,0.0,67.26954567413128,77.4,22.116754325868726,0.0,0.0,4.077886959091413
7819,152.8856,0.0,1.2584477813480417,0.0,62.92238906740209,61.10713608198482,28.856074850613098,0.0,0.0,0.0
7820,125.0886,0.0,1.2897772449111968,0.0,64.48886224555984,0.0,60.0,0.5997377544401559,0.0,0.0
7821,97.2916,0.0,1.2834852715455045,0.0,64.17426357727523,0.0,33.117336422724776,0.0,0.0,0.0
7822,55.5939,0.0,1.3278039757308326,0.0,66.39019878654163,0.0,0.0,0.0,0.0,0.20425430136700387
7823,41.6977,0.0,1.5200170492399336,0.0,76.00085246199669,0.0,0.0,0.0,0.0,0.8532328614588331
7824,50.0345,0.0,1.7508029101467173,0.0,87.54014550733586,0.0,0.0,0.0,0.0,1.562799127813836
7825,41.6977,0.0,1.9833894429652503,0.0,99.16947214826251,0.0,0.0,0.0,0.0,2.650102925213397
7826,33.3564,0.0,2.2381846623099837,0.0,111.90923311549919,0.0,0.0,0.0,0.0,4.136237605776896
7827,27.797,0.0,2.4998120952939877,0.0,124.99060476469938,0.0,0.0,0.0,0.0,5.975035533757695
7828,27.797,0.0,2.593239797939327,0.0,129.66198989696636,0.0,0.0,0.0,0.0,7.902211018294897
7829,27.797,0.0,2.5560911745482624,0.0,127.80455872741312,0.0,0.0,0.0,0.0,9.794245913137848
7830,41.6977,0.007496989785064306,2.40182024500386,4.048374483934726,120.091012250193,0.0,0.0,0.0,0.0,11.353953499999724
7831,83.3909,0.05454745487923236,2.058818462464424,29.455625634785473,102.94092312322121,0.0,0.0,0.0,0.0,12.281087395421473
7832,138.9893,0.10931730962831951,1.5403807251274135,59.03134719929254,77.01903625637068,2.938916544336763,0.0,0.0,0.0,12.084963501905506
7833,152.8856,0.15504156585957699,1.2615660751285163,83.72244556417158,63.07830375642581,6.084850679402621,0.0,0.0,0.0,11.678900727170596
7834,166.7863,0.1867386690459404,1.2756386602713732,100.83888128480781,63.78193301356866,2.1654857016235383,0.0,0.0,0.0,11.534390503505362
7835,166.7863,0.20332406515313797,1.2522209418378376,109.7949951826945,62.611047091891884,0.0,0.0,0.0,0.0,11.640709951943483
7836,152.8856,0.19500967410799075,1.1588627207413125,105.305224018315,57.94313603706562,0.0,0.0,0.0,0.0,11.836762169207441
7837,125.0886,0.17012671980844904,1.0845581682868175,91.86842869656249,54.227908414340874,0.0,0.0,0.0,0.0,12.234205844278586
7838,111.1879,0.1295400050947753,1.0830922625482626,69.95160275117867,54.15461312741313,0.0,0.0,0.0,0.0,12.478606414954648
7839,111.1879,0.07680824360883509,1.0801628145879756,41.47645154877095,54.00814072939878,15.703307721830257,0.0,0.0,0.0,11.430671298382725
7840,138.9893,0.0221229892037296,1.038038937239934,11.946414170013982,51.90194686199669,75.14093896798931,0.0,0.0,0.0,6.416260956841896
7841,152.8856,0.0,0.9501785904644235,0.0,47.50892952322118,77.4,27.97667047677882,0.0,0.0,1.2510957916767298
7842,166.7863,0.0,0.880122209853282,0.0,44.0061104926641,18.747670438275794,60.0,44.032519069060115,0.0,0.0
7843,152.8856,0.0,0.880122209853282,0.0,44.0061104926641,0.0,60.0,48.879489507335904,0.0,0.0
7844,125.0886,0.0,0.874711271854385,0.0,43.73556359271925,0.0,60.0,21.35303640728074,0.0,0.0
7845,97.2916,0.0,0.8002229973215664,0.0,40.01114986607832,0.0,57.28045013392168,0.0,0.0,0.0
7846,55.5939,0.0,0.7344183430777715,0.0,36.72091715388858,0.0,18.87298284611142,0.0,0.0,0.0
7847,41.6977,0.0,0.7535732421400992,0.0,37.67866210700496,0.0,4.019037892995037,0.0,0.0,0.0
7848,50.0345,0.0,0.8612368565868722,0.0,43.06184282934361,0.0,6.97265717065639,0.0,0.0,0.0
7849,41.6977,0.0,1.10664144753668,0.0,55.332072376834,0.0,0.0,0.0,0.0,0.25794758550767033
7850,33.3564,0.0,1.4200199608339765,0.0,71.00099804169882,0.0,0.0,0.0,0.0,0.9701426835938642
7851,27.797,0.0,1.7544156237308335,0.0,87.72078118654167,0.0,0.0,0.0,0.0,2.1038358411770854
7852,27.797,0.0,1.941445124518478,0.0,97.07225622592391,0.0,0.0,0.0,0.0,3.414448796802673
7853,27.797,0.0,1.8924337144092676,0.0,94.62168572046338,0.0,0.0,0.0,0.0,4.678699607730358
7854,41.6977,0.0072443608467257165,1.6792809961478223,3.911954857231887,83.96404980739112,0.0,0.0,0.0,0.0,5.552343209493497
7855,83.3909,0.053701279957553506,1.3453909134826256,28.998691177078893,67.26954567413128,0.0,0.0,0.0,0.0,5.7959685012731486
7856,138.9893,0.10967188246438617,0.8937026031902922,59.22281653076853,44.68513015951461,35.081353309716846,0.0,0.0,0.0,3.4548705159733926
7857,152.8856,0.15538393140803858,0.5894349845956978,83.90732296034084,29.471749229784887,39.506527809874285,0.0,0.0,0.0,0.8184655903895228
7858,166.7863,0.1803606783140386,0.5367635382857142,97.39476628958084,26.83817691428571,12.264706871986998,30.28864992414646,0.0,0.0,0.0
7859,166.7863,0.19864796639824,0.6085075573127412,107.2699018550496,30.42537786563706,0.0,29.09102027931337,0.0,0.0,0.0
7860,152.8856,0.18779174398683937,0.7242699611428569,101.40754175289327,36.21349805714284,0.0,15.264560189963902,0.0,0.0,0.0
7861,125.0886,0.16379132449601003,0.8385033822393821,88.44731522784541,41.925169111969105,0.0,0.0,0.0,0.0,0.09996537940189633
7862,111.1879,0.12360007466609353,0.9390579383210153,66.74404031969051,46.95289691605076,0.0,0.0,0.0,0.0,0.14743365142943396
7863,111.1879,0.07226007692481726,0.9739733563022617,39.020441539401325,48.69866781511308,2.2092932666700675,21.259497378815517,0.0,0.0,0.0
7864,138.9893,0.020451725912075277,0.9335160154440157,11.04393199252065,46.67580077220079,0.0,60.0,21.269567235278544,0.0,0.0
7865,152.8856,0.0,0.8411666258532821,0.0,42.0583312926641,0.0,60.0,50.82726870733592,0.0,0.0
7866,166.7863,0.0,0.7204764051274133,0.0,36.02382025637066,0.0,60.0,70.76247974362934,0.0,0.0
7867,152.8856,0.0,0.6085075573127412,0.0,30.42537786563706,0.0,60.0,62.46022213436295,0.0,0.0
7868,125.0886,0.0,0.5286979768339768,0.0,26.43489884169884,0.0,60.0,38.65370115830116,0.0,0.0
7869,97.2916,0.0,0.4356500519536681,0.0,21.782502597683408,0.0,60.0,15.509097402316598,0.0,0.0
7870,55.5939,0.0,0.39675625464092684,0.0,19.83781273204634,0.0,35.75608726795366,0.0,0.0,0.0
7871,41.6977,0.0,0.4945177142857144,0.0,24.72588571428572,0.0,16.971814285714277,0.0,0.0,0.0
7872,50.0345,0.0,0.7331472289111968,0.0,36.657361445559836,0.0,13.377138554440165,0.0,0.0,0.0
7873,41.6977,0.0,1.0816271447192498,0.0,54.08135723596249,0.0,0.0,0.0,0.0,0.23428540716685803
7874,33.3564,0.0,1.4052804325030337,0.0,70.26402162515168,0.0,0.0,0.0,0.0,0.9325377081832413
7875,27.797,0.0,1.5952826359316057,0.0,79.76413179658029,0.0,0.0,0.0,0.0,1.9156996610915171
7876,27.797,0.0,1.6722052421400995,0.0,83.61026210700497,0.0,0.0,0.0,0.0,2.971626241494314
7877,27.797,0.0,1.658095251027027,0.0,82.90476255135135,0.0,0.0,0.0,0.0,4.014205533006367
7878,41.6977,0.006991321973227868,1.5849219768339768,3.775313865543049,79.24609884169884,0.0,0.0,0.0,0.0,4.796005503143376
7879,83.3909,0.05331381772977715,1.4020141388108112,28.78946157407966,70.10070694054056,0.0,0.0,0.0,0.0,5.089234907474029
7880,138.9893,0.10858599564532757,1.0294058638543848,58.63643764847689,51.47029319271924,28.882569158803843,0.0,0.0,0.0,3.161802864844476
7881,152.8856,0.15486056313045526,0.7242699611428569,83.62470409044585,36.21349805714284,33.04739785241132,0.0,0.0,0.0,0.956437642795005
7882,166.7863,0.1816957564697362,0.6097056386188636,98.11570849365756,30.48528193094318,14.33221807728315,23.853091498116108,0.0,0.0,0.0
7883,166.7863,0.20091599592178888,0.5172350490899065,108.49463779776599,25.861752454495324,0.0,32.42990974773869,0.0,0.0,0.0
7884,152.8856,0.1923396445330926,0.4334662460011031,103.86340804787001,21.673312300055155,0.0,27.348879652074842,0.0,0.0,0.0
7885,125.0886,0.16639267690865542,0.36815856852509654,89.85204553067393,18.407928426254827,0.0,16.82862604307124,0.0,0.0,0.0
7886,111.1879,0.12589998871846378,0.3043231595102043,67.98599390797044,15.216157975510214,0.0,27.985748116519346,0.0,0.0,0.0
7887,111.1879,0.07440081757091936,0.2625108836183121,40.176441488296454,13.125544180915604,0.0,57.88591433078794,0.0,0.0,0.0
7888,138.9893,0.02074395993526514,0.23334242471042482,11.201738365043175,11.667121235521241,0.0,60.0,56.120440399435566,0.0,0.0
7889,152.8856,0.0,0.23334242471042482,0.0,11.667121235521241,0.0,60.0,81.21847876447876,0.0,0.0
7890,166.7863,0.0,0.24688250242471035,0.0,12.344125121235518,0.0,60.0,94.44217487876449,0.0,0.0
7891,152.8856,0.0,0.27236240926640937,0.0,13.618120463320468,0.0,60.0,79.26747953667953,0.0,0.0
7892,125.0886,0.0,0.35873426144511866,0.0,17.936713072255934,0.0,60.0,47.15188692774407,0.0,0.0
7893,97.2916,0.0,0.4345578089266407,0.0,21.727890446332037,0.0,60.0,15.563709553667962,0.0,0.0
7894,55.5939,0.0,0.522957802537231,0.0,26.14789012686155,0.0,29.446009873138447,0.0,0.0,0.0
7895,41.6977,0.0,0.6841439602868172,0.0,34.20719801434086,0.0,7.490501985659137,0.0,0.0,0.0
7896,50.0345,0.0,0.880122209853282,0.0,44.0061104926641,0.0,6.028389507335902,0.0,0.0,0.0
7897,41.6977,0.0,1.1051636977385546,0.0,55.25818488692773,0.0,0.0,0.0,0.0,0.25654971407701116
7898,33.3564,0.0,1.2740717832895754,0.0,63.70358916447877,0.0,0.0,0.0,0.0,0.8306857252968798
7899,27.797,0.0,1.3566345034131275,0.0,67.83172517065637,0.0,0.0,0.0,0.0,1.58809944474173
7900,27.797,0.0,1.3071475914131274,0.0,65.35737957065638,0.0,0.0,0.0,0.0,2.298701220402797
7901,27.797,0.0,1.1438429151594045,0.0,57.19214575797022,0.0,0.0,0.0,0.0,2.854825599607639
7902,41.6977,0.006910935131220003,0.9349003471285163,3.7319049708588015,46.74501735642582,0.0,0.0,0.0,0.0,3.0209189949886994
7903,83.3909,0.05414846061971653,0.7016072725956978,29.240168734646925,35.08036362978489,19.07036763556819,0.0,0.0,0.0,1.7482885221446427
7904,138.9893,0.1093231965550018,0.4301956357153887,59.03452613970097,21.509781785769437,26.198103504337467,32.24688857019211,0.0,0.0,0.0
7905,152.8856,0.1563111483086402,0.24882705053723128,84.40802008666572,12.441352526861564,0.0,56.03622738647273,0.0,0.0,0.0
7906,166.7863,0.1828878692739453,0.19440719864092684,98.75944940793046,9.720359932046343,0.0,58.3064906600232,0.0,0.0,0.0
7907,166.7863,0.20125153507011,0.1402329266409267,108.67582893785941,7.011646332046335,0.0,51.098824730094265,0.0,0.0,0.0
7908,152.8856,0.1958279657020392,0.1179285250965252,105.74710147910118,5.89642625482626,0.0,41.24207226607257,0.0,0.0,0.0
7909,125.0886,0.17115993954084754,0.1429353207104249,92.42636735205768,7.146766035521244,0.0,25.51546661242108,0.0,0.0,0.0
7910,111.1879,0.13134817076609903,0.12769513340540523,70.92801221369348,6.384756670270261,0.0,33.87513111603626,0.0,0.0,0.0
7911,111.1879,0.0784610901001217,0.1241350521081079,42.36898865406572,6.206752605405395,0.0,60.0,2.6121587405288835,0.0,0.0
7912,138.9893,0.02201492285887719,0.15380057804743527,11.888058343793684,7.690028902371764,0.0,60.0,59.41121275383453,0.0,0.0
7913,152.8856,0.0,0.1629232079426365,0.0,8.146160397131826,0.0,60.0,84.73943960286817,0.0,0.0
7914,166.7863,0.0,0.1268041919470491,0.0,6.340209597352454,0.0,60.0,100.44609040264757,0.0,0.0
7915,152.8856,0.0,0.08820785053723104,0.0,4.4103925268615525,0.0,60.0,88.47520747313845,0.0,0.0
7916,125.0886,0.0,0.08648143369884173,0.0,4.324071684942086,0.0,60.0,60.764528315057916,0.0,0.0
7917,97.2916,0.0,0.08475743481081073,0.0,4.237871740540537,0.0,60.0,33.05372825945946,0.0,0.0
7918,55.5939,0.0,0.07361026255708764,0.0,3.6805131278543817,0.0,51.913386872145615,0.0,0.0,0.0
7919,41.6977,0.0,0.10210643478874785,0.0,5.105321739437393,0.0,36.592378260562604,0.0,0.0,0.0
7920,50.0345,0.0,0.14203390492664084,0.0,7.101695246332042,0.0,42.93280475366796,0.0,0.0,0.0
7921,41.6977,0.0,0.22949684566133496,0.0,11.474842283066748,0.0,30.222857716933248,0.0,0.0,0.0
7922,33.3564,0.0,0.39035898069498065,0.0,19.517949034749034,0.0,13.838450965250967,0.0,0.0,0.0
7923,27.797,0.0,0.5787864700540543,0.0,28.939323502702713,0.0,0.0,0.0,0.0,0.02161152572680808
7924,27.797,0.0,0.7141684403397681,0.0,35.70842201698841,0.0,0.0,0.0,0.0,0.17128707739956173
7925,27.797,0.0,0.7331472289111968,0.0,36.657361445559836,0.0,0.0,0.0,0.0,0.3389155371804235
7926,41.6977,0.00675599522160037,0.6423238555675675,3.6482374196642002,32.11619277837838,5.078649324648645,0.0,0.8546204773087771,0.0,0.0
7927,83.3909,0.05361820329595405,0.4933891227887478,28.953829779815184,24.66945613943739,0.0,29.76761408074743,0.0,0.0,0.0
7928,138.9893,0.10851147973968296,0.2882595269189191,58.5961990594288,14.412976345945955,0.0,60.0,5.980124594625238,0.0,0.0
7929,152.8856,0.1541621104105559,0.058343383510204204,83.2475396217002,2.9171691755102103,0.0,60.0,6.720891202789602,0.0,0.0
7930,166.7863,0.1842999194516045,0.0,99.52195650386643,0.0,0.0,60.0,7.264343496133577,0.0,0.0
7931,166.7863,0.20059851547554466,0.0,108.32319835679412,0.0,0.0,58.46310164320589,0.0,0.0,0.0
7932,152.8856,0.1945359233480531,0.0,105.04939860794869,0.0,0.0,47.83620139205132,0.0,0.0,0.0
7933,125.0886,0.1673865415862136,0.0,90.38873245655535,0.0,0.0,34.699867543444654,0.0,0.0,0.0
7934,111.1879,0.1280922959093201,0.0,69.16983979103284,0.0,0.0,42.01806020896716,0.0,0.0,0.0
7935,111.1879,0.07619492045686377,0.0,41.14525704670644,0.0,0.0,60.0,10.042642953293551,0.0,0.0
7936,138.9893,0.021006610634052788,0.0,11.343569742388507,0.0,0.0,60.0,67.64573025761148,0.0,0.0
7937,152.8856,0.0,0.002405269568670817,0.0,0.12026347843354085,0.0,60.0,92.76533652156647,0.0,0.0
7938,166.7863,0.0,0.0,0.0,0.0,0.0,60.0,106.78630000000001,0.0,0.0
7939,152.8856,0.0,0.0,0.0,0.0,0.0,60.0,92.88560000000001,0.0,0.0
7940,125.0886,0.0,0.0,0.0,0.0,0.0,60.0,65.0886,0.0,0.0
7941,97.2916,0.0,0.0,0.0,0.0,0.0,60.0,37.2916,0.0,0.0
7942,55.5939,0.0,0.0,0.0,0.0,0.0,55.5939,0.0,0.0,0.0
7943,41.6977,0.0,0.0,0.0,0.0,0.0,41.6977,0.0,0.0,0.0
7944,50.0345,0.0,0.1294788598610039,0.0,6.473942993050195,0.0,43.56055700694981,0.0,0.0,0.0
7945,41.6977,0.0,0.4031777453678985,0.0,20.158887268394928,0.0,21.53881273160507,0.0,0.0,0.0
7946,33.3564,0.0,0.6841439602868172,0.0,34.20719801434086,0.0,0.0,0.0,0.0,0.01609617864969195
7947,27.797,0.0,0.8720103430777714,0.0,43.60051715388857,0.0,0.0,0.0,0.0,0.3150816383178541
7948,27.797,0.0,0.9321324494296743,0.0,46.60662247148372,0.0,0.0,0.0,0.0,0.6709393607513299
7949,27.797,0.0,0.8720103430777714,0.0,43.60051715388857,0.0,0.0,0.0,0.0,0.969924820419492
7950,41.6977,0.006019721613790132,0.7192133498775508,3.2506496714466713,35.96066749387754,2.486382834675787,0.0,0.0,0.0,0.804000039994014
7951,83.3909,0.0497635532168816,0.4843852607964697,26.872318737116064,24.219263039823485,12.0479405993103,20.25137762375015,0.0,0.0,0.0
7952,138.9893,0.10227406211578859,0.17487575252509638,55.22799354252584,8.74378762625482,0.0,60.0,15.01751883121932,0.0,0.0
7953,152.8856,0.14864190835649008,0.0,80.26663051250465,0.0,0.0,60.0,12.618969487495363,0.0,0.0
7954,166.7863,0.17326335031984869,0.0,93.5622091727183,0.0,0.0,60.0,13.224090827281714,0.0,0.0
7955,166.7863,0.18977264838161373,0.0,102.47723012607142,0.0,0.0,60.0,4.309069873928593,0.0,0.0
7956,152.8856,0.18361061218393937,0.0,99.14973057932727,0.0,0.0,53.73586942067274,0.0,0.0,0.0
7957,125.0886,0.15719191136790184,0.044102441089906054,84.883632138667,2.2051220544953027,0.0,37.9998458068377,0.0,0.0,0.0
7958,111.1879,0.11945676665754654,0.17395257921235516,64.50665399507513,8.697628960617758,0.0,37.98361704430711,0.0,0.0,0.0
7959,111.1879,0.07044905363047362,0.23912995515940422,38.042488960455756,11.956497757970212,0.0,60.0,1.188913281574031,0.0,0.0
7960,138.9893,0.019982586400106705,0.23238007259569754,10.79059665605762,11.619003629784878,0.0,60.0,56.579699714157485,0.0,0.0
7961,152.8856,0.0,0.21042173708990625,0.0,10.521086854495312,0.0,60.0,82.3645131455047,0.0,0.0
7962,166.7863,0.0,0.19440719864092684,0.0,9.720359932046343,0.0,60.0,97.06594006795368,0.0,0.0
7963,152.8856,0.0,0.165672129976834,0.0,8.2836064988417,0.0,60.0,84.60199350115832,0.0,0.0
7964,125.0886,0.0,0.13215906156867083,0.0,6.607953078433542,0.0,60.0,58.48064692156646,0.0,0.0
7965,97.2916,0.0,0.09948861454826274,0.0,4.974430727413138,0.0,60.0,32.31716927258687,0.0,0.0
7966,55.5939,0.0,0.09948861454826274,0.0,4.974430727413138,0.0,50.61946927258686,0.0,0.0,0.0
7967,41.6977,0.0,0.1241350521081079,0.0,6.206752605405395,0.0,35.4909473945946,0.0,0.0,0.0
7968,50.0345,0.0,0.19160003039382248,0.0,9.580001519691123,0.0,40.45449848030888,0.0,0.0,0.0
7969,41.6977,0.0,0.3535218223938221,0.0,17.676091119691108,0.0,24.02160888030889,0.0,0.0,0.0
7970,33.3564,0.0,0.5846952315763926,0.0,29.23476157881963,0.0,4.121638421180371,0.0,0.0,0.0
7971,27.797,0.0,0.8438328745372311,0.0,42.19164372686156,0.0,0.0,0.0,0.0,0.2723310975352186
7972,27.797,0.0,1.022233089976834,0.0,51.111654498841695,0.0,0.0,0.0,0.0,0.7134191556214129
7973,27.797,0.0,1.0860248621467181,0.0,54.30124310733591,0.0,0.0,0.0,0.0,1.2148507819764165
7974,41.6977,0.005703830803608207,1.0641071106188635,3.0800686339484318,53.20535553094318,0.0,0.0,0.0,0.0,1.490834752663555
7975,83.3909,0.04854272827437153,0.9376713083552122,26.213073268160628,46.88356541776061,10.294261314078767,0.0,0.0,0.0,0.80386369399964
7976,138.9893,0.09931062500481982,0.671757250965251,53.627737502602706,33.58786254826255,12.045897454584605,39.72780249455013,0.0,0.0,0.0
7977,152.8856,0.14518429665780758,0.43674297529398803,78.3995201952161,21.837148764699403,0.0,52.648931040084506,0.0,0.0,0.0
7978,166.7863,0.17309607277605815,0.30331428769111957,93.4718792990714,15.165714384555978,0.0,58.148706316372625,0.0,0.0,0.0
7979,166.7863,0.18898002460166752,0.23912995515940422,102.04921328490046,11.956497757970212,0.0,52.78058895712934,0.0,0.0,0.0
7980,152.8856,0.18006088699996373,0.22374760507446215,97.23287897998041,11.187380253723108,0.0,44.46534076629649,0.0,0.0,0.0
7981,125.0886,0.15954791535473253,0.27632112534804204,86.15587429155556,13.816056267402102,0.0,25.116669441042333,0.0,0.0,0.0
7982,111.1879,0.11980778597975661,0.37131200204743536,64.69620442906857,18.565600102371768,0.0,27.926095468559666,0.0,0.0,0.0
7983,111.1879,0.07159762905282399,0.40532363169111996,38.66271968852496,20.266181584555998,0.0,52.258998726919046,0.0,0.0,0.0
7984,138.9893,0.019571694288141258,0.3369534396999451,10.56871491559628,16.847671984997255,0.0,60.0,51.57291309940645,0.0,0.0
7985,152.8856,0.0,0.19722003602426896,0.0,9.861001801213447,0.0,60.0,83.02459819878658,0.0,0.0
7986,166.7863,0.0,0.09253448228571447,0.0,4.626724114285723,0.0,60.0,102.15957588571428,0.0,0.0
7987,152.8856,0.0,0.07105228658797555,0.0,3.5526143293987773,0.0,60.0,89.33298567060123,0.0,0.0
7988,125.0886,0.0,0.10648163734804175,0.0,5.3240818674020876,0.0,60.0,59.764518132597914,0.0,0.0
7989,97.2916,0.0,0.14383735453723112,0.0,7.191867726861556,0.0,60.0,30.099732273138443,0.0,0.0
7990,55.5939,0.0,0.20192071194263672,0.0,10.096035597131836,0.0,45.49786440286816,0.0,0.0,0.0
7991,41.6977,0.0,0.3338657216458908,0.0,16.693286082294538,0.0,25.00441391770546,0.0,0.0,0.0
7992,50.0345,0.0,0.5541623744247105,0.0,27.708118721235525,0.0,22.326381278764476,0.0,0.0,0.0
7993,41.6977,0.0,0.8814768373480417,0.0,44.07384186740209,0.0,0.0,0.0,0.0,0.044954035329228745
7994,33.3564,0.0,1.230529180169884,0.0,61.52645900849421,0.0,0.0,0.0,0.0,0.5779010976520921
7995,27.797,0.0,1.4563345819393272,0.0,72.81672909696636,0.0,0.0,0.0,0.0,1.4296257021892935
7996,27.797,0.0,1.498093958001103,0.0,74.90469790005515,0.0,0.0,0.0,0.0,2.3208524192173643
7997,27.797,0.0,1.3971209343011584,0.0,69.85604671505791,0.0,0.0,0.0,0.0,3.116564113826568
7998,41.6977,0.005862261154154115,1.230529180169884,3.1656210232432223,61.52645900849421,0.0,0.0,0.0,0.0,3.551592925237817
7999,83.3909,0.05146682009026386,1.0150797914440155,27.79208284874249,50.75398957220077,4.844827579056741,0.0,0.0,0.0,3.22828110815028
8000,138.9893,0.10646121315091767,0.6668228317617211,57.48905510149554,33.34114158808605,48.1591033104184,0.0,0.0,0.0,0.014460400080983593
8001,152.8856,0.15182805729491694,0.42367274929067855,81.98715093925516,21.183637464533927,0.21668909521353913,49.49812250099738,0.0,0.0,0.0
8002,166.7863,0.18238566927891892,0.31140358156425796,98.48826141061622,15.570179078212899,0.0,52.72785951117089,0.0,0.0,0.0
8003,166.7863,0.19945141146967438,0.2902583569156094,107.70376219362416,14.512917845780471,0.0,44.56961996059539,0.0,0.0,0.0
8004,152.8856,0.19146303756693586,0.3215741904555986,103.39004028614536,16.07870952277993,0.0,33.416850191074715,0.0,0.0,0.0
8005,125.0886,0.16242275739775677,0.30937733040926646,87.70828899478866,15.468866520463322,0.0,21.911444484748017,0.0,0.0,0.0
8006,111.1879,0.12500372657153588,0.24980028745284058,67.50201234862938,12.49001437264203,0.0,31.195873278728598,0.0,0.0,0.0
8007,111.1879,0.07443214806439369,0.20192071194263672,40.193359954772596,10.096035597131836,0.0,60.0,0.8985044480955651,0.0,0.0
8008,138.9893,0.020564988111979425,0.16750786100386086,11.105093580468889,8.375393050193043,0.0,60.0,59.50881336933806,0.0,0.0
8009,152.8856,0.0,0.1465471663938225,0.0,7.327358319691125,0.0,60.0,85.5582416803089,0.0,0.0
8010,166.7863,0.0,0.20852819129398772,0.0,10.426409564699386,0.0,60.0,96.35989043530063,0.0,0.0
8011,152.8856,0.0,0.2972747755102041,0.0,14.863738775510205,0.0,60.0,78.02186122448981,0.0,0.0
8012,125.0886,0.0,0.40639758632101486,0.0,20.31987931605074,0.0,60.0,44.768720683949255,0.0,0.0
8013,97.2916,0.0,0.4488100932906787,0.0,22.440504664533936,0.0,60.0,14.85109533546607,0.0,0.0
8014,55.5939,0.0,0.45211545356425803,0.0,22.6057726782129,0.0,32.9881273217871,0.0,0.0,0.0
8015,41.6977,0.0,0.5138097480154441,0.0,25.690487400772206,0.0,16.007212599227792,0.0,0.0,0.0
8016,50.0345,0.0,0.6326048013061224,0.0,31.63024006530612,0.0,18.404259934693883,0.0,0.0,0.0
8017,41.6977,0.0,0.8265559282868173,0.0,41.32779641434087,0.0,0.0,0.36990358565913084,0.0,0.0
8018,33.3564,0.0,1.1244362269652515,0.0,56.22181134826258,0.0,0.0,0.0,0.0,0.43258886334550817
8019,27.797,0.0,1.371150001738555,0.0,68.55750008692775,0.0,0.0,0.0,0.0,1.2037334595846818
8020,27.797,0.0,1.4463904397837837,0.0,72.31952198918918,0.0,0.0,0.0,0.0,2.046051443163937
8021,27.797,0.0,1.3166640791439606,0.0,65.83320395719802,0.0,0.0,0.0,0.0,2.7656553018136294
8022,41.6977,0.005599519184303054,1.075774548262548,3.023740359523649,53.788727413127404,0.0,0.0,0.0,0.0,3.0516103677827036
8023,83.3909,0.05061428710727085,0.7936863746188637,27.331715037926262,39.68431873094318,16.374866231130554,0.0,0.0,0.0,1.9588598685414251
8024,138.9893,0.10443984320277387,0.45432244417870943,56.39751532949789,22.71612220893547,29.35351513009325,30.52214733147337,0.0,0.0,2.220446049250313e-16
8025,152.8856,0.14825189207056083,0.20192071194263672,80.05602171810285,10.096035597131836,3.327338404801594e-15,60.0,2.7335426847653252,0.0,0.0
8026,166.7863,0.17627106283582755,0.13215906156867083,95.18637393134688,6.607953078433542,0.0,60.0,4.991972990219594,0.0,0.0
8027,166.7863,0.19287889355530877,0.16383889230226129,104.15460251986674,8.191944615113064,0.0,54.43975286502021,0.0,0.0,0.0
8028,152.8856,0.18474581045440802,0.2507741665570876,99.76273764538034,12.538708327854382,0.0,40.58415402676529,0.0,0.0,0.0
8029,125.0886,0.15675746781037125,0.3535218223938221,84.64903261760047,17.676091119691108,0.0,22.763476262708423,0.0,0.0,0.0
8030,111.1879,0.11739252971002083,0.46317778013899624,63.39196604341125,23.158889006949813,0.0,24.637044949638934,0.0,0.0,0.0
8031,111.1879,0.06965239300565305,0.5069779089156092,37.612292223052656,25.34889544578046,0.0,48.22671233116688,0.0,0.0,0.0
8032,138.9893,0.020000330856005083,0.4720769950358523,10.800178662242745,23.603849751792616,0.0,60.0,44.58527158596462,0.0,0.0
8033,152.8856,0.0,0.40210581325096534,0.0,20.105290662548267,0.0,60.0,72.78030933745174,0.0,0.0
8034,166.7863,0.0,0.35560480451847765,0.0,17.780240225923883,0.0,60.0,89.00605977407614,0.0,0.0
8035,152.8856,0.0,0.3861075625725317,0.0,19.305378128626586,0.0,60.0,73.58022187137342,0.0,0.0
8036,125.0886,0.0,0.4855083276072809,0.0,24.275416380364046,0.0,60.0,40.81318361963595,0.0,0.0
8037,97.2916,0.0,0.5263998149189192,0.0,26.319990745945958,0.0,60.0,10.971609254054044,0.0,0.0
8038,55.5939,0.0,0.548345233862107,0.0,27.41726169310535,0.0,28.17663830689465,0.0,0.0,0.0
8039,41.6977,0.0,0.6338171730038609,0.0,31.690858650193043,0.0,10.006841349806955,0.0,0.0,0.0
8040,50.0345,0.0,0.7703082769156094,0.0,38.51541384578047,0.0,11.51908615421953,0.0,0.0,0.0
8041,41.6977,0.0,1.0467001389961388,0.0,52.33500694980694,0.0,0.0,0.0,0.0,0.20124634769905028
8042,33.3564,0.0,1.4200199608339765,0.0,71.00099804169882,0.0,0.0,0.0,0.0,0.9134414457852441
8043,27.797,0.0,1.7980416591285167,0.0,89.90208295642583,0.0,0.0,0.0,0.0,2.088402474690598
8044,27.797,0.0,1.9795583367413125,0.0,98.97791683706562,0.0,0.0,0.0,0.0,3.435068468905353
8045,27.797,0.0,1.9680866254296756,0.0,98.40433127148378,0.0,0.0,0.0,0.0,4.770882844311803
8046,41.6977,0.004769546871154932,1.842174599942637,2.5755553104236637,92.10872999713186,0.0,0.0,0.0,0.0,5.773331755535827
8047,83.3909,0.04433863222744897,1.525096525096525,23.942861402822448,76.25482625482624,0.0,0.0,0.0,0.0,6.091298008518369
8048,138.9893,0.09242648331982242,0.9923198020694981,49.91030099270411,49.61599010347491,39.46300890382096,0.0,0.0,0.0,3.457797247502622
8049,152.8856,0.13358469247469343,0.6631296039536678,72.13573393633445,33.15648019768339,47.59338586598217,0.0,0.0,0.0,0.2817287879776189
8050,166.7863,0.16045505602879617,0.5172350490899065,86.64573025554994,25.861752454495324,4.221705887844619,50.05711140211014,0.0,0.0,0.0
8051,166.7863,0.17791510273074612,0.42584433057253146,96.0741554746029,21.29221652862657,0.0,49.41992799677054,0.0,0.0,0.0
8052,152.8856,0.1723277897835017,0.3535218223938221,93.05700648309092,17.676091119691108,0.0,42.15250239721799,0.0,0.0,0.0
8053,125.0886,0.14803476924973283,0.3829260407104245,79.93877539485572,19.146302035521227,0.0,26.003522569623044,0.0,0.0,0.0
8054,111.1879,0.11184773247837378,0.410700152904578,60.39777553832184,20.5350076452289,0.0,30.25511681644926,0.0,0.0,0.0
8055,111.1879,0.06510574359651278,0.41393416923993404,35.1571015421169,20.696708461996703,0.0,55.3340899958864,0.0,0.0,0.0
8056,138.9893,0.01802887894261981,0.3797505482625484,9.735594629014697,18.98752741312742,0.0,60.0,50.26617795785788,0.0,0.0
8057,152.8856,0.0,0.31343245400110326,0.0,15.671622700055163,0.0,60.0,77.21397729994484,0.0,0.0
8058,166.7863,0.0,0.24106424858687264,0.0,12.053212429343633,0.0,60.0,94.73308757065638,0.0,0.0
8059,152.8856,0.0,0.19534418091560957,0.0,9.76720904578048,0.0,60.0,83.11839095421954,0.0,0.0
8060,125.0886,0.0,0.19909841329067854,0.0,9.954920664533926,0.0,60.0,55.13367933546607,0.0,0.0
8061,97.2916,0.0,0.24203235561831216,0.0,12.101617780915607,0.0,60.0,25.1899822190844,0.0,0.0
8062,55.5939,0.0,0.31749806949806963,0.0,15.874903474903482,0.0,39.718996525096514,0.0,0.0,0.0
8063,41.6977,0.0,0.42475820083397686,0.0,21.237910041698843,0.0,20.459789958301155,0.0,0.0,0.0
8064,50.0345,0.0,0.5553279093480419,0.0,27.766395467402095,0.0,22.268104532597906,0.0,0.0,0.0
8065,41.6977,0.0,0.7767780956911201,0.0,38.83890478455601,0.0,2.8587952154439904,0.0,0.0,0.0
8066,33.3564,0.0,1.0918995230358521,0.0,54.59497615179261,0.0,0.0,0.0,0.0,0.4018109001690493
8067,27.797,0.0,1.371150001738555,0.0,68.55750008692775,0.0,0.0,0.0,0.0,1.172955496408223
8068,27.797,0.0,1.454675129822394,0.0,72.7337564911197,0.0,0.0,0.0,0.0,2.0231103489429203
8069,27.797,0.0,1.3841089332597905,0.0,69.20544666298952,0.0,0.0,0.0,0.0,2.8065133939183977
8070,41.6977,0.0045522615905531,1.2506662615686706,2.4582212588986736,62.53331307843353,0.0,0.0,0.0,0.0,3.247207557057115
8071,83.3909,0.04377890555041842,1.017938775510204,23.640608997225947,50.8969387755102,8.853352227263855,0.0,0.0,0.0,2.656393260943411
8072,138.9893,0.09365799565079791,0.7066229871196913,50.57531765143087,35.331149355984564,39.806053015237005,13.276779977347537,0.0,0.0,0.0
8073,152.8856,0.13654641159295416,0.5413878121478213,73.73506226019525,27.069390607391064,0.0,52.08114713241369,0.0,0.0,0.0
8074,166.7863,0.1633549729138669,0.4888816679536676,88.21168537348814,24.44408339768338,0.0,54.13053122882849,0.0,0.0,0.0
8075,166.7863,0.18527709656845104,0.5206666121389958,100.04963214696356,26.03333060694979,0.0,40.70333724608666,0.0,0.0,0.0
8076,152.8856,0.17870393703513898,0.5835120640000001,96.50012599897505,29.175603200000005,0.0,27.209870801024948,0.0,0.0,0.0
8077,125.0886,0.1552280752639811,0.6435419671439601,83.82316064254981,32.177098357198005,0.0,9.088341000252186,0.0,0.0,0.0
8078,111.1879,0.11808688461388776,0.7407849266409269,63.766917691499394,37.039246332046346,0.0,10.381735976454266,0.0,0.0,0.0
8079,111.1879,0.06989606901302861,0.8318584092664094,37.74387726703545,41.59292046332047,0.0,31.851102269644073,0.0,0.0,0.0
8080,138.9893,0.020006107181455315,0.8505116545482623,10.80329787798587,42.525582727413116,0.0,60.0,25.660419394601007,0.0,0.0
8081,152.8856,0.0,0.8937026031902922,0.0,44.68513015951461,0.0,60.0,48.2004698404854,0.0,0.0
8082,166.7863,0.0,0.9767873848339768,0.0,48.83936924169884,0.0,60.0,57.946930758301164,0.0,0.0
8083,152.8856,0.0,0.9739733563022617,0.0,48.69866781511308,0.0,60.0,44.18693218488693,0.0,0.0
8084,125.0886,0.0,0.9894887633756202,0.0,49.474438168781006,0.0,60.0,15.614161831218993,0.0,0.0
8085,97.2916,0.0,1.0050978416679537,0.0,50.254892083397685,0.0,47.03670791660232,0.0,0.0,0.0
8086,55.5939,0.0,1.1274131274131274,0.0,56.37065637065637,0.0,0.0,0.0,0.0,0.014695390796201635
8087,41.6977,0.0,1.3971209343011584,0.0,69.85604671505791,0.0,0.0,0.0,0.0,0.5474208691891892
8088,50.0345,0.0,1.7508029101467173,0.0,87.54014550733586,0.0,0.0,0.0,0.0,1.256987135544192
8089,41.6977,0.0,2.2199122117683388,0.0,110.99561058841694,0.0,0.0,0.0,0.0,2.5680286872169447
8090,33.3564,0.0,2.6616992959470487,0.0,133.08496479735243,0.0,0.0,0.0,0.0,4.454785318518207
8091,27.797,0.0,2.8912469493480417,0.0,144.56234746740208,0.0,0.0,0.0,7.876458578513194,6.514845378578267
8092,27.797,0.0,2.940238037780474,0.0,147.0119018890237,0.0,0.0,0.0,10.326013000134822,8.574905438638327
8093,27.797,0.0,2.787736465862107,0.0,139.38682329310535,0.0,0.0,0.0,2.7009344042164685,10.634965498698387
8094,41.6977,0.0044548741797499946,2.4804814472895744,2.4056320570649974,124.02407236447873,0.0,0.0,0.0,2.7009344042164685,12.238003420187052
8095,83.3909,0.04294641104664707,2.054916771618313,23.19106196518942,102.74583858091566,0.0,0.0,0.0,2.7009344042164685,13.042927754843094
8096,138.9893,0.09217867620191077,1.603940053780475,49.776485149031814,80.19700268902376,9.01581216194441,0.0,0.0,0.0,12.441271954913537
8097,152.8856,0.1356425744921858,1.4052804325030337,73.24699022578034,70.26402162515168,9.37458814906799,0.0,0.0,0.0,11.815673813500926
8098,166.7863,0.16248423448463054,1.3278039757308326,87.74148662170049,66.39019878654163,12.654614591757905,0.0,0.0,0.0,10.971188355258823
8099,166.7863,0.1864194365974458,1.1845798079470486,100.66649576262074,59.22899039735243,6.890813840026823,0.0,0.0,0.0,10.51134091848693
8100,152.8856,0.17722488791219954,0.9655497874285712,95.70143947258775,48.27748937142856,8.906671155983702,0.0,0.0,0.0,9.916968468971834
8101,125.0886,0.15218606917374775,0.8318584092664094,82.18047735382378,41.59292046332047,1.3152021828557565,0.0,0.0,0.0,9.82920055553468
8102,111.1879,0.11571325007240313,0.8814768373480417,62.4851550390977,44.07384186740209,4.628903093500213,0.0,0.0,0.0,9.52029811352599
8103,111.1879,0.06800477807707615,0.9824247104247104,36.722580161621124,49.12123552123552,25.344084317143356,0.0,0.0,0.0,7.82900119546504
8104,138.9893,0.018726567511577544,1.151342847293988,10.112346456251874,57.5671423646994,71.30981117904871,0.0,0.0,0.0,3.070255037370364
8105,152.8856,0.0,1.3293986750270266,0.0,66.46993375135133,46.007771734994904,40.40789451365377,0.0,0.0,0.0
8106,166.7863,0.0,1.4150992875102042,0.0,70.75496437551021,0.0,60.0,36.0313356244898,0.0,0.0
8107,152.8856,0.0,1.3278039757308326,0.0,66.39019878654163,0.0,60.0,26.49540121345838,0.0,0.0
8108,125.0886,0.0,1.1876205714285715,0.0,59.38102857142857,0.0,60.0,5.707571428571427,0.0,0.0
8109,97.2916,0.0,1.0626522163397683,0.0,53.13261081698841,0.0,44.15898918301159,0.0,0.0,0.0
8110,55.5939,0.0,1.025099861003861,0.0,51.25499305019305,0.0,4.3389069498069475,0.0,0.0,0.0
8111,41.6977,0.0,1.0279697497804743,0.0,51.398487489023715,0.0,0.0,0.0,0.0,0.18352841195450276
8112,50.0345,0.0,1.1348692818532817,0.0,56.743464092664084,0.0,0.0,0.0,0.0,0.31045475965355296
8113,41.6977,0.0,1.4579948725868728,0.0,72.89974362934363,0.0,0.0,0.0,0.0,0.9007636931816758
8114,33.3564,0.0,1.9585515991969105,0.0,97.92757995984552,0.0,0.0,0.0,0.0,2.1223806113409154
8115,27.797,0.0,2.42930998345284,0.0,121.465499172642,0.0,0.0,0.0,0.0,3.894487352444953
8116,27.797,0.0,2.7153403910777714,0.0,135.76701955388856,0.0,0.0,0.0,0.0,5.937163398059061
8117,27.797,0.0,2.70411892071925,0.0,135.2059460359625,0.0,0.0,0.0,0.0,7.969224539279974
8118,41.6977,0.003949432351478436,2.376586872586873,2.1326934697983555,118.82934362934365,0.0,0.0,0.0,0.0,9.468820106020498
8119,83.3909,0.04012723359707785,1.8718796205184784,21.668706142422042,93.59398102592392,0.0,0.0,0.0,0.0,10.071799863259475
8120,138.9893,0.08787418434312187,1.1845798079470486,47.45205954528581,59.22899039735243,32.30825005736173,0.0,0.0,0.0,7.9157604867254925
8121,152.8856,0.1297522854984074,0.7078787383210148,70.06623416913999,35.39393691605074,47.42542891480929,0.0,0.0,0.0,4.750900365617098
8122,166.7863,0.1560153014585949,0.522957802537231,84.24826278764125,26.14789012686155,56.390147085497205,0.0,0.0,0.0,0.9877941203386724
8123,166.7863,0.17796831324596102,0.46650983783783795,96.10288915281895,23.325491891891897,14.802094893275006,32.55582406201416,0.0,0.0,0.0
8124,152.8856,0.17254281749293066,0.49677697210810806,93.17312144618256,24.838848605405403,0.0,34.873629948412045,0.0,0.0,0.0
8125,125.0886,0.1518456212198509,0.6643599577804742,81.9966354587195,33.21799788902371,0.0,9.873966652256797,0.0,0.0,0.0
8126,111.1879,0.11544220557738138,0.9032540578312188,62.33879101178595,45.16270289156094,0.0,3.6864060966531014,0.0,0.0,0.0
8127,111.1879,0.06843145610013067,1.017938775510204,36.95298629407056,50.8969387755102,0.0,23.337974930419236,0.0,0.0,0.0
8128,138.9893,0.018711722069124165,1.025099861003861,10.10432991732705,51.25499305019305,0.0,60.0,17.629977032479886,0.0,0.0
8129,152.8856,0.0,1.0394805162713734,0.0,51.97402581356867,0.0,60.0,40.91157418643134,0.0,0.0
8130,166.7863,0.0,1.0582922423210146,0.0,52.91461211605073,0.0,60.0,53.87168788394928,0.0,0.0
8131,152.8856,0.0,0.9909038955455047,0.0,49.545194777275235,0.0,60.0,43.34040522272477,0.0,0.0
8132,125.0886,0.0,0.8545279538621069,0.0,42.72639769310535,0.0,60.0,22.36220230689466,0.0,0.0
8133,97.2916,0.0,0.721740191947049,0.0,36.08700959735245,0.0,60.0,1.204590402647554,0.0,0.0
8134,55.5939,0.0,0.6085075573127412,0.0,30.42537786563706,0.0,25.168522134362938,0.0,0.0,0.0
8135,41.6977,0.0,0.5752496988416986,0.0,28.76248494208493,0.0,12.935215057915066,0.0,0.0,0.0
8136,50.0345,0.0,0.6816608217804743,0.0,34.083041089023716,0.0,15.951458910976285,0.0,0.0,0.0
8137,41.6977,0.0,0.9321324494296743,0.0,46.60662247148372,0.0,0.0,0.0,0.0,0.09287150621725958
8138,33.3564,0.0,1.2351640520154443,0.0,61.758202600772215,0.0,0.0,0.0,0.0,0.6302029067724096
8139,27.797,0.0,1.488023734433536,0.0,74.40118672167681,0.0,0.0,0.0,0.0,1.511903736641971
8140,27.797,0.0,1.5883721090965246,0.0,79.41860545482623,0.0,0.0,0.0,0.0,2.488528704706251
8141,27.797,0.0,1.5694386612597901,0.0,78.4719330629895,0.0,0.0,0.0,0.0,3.447243654546593
8142,41.6977,0.0036564187569224664,1.4746439448428024,1.974466128738132,73.73219724214012,0.0,0.0,0.0,0.0,4.090656475076722
8143,83.3909,0.03789760488406113,1.2897772449111968,20.46470663739301,64.48886224555984,0.0,0.0,0.0,0.0,4.120220480970424
8144,138.9893,0.08244790517619159,0.9810142199316052,44.52186879514346,49.05071099658026,45.416720208276274,0.0,0.0,0.0,1.0894083215926278
8145,152.8856,0.12188611681018162,0.9032540578312188,65.81850307749808,45.16270289156094,16.324783699065524,25.579610331875468,0.0,0.0,0.0
8146,166.7863,0.14602626615942324,1.154348402232763,78.85418372608855,57.71742011163815,0.0,30.214696162273327,0.0,0.0,0.0
8147,166.7863,0.1668146058140221,1.538679087020408,90.07988713957194,76.93395435102039,0.0,0.0,0.0,0.0,0.004304839011205703
8148,152.8856,0.16392793123679583,1.7889111969111977,88.52108286786975,89.44555984555988,0.0,0.0,0.0,0.0,0.4788110525085227
8149,125.0886,0.14001005900152746,1.8403255687413127,75.60543186082482,92.01627843706564,0.0,0.0,0.0,0.0,1.2834915176037474
8150,111.1879,0.10511573958076528,1.777983646429123,56.76249937361325,88.89918232145615,0.0,0.0,0.0,0.0,1.9356981983212767
8151,111.1879,0.06081577667165548,1.7220269925030345,32.840519402693964,86.10134962515173,0.0,0.0,0.0,0.0,2.082394909658898
8152,138.9893,0.01702660252473313,1.681052099282956,9.19436536335589,84.0526049641478,31.20468772123858,14.537641951257715,0.0,0.0,0.0
8153,152.8856,0.0,1.666907512163265,0.0,83.34537560816325,0.0,60.0,9.540224391836759,0.0,0.0
8154,166.7863,0.0,1.523402519545505,0.0,76.17012597727525,0.0,60.0,30.616174022724763,0.0,0.0
8155,152.8856,0.0,1.4167386784335358,0.0,70.83693392167679,0.0,60.0,22.048666078323222,0.0,0.0
8156,125.0886,0.0,1.4282377632829568,0.0,71.41188816414784,0.0,53.67671183585216,0.0,0.0,0.0
8157,97.2916,0.0,1.4596560019768339,0.0,72.9828000988417,0.0,24.30879990115831,0.0,0.0,0.0
8158,55.5939,0.0,1.6563353902173186,0.0,82.81676951086592,0.0,0.0,0.0,0.0,0.5150272610163824
8159,41.6977,0.0,1.960456807077772,0.0,98.0228403538886,0.0,0.0,0.0,0.0,1.580638024468329
8160,50.0345,0.0,2.1996974930038604,0.0,109.98487465019302,0.0,0.0,0.0,0.0,2.7148343016341427
8161,41.6977,0.0,2.4633634513756197,0.0,123.16817256878099,0.0,0.0,0.0,0.0,4.2561675664489185
8162,33.3564,0.0,2.758204633204633,0.0,137.91023166023163,0.0,0.0,0.0,0.0,6.234213030291139
8163,27.797,0.0,2.8703847862857153,0.0,143.51923931428576,0.0,0.0,0.0,6.833350425396873,8.294273090351199
8164,27.797,0.0,2.7945750635102042,0.0,139.7287531755102,0.0,0.0,0.0,3.042864286621324,10.354333150411259
8165,27.797,0.0,2.593239797939327,0.0,129.66198989696636,0.0,0.0,0.0,3.042864286621324,12.28150863494846
8166,41.6977,0.0035595280159780064,2.3535755196999446,1.9221451286281235,117.67877598499723,0.0,0.0,0.0,3.042864286621324,13.755353358719752
8167,83.3909,0.03942547248495159,1.9300811534826254,21.289755141873858,96.50405767413127,0.0,0.0,0.0,3.042864286621324,14.406219276860389
8168,138.9893,0.087671773176642,1.3502046458775514,47.34275751538668,67.51023229387756,24.136310190735742,0.0,0.0,0.0,12.795521232767246
8169,152.8856,0.13083056783381833,0.9683545592939882,70.64850663026189,48.41772796469941,33.81936540503871,0.0,0.0,0.0,10.538639991189754
8170,166.7863,0.15868889089116497,0.7884704632939881,85.6920010812291,39.423523164699404,41.670775754071514,0.0,0.0,0.0,7.757807441702166
8171,166.7863,0.17668370451480797,0.6301822072939876,95.4092004379963,31.509110364699378,39.867989197304325,0.0,0.0,0.0,5.0972809687422505
8172,152.8856,0.168992804092549,0.42367274929067855,91.25611420997646,21.183637464533927,40.44584832548962,0.0,0.0,0.0,2.3981919913989325
8173,125.0886,0.14538755113008434,0.2664437427115278,78.50927761024555,13.32218713557639,33.25713525417807,0.0,0.0,0.0,0.178830279408404
8174,111.1879,0.10948704633804555,0.1785747024555983,59.1230050225446,8.928735122779916,2.679771736934934,40.45638811774055,0.0,0.0,0.0
8175,111.1879,0.06447921258763477,0.17764902604743518,34.818774797322774,8.88245130237176,0.0,60.0,7.486673900305462,0.0,0.0
8176,138.9893,0.018238125557788053,0.20663717782239396,9.84858780120555,10.331858891119698,0.0,60.0,58.80885330767474,0.0,0.0
8177,152.8856,0.0,0.2674285714285713,0.0,13.371428571428565,0.0,60.0,79.51417142857144,0.0,0.0
8178,166.7863,0.0,0.3154639494142304,0.0,15.77319747071152,0.0,60.0,91.01310252928849,0.0,0.0
8179,152.8856,0.0,0.3765810795102041,0.0,18.829053975510206,0.0,60.0,74.05654602448982,0.0,0.0
8180,125.0886,0.0,0.5092524108814119,0.0,25.462620544070596,0.0,60.0,39.62597945592941,0.0,0.0
8181,97.2916,0.0,0.5069779089156092,0.0,25.34889544578046,0.0,60.0,11.942704554219546,0.0,0.0
8182,55.5939,0.0,0.6061135313756209,0.0,30.305676568781042,0.0,25.288223431218956,0.0,0.0,0.0
8183,41.6977,0.0,0.8923411494760065,0.0,44.61705747380032,0.0,0.0,0.0,0.0,0.055231087342168306
8184,50.0345,0.0,1.1876205714285715,0.0,59.38102857142857,0.0,0.0,0.0,0.0,0.23205730355838455
8185,41.6977,0.0,1.4713074102857142,0.0,73.56537051428572,0.0,0.0,0.0,0.0,0.8349591781529793
8186,33.3564,0.0,1.6056741073756198,0.0,80.28370536878099,0.0,0.0,0.0,0.0,1.7227730635082952
8187,27.797,0.0,1.4646444247192498,0.0,73.2322212359625,0.0,0.0,0.0,0.0,2.5823583301346127
8188,27.797,0.0,1.1393525166949807,0.0,56.967625834749036,0.0,0.0,0.0,0.0,3.134235035116351
8189,27.797,0.0,0.8252321809156096,0.0,41.26160904578048,0.0,0.0,0.0,0.0,3.3889708819284143
8190,41.6977,0.0033231353993589488,0.5321504544335356,1.7944931156538324,26.60752272167678,13.295684162669385,0.0,0.0,0.0,2.501704671540067
8191,83.3909,0.035588010105535646,0.45321860702040845,19.21752545698925,22.660930351020422,37.48804450302789,4.024399688962433,0.0,0.0,0.0
8192,138.9893,0.0800854445967072,0.3829260407104245,43.246140082221885,19.146302035521227,0.0,60.0,16.59685788225687,0.0,0.0
8193,152.8856,0.1215992979266044,0.3073536988416987,65.66362088036638,15.367684942084935,0.0,60.0,11.854294177548695,0.0,0.0
8194,166.7863,0.1435277095520984,0.37131200204743536,77.50496315813314,18.565600102371768,0.0,60.0,10.7157367394951,0.0,0.0
8195,166.7863,0.16166026353874427,0.5013037929972421,87.29654231092191,25.065189649862106,0.0,54.424568039216,0.0,0.0,0.0
8196,152.8856,0.15698415875396093,0.6157067369972424,84.77144572713891,30.785336849862123,0.0,37.32881742299898,0.0,0.0,0.0
8197,125.0886,0.1388560253034162,0.5846952315763926,74.98225366384474,29.23476157881963,0.0,20.871584757335626,0.0,0.0,0.0
8198,111.1879,0.10365389284649565,0.5001710490899063,55.97310213710765,25.008552454495316,0.0,30.206245408397038,0.0,0.0,0.0
8199,111.1879,0.061131660417935364,0.4225879757308332,33.0110966256851,21.12939878654166,0.0,57.047404587773244,0.0,0.0,0.0
8200,138.9893,0.017669278085807483,0.39675625464092684,9.54141016633604,19.83781273204634,0.0,60.0,49.610077101617605,0.0,0.0
8201,152.8856,0.0,0.4389308637617207,0.0,21.946543188086036,0.0,60.0,70.93905681191399,0.0,0.0
8202,166.7863,0.0,0.49000749541312766,0.0,24.500374770656382,0.0,60.0,82.28592522934363,0.0,0.0
8203,152.8856,0.0,0.548345233862107,0.0,27.41726169310535,0.0,60.0,65.46833830689467,0.0,0.0
8204,125.0886,0.0,0.6338171730038609,0.0,31.690858650193043,0.0,60.0,33.39774134980695,0.0,0.0
8205,97.2916,0.0,0.7116503694826257,0.0,35.582518474131284,0.0,60.0,1.7090815258687186,0.0,0.0
8206,55.5939,0.0,0.7484490828814121,0.0,37.422454144070606,0.0,18.17144585592939,0.0,0.0,0.0
8207,41.6977,0.0,0.7664352653061227,0.0,38.32176326530614,0.0,3.375936734693859,0.0,0.0,0.0
8208,50.0345,0.0,0.7625689064489797,0.0,38.12844532244898,0.0,11.906054677551019,0.0,0.0,0.0
8209,41.6977,0.0,0.8186246707115277,0.0,40.93123353557638,0.0,0.0,0.7664664644236154,0.0,0.0
8210,33.3564,0.0,0.9418334980165471,0.0,47.09167490082736,0.0,0.0,0.0,0.0,0.2598565521778149
8211,27.797,0.0,1.0524899229652507,0.0,52.62449614826254,0.0,0.0,0.0,0.0,0.7295659387665656
8212,27.797,0.0,0.9880744053480418,0.0,49.40372026740209,0.0,0.0,0.0,0.0,1.138341727609308
8213,27.797,0.0,0.8186246707115277,0.0,40.93123353557638,0.0,0.0,0.0,0.0,1.3868272269310233
8214,41.6977,0.00316432430310134,0.6411064622173196,1.7087351236747237,32.05532311086598,7.933641765459299,0.0,0.0,0.0,0.8573883370104828
8215,83.3909,0.036560984738702056,0.49226122261886374,19.74293175889911,24.613061130943187,12.847964230102084,26.186942880055618,0.0,0.0,0.0
8216,138.9893,0.08295398292564454,0.28626329871814665,44.79515077984806,14.313164935907333,0.0,60.0,19.88098428424459,0.0,0.0
8217,152.8856,0.12391677885917164,0.13753608923993377,66.91506058395268,6.876804461996688,0.0,60.0,19.093734954050646,0.0,0.0
8218,166.7863,0.15177695071117916,0.1268041919470491,81.95955338403675,6.340209597352454,0.0,60.0,18.486537018610804,0.0,0.0
8219,166.7863,0.17009125886726476,0.20474869498069487,91.84927978832297,10.237434749034744,0.0,60.0,4.69958546264229,0.0,0.0
8220,152.8856,0.15782270432802822,0.36815856852509654,85.22426033713525,18.407928426254827,0.0,49.253411236609935,0.0,0.0,0.0
8221,125.0886,0.1343811328361498,0.572895383545505,72.5658117315209,28.644769177275247,0.0,23.878019091203853,0.0,0.0,0.0
8222,111.1879,0.10146134241613423,0.728070107004964,54.78912490471249,36.4035053502482,0.0,19.99526974503931,0.0,0.0,0.0
8223,111.1879,0.0595684392837708,0.7599950270270268,32.16695721323624,37.99975135135134,0.0,41.02119143541242,0.0,0.0,0.0
8224,138.9893,0.016662984685361003,0.721740191947049,8.998011730094941,36.08700959735245,0.0,60.0,33.90427867255259,0.0,0.0
8225,152.8856,0.0,0.6484215999470488,0.0,32.42107999735244,0.0,60.0,60.46452000264756,0.0,0.0
8226,166.7863,0.0,0.5717192849156093,0.0,28.585964245780467,0.0,60.0,78.20033575421954,0.0,0.0
8227,152.8856,0.0,0.5047061824247105,0.0,25.235309121235527,0.0,60.0,67.65029087876448,0.0,0.0
8228,125.0886,0.0,0.48775653097407595,0.0,24.3878265487038,0.0,60.0,40.7007734512962,0.0,0.0
8229,97.2916,0.0,0.5471839110777715,0.0,27.359195553888576,0.0,60.0,9.932404446111434,0.0,0.0
8230,55.5939,0.0,0.7651457401081079,0.0,38.257287005405395,0.0,17.336612994594603,0.0,0.0,0.0
8231,41.6977,0.0,1.1199768295642585,0.0,55.998841478212924,0.0,0.0,0.0,0.0,0.2705621360742986
8232,50.0345,0.0,1.4381266812399338,0.0,71.90633406199669,0.0,0.0,0.0,0.0,0.6843535913012629
8233,41.6977,0.0,1.7816226501400991,0.0,89.08113250700495,0.0,0.0,0.0,0.0,1.5807969090013567
8234,33.3564,0.0,2.2280240274285714,0.0,111.40120137142857,0.0,0.0,0.0,0.0,3.0573201781905457
8235,27.797,0.0,2.6683738025372308,0.0,133.41869012686155,0.0,0.0,0.0,0.0,5.055568369779818
8236,27.797,0.0,2.8889249665482635,0.0,144.44624832741317,0.0,0.0,0.0,7.76035943852429,7.115628429839878
8237,27.797,0.0,2.902871745729729,0.0,145.14358728648645,0.0,0.0,0.0,8.457698397597568,9.175688489899938
8238,41.6977,0.0029384213175744694,2.84729864556867,1.5867475114902134,142.36493227843349,0.0,0.0,0.0,8.457698397597568,11.11022324268228
8239,83.3909,0.03600695449598665,2.6240419062327645,19.44375542783279,131.20209531163823,0.0,0.0,0.0,8.457698397597568,12.382614202618218
8240,138.9893,0.0844239993829784,2.1435873378841706,45.588959666808336,107.17936689420853,0.0,0.0,0.0,8.457698397597568,12.643298488907726
8241,152.8856,0.12926536820507933,1.799870390857142,69.80329883074285,89.9935195428571,0.0,0.0,0.0,8.457698397597568,12.774051268948806
8242,166.7863,0.1551559772258511,1.6916969173215664,83.7842277019596,84.58484586607831,0.0,0.0,0.0,8.457698397597568,12.803995633749523
8243,166.7863,0.17755427404428153,1.69881081081081,95.87930798391203,84.9405405405405,0.0,0.0,0.0,8.457698397597568,13.069495200428355
8244,152.8856,0.17102556223436413,1.8495795781400992,92.35380360655664,92.47897890700496,0.0,0.0,0.0,8.457698397597568,13.673901356090331
8245,125.0886,0.15089267241085536,2.078381506965251,81.48204310186189,103.91907534826255,0.0,0.0,0.0,8.457698397597568,14.814949002444036
8246,111.1879,0.11543009466081662,2.2381846623099837,62.33225111684097,111.90923311549919,0.0,0.0,0.0,8.457698397597568,16.007854650082905
8247,111.1879,0.0686978428600709,2.305828158270271,37.09683514443829,115.29140791351355,0.0,0.0,0.0,8.457698397597568,16.78732059982794
8248,138.9893,0.019733911462714353,2.3223796853480425,10.656312189865751,116.11898426740213,12.214003542732115,0.0,0.0,0.0,15.972238614994298
8249,152.8856,0.0,2.279059550429122,0.0,113.9529775214561,38.932622478543905,0.0,0.0,0.0,13.37413234348653
8250,166.7863,0.0,2.149564618872588,0.0,107.4782309436294,59.30806905637062,0.0,0.0,0.0,9.416303243962297
8251,152.8856,0.0,2.0412894712939873,0.0,102.06447356469937,50.82112643530064,0.0,0.0,0.0,6.024836681713338
8252,125.0886,0.0,1.9509397481478217,0.0,97.54698740739109,27.541612592608914,0.0,0.0,0.0,4.1868912300877845
8253,97.2916,0.0,1.9093308637617206,0.0,95.46654318808604,1.8250568119139672,0.0,0.0,0.0,4.0650989837138125
8254,55.5939,0.0,2.0218990075763927,0.0,101.09495037881963,0.0,0.0,0.0,0.0,4.925929666556346
8255,41.6977,0.0,2.221938775510204,0.0,111.0969387755102,0.0,0.0,0.0,0.0,6.238888237984917
8256,50.0345,0.0,2.414487942001103,0.0,120.72439710005516,0.0,0.0,0.0,0.0,7.576264669607583
8257,41.6977,0.0,2.728838351567568,0.0,136.4419175783784,0.0,0.0,0.0,0.0,9.368722840009337
8258,33.3564,0.0,3.1844805689045783,0.0,159.22402844522892,0.0,0.0,0.0,16.97873955634003,11.428782900069397
8259,27.797,0.0,3.5603630270270274,0.0,178.01815135135138,0.0,0.0,0.0,41.332262462462495,13.488842960129457
8260,27.797,0.0,3.659926650881413,0.0,182.99633254407064,0.0,0.0,0.0,46.31044365518176,15.548903020189517
8261,27.797,0.0,3.4495259932664086,0.0,172.47629966332042,0.0,0.0,0.0,35.790410774431535,17.608963080249577
8262,41.6977,0.002772251696331356,3.138188510640927,1.4970159160189325,156.90942553204636,0.0,0.0,0.0,7.819852559176411,19.669023140309637
8263,83.3909,0.03375910470288856,2.776358447196911,18.229916539559824,138.81792235984557,0.0,0.0,0.0,7.819852559176411,21.062532795163253
8264,138.9893,0.0797623675164511,2.230054299004963,43.071678458883596,111.50271495024815,0.0,0.0,0.0,7.819852559176411,21.357385913714396
8265,152.8856,0.12454182202603298,1.8756087235918366,67.25258389405782,93.78043617959183,0.0,0.0,0.0,7.819852559176411,21.511526293486146
8266,166.7863,0.15204804787584833,1.7980416591285167,82.1059458529581,89.90208295642583,0.0,0.0,0.0,7.819852559176411,21.610315757447463
8267,166.7863,0.17353204006711642,1.8886885970744616,93.70730163624287,94.43442985372307,0.0,0.0,0.0,7.819852559176411,22.014337434284656
8268,152.8856,0.16944508521584714,2.0296443182173185,91.50034601655746,101.48221591086593,0.0,0.0,0.0,7.819852559176411,22.77292860588456
8269,125.0886,0.14488303579068865,2.1615439999999997,78.23683932697188,108.07719999999999,0.0,0.0,0.0,7.819852559176411,23.931247728286728
8270,111.1879,0.11020069741425238,2.234117624833977,59.50837660369629,111.70588124169885,0.0,0.0,0.0,7.819852559176411,25.066881525361772
8271,111.1879,0.06513723898302755,2.1695486569972426,35.17410905083488,108.47743284986213,0.0,0.0,0.0,7.819852559176411,25.68105853429388
8272,138.9893,0.018947335025478754,1.9623629134296754,10.231560913758528,98.11814567148377,30.63959341475768,0.0,0.0,0.0,23.636374289064804
8273,152.8856,0.0,1.7220269925030345,0.0,86.10134962515173,66.78425037484828,0.0,0.0,0.0,19.179634190643164
8274,166.7863,0.0,1.525096525096525,0.0,76.25482625482624,77.4,13.131473745173764,0.0,0.0,14.014469025477997
8275,152.8856,0.0,1.4563345819393272,0.0,72.81672909696636,77.4,2.6688709030336497,0.0,0.0,8.84930386031283
8276,125.0886,0.0,1.4947338437683402,0.0,74.73669218841701,50.35190781158299,0.0,0.0,0.0,5.4891498521991835
8277,97.2916,0.0,1.4763134733061225,0.0,73.81567366530612,23.47592633469388,0.0,0.0,0.0,3.9225214681688945
8278,55.5939,0.0,1.4629807778312192,0.0,73.14903889156096,0.0,0.0,0.0,0.0,4.254645717468697
8279,41.6977,0.0,1.5694386612597901,0.0,78.4719330629895,0.0,0.0,0.0,0.0,4.950374451092823
8280,50.0345,0.0,1.8145319516911191,0.0,90.72659758455596,0.0,0.0,0.0,0.0,5.720224945935773
8281,41.6977,0.0,2.187613042232763,0.0,109.38065211163814,0.0,0.0,0.0,0.0,7.000713229128928
8282,33.3564,0.0,2.6728283288428014,0.0,133.64141644214007,0.0,0.0,0.0,0.0,8.897997323980226
8283,27.797,0.0,3.097079598455598,0.0,154.8539799227799,0.0,0.0,0.0,18.168091033891017,10.958057384040286
8284,27.797,0.0,3.191823395618312,0.0,159.5911697809156,0.0,0.0,0.0,22.905280892026724,13.018117444100346
8285,27.797,0.0,2.9849418578532814,0.0,149.24709289266406,0.0,0.0,0.0,12.561204003775174,15.078177504160406
8286,41.6977,0.0026875084387352494,2.6417281594528412,1.4512545569170348,132.08640797264206,0.0,0.0,0.0,12.561204003775174,16.815690308773686
8287,83.3909,0.03399325909603803,2.2585755836999444,18.356359911860537,112.92877918499723,0.0,0.0,0.0,12.561204003775174,17.721797534930456
8288,138.9893,0.08187762238702291,1.7095077071285159,44.21391608899237,85.47538535642579,9.299998554581833,0.0,0.0,0.0,17.101177010767504
8289,152.8856,0.12521398759257696,1.3954915282250417,67.61555329999156,69.77457641125208,15.495470288756366,0.0,0.0,0.0,16.067111592765745
8290,166.7863,0.1553389281928013,1.332590539861004,83.8830212241127,66.6295269930502,16.27375178283711,0.0,0.0,0.0,14.98110880445496
8291,166.7863,0.18306563420883595,1.4036468697804745,98.85544247277143,70.18234348902372,0.0,0.0,0.0,0.0,15.023704484813246
8292,152.8856,0.18123916961621206,1.4930550518610037,97.8691515927545,74.65275259305018,0.0,0.0,0.0,0.0,15.395202131571713
8293,125.0886,0.16045817102097226,1.603940053780475,86.64741235132503,80.19700268902376,0.0,0.0,0.0,0.0,16.185177010713446
8294,111.1879,0.12435995768711607,1.6757413878610035,67.15437715104268,83.78706939305017,0.0,0.0,0.0,0.0,16.937271134520607
8295,111.1879,0.07491934470256752,1.6828240686949814,40.45644613938646,84.14120343474907,0.0,0.0,0.0,0.0,17.190969099436685
8296,138.9893,0.02232684885563387,1.681052099282956,12.05649838204229,84.0526049641478,42.88019665380989,0.0,0.0,0.0,14.329427781197786
8297,152.8856,0.0,1.6916969173215664,0.0,84.58484586607831,68.3007541339217,0.0,0.0,0.0,9.771486230719194
8298,166.7863,0.0,1.6899206133480413,0.0,84.49603066740207,77.4,4.8902693325979385,0.0,0.0,4.606321065554028
8299,152.8856,0.0,1.666907512163265,0.0,83.34537560816325,69.0257211673271,0.0,0.514503224509653,0.0,0.0
8300,125.0886,0.0,1.5952826359316057,0.0,79.76413179658029,0.0,45.32446820341971,0.0,0.0,0.0
8301,97.2916,0.0,1.4646444247192498,0.0,73.2322212359625,0.0,24.059378764037504,0.0,0.0,0.0
8302,55.5939,0.0,1.4397777596999446,0.0,71.98888798499723,0.0,0.0,0.0,0.0,0.3101754483648126
8303,41.6977,0.0,1.5267913778621076,0.0,76.33956889310538,0.0,0.0,0.0,0.0,0.9655621571532929
8304,50.0345,0.0,1.7166563618312192,0.0,85.83281809156095,0.0,0.0,0.0,0.0,1.6428276345612027
8305,41.6977,0.0,2.074461613714286,0.0,103.7230806857143,0.0,0.0,0.0,0.0,2.816280782669311
8306,33.3564,0.0,2.4590934687346935,0.0,122.95467343673468,0.0,0.0,0.0,0.0,4.511383253094021
8307,27.797,0.0,2.7672736966883607,0.0,138.36368483441802,0.0,0.0,0.0,1.677795945529141,6.571443313154081
8308,27.797,0.0,2.8311971368736906,0.0,141.55985684368454,0.0,0.0,0.0,4.87396795479566,8.63150337321414
8309,27.797,0.0,2.6929218130744625,0.0,134.64609065372312,0.0,0.0,0.0,4.87396795479566,10.652972655852146
8310,41.6977,0.0027652213605437346,2.4335533796536133,1.4932195346936168,121.67766898268067,0.0,0.0,0.0,4.87396795479566,12.194357303478146
8311,83.3909,0.036685514679056515,2.1316575664644235,19.810177926690518,106.58287832322118,0.0,0.0,0.0,4.87396795479566,13.007911610908907
8312,138.9893,0.08680820482752265,1.7005914546409266,46.87643060686223,85.02957273204633,7.083296661091424,0.0,0.0,0.0,12.535219141032936
8313,152.8856,0.13200676190112426,1.4020141388108112,71.2836514266071,70.10070694054056,11.501241632852356,0.0,0.0,0.0,11.76770218188363
8314,166.7863,0.16501369922182543,1.387356954016547,89.10739757978574,69.36784770082734,8.31105471938693,0.0,0.0,0.0,11.213077242318269
8315,166.7863,0.18735079751283618,1.4947338437683402,101.16943065693154,74.73669218841701,0.0,0.0,0.0,0.0,11.385614431284322
8316,152.8856,0.18446860784391902,1.6160964369156094,99.61304823571628,80.80482184578047,0.0,0.0,0.0,0.0,11.906495216609937
8317,125.0886,0.1635910782541552,1.659855975360177,88.33918225724382,82.99279876800884,0.0,0.0,0.0,0.0,12.781369992763366
8318,111.1879,0.125350248540247,1.6899206133480413,67.68913421173339,84.49603066740207,0.0,0.0,0.0,0.0,13.556993922909173
8319,111.1879,0.07512394030553217,1.6722052421400995,40.566927764987376,83.61026210700497,0.0,0.0,0.0,0.0,13.80273724481173
8320,138.9893,0.022749878781037333,1.6475490316072805,12.28493454176016,82.37745158036402,44.326913877875796,0.0,0.0,0.0,10.844651567275807
8321,152.8856,0.0,1.6282948836183113,0.0,81.41474418091556,71.47085581908445,0.0,0.0,0.0,6.075158352789024
8322,166.7863,0.0,1.6074090181400995,0.0,80.37045090700498,77.4,9.015849092995026,0.0,0.0,0.9099931876238578
8323,152.8856,0.0,1.542083212355212,0.0,77.1041606177606,13.636247916543509,60.0,2.145191465695902,0.0,0.0
8324,125.0886,0.0,1.4579948725868728,0.0,72.89974362934363,0.0,52.18885637065637,0.0,0.0,0.0
8325,97.2916,0.0,1.4134607298223936,0.0,70.67303649111967,0.0,26.618563508880328,0.0,0.0,0.0
8326,55.5939,0.0,1.467974237476007,0.0,73.39871187380035,0.0,0.0,0.0,0.0,0.3368477922070338
8327,41.6977,0.0,1.5745920843331496,0.0,78.72960421665748,0.0,0.0,0.0,0.0,1.0374513854951484
8328,50.0345,0.0,1.7202359114131274,0.0,86.01179557065637,0.0,0.0,0.0,0.0,1.718102923318377
8329,41.6977,0.0,2.019964943567567,0.0,100.99824717837835,0.0,0.0,0.0,0.0,2.8400051672336435
8330,33.3564,0.0,2.4314312075366797,0.0,121.57156037683399,0.0,0.0,0.0,0.0,4.5089406338223945
8331,27.797,0.0,2.758204633204633,0.0,137.91023166023163,0.0,0.0,0.0,1.224342771342748,6.5690006938824546
8332,27.797,0.0,2.8819649672895755,0.0,144.09824836447876,0.0,0.0,0.0,7.412359475589881,8.629060753942515
8333,27.797,0.0,2.8357926329045777,0.0,141.7896316452289,0.0,0.0,0.0,5.1037427563400115,10.689120814002575
8334,41.6977,0.0027004369240684755,2.6108178313601766,1.4582359389969768,130.54089156800885,0.0,0.0,0.0,5.1037427563400115,12.397526199270253
8335,83.3909,0.036239176943130315,2.163543783289575,19.569155549290368,108.17718916447876,0.0,0.0,0.0,5.1037427563400115,13.236683261422641
8336,138.9893,0.08640321567296362,1.486348314016547,46.657736463400354,74.31741570082735,18.014147835772278,0.0,0.0,0.0,12.03453792703677
8337,152.8856,0.13229963696861244,1.040922876858246,71.44180396305072,52.046143842912294,29.397652194036993,0.0,0.0,0.0,10.072732642149417
8338,166.7863,0.16528387890707288,1.0539393270821844,89.25329460981936,52.69696635410922,24.836039036071412,0.0,0.0,0.0,8.415339313082255
8339,166.7863,0.18532659067733623,1.2074638765184773,100.07635896576157,60.37319382592386,6.336747208314563,0.0,0.0,0.0,7.992466626508043
8340,152.8856,0.17967476200711968,1.4381266812399338,97.02437148384463,71.90633406199669,0.0,0.0,0.0,0.0,8.29602267737531
8341,125.0886,0.15466448869912008,1.7489978652664095,83.51882389752485,87.44989326332048,0.0,0.0,0.0,0.0,9.164024893931844
8342,111.1879,0.1180508070280244,2.1296724823474897,63.74743579513318,106.48362411737449,0.0,0.0,0.0,0.0,10.28105764903334
8343,111.1879,0.06951907916874261,2.4633634513756197,37.54030275112101,123.16817256878099,0.0,0.0,0.0,0.0,11.217933398328782
8344,138.9893,0.020299803497453032,2.679517405405405,10.961893888624637,133.97587027027024,0.0,0.0,0.0,0.0,11.330471909443009
8345,152.8856,0.0,2.699637155618313,0.0,134.98185778091565,17.903742219084364,0.0,0.0,0.0,10.135694317245187
8346,166.7863,0.0,2.6884497856458918,0.0,134.42248928229458,32.363810717705434,0.0,0.0,0.0,7.975947188936516
8347,152.8856,0.0,2.675057049204633,0.0,133.75285246023165,19.13274753976836,0.0,0.0,0.0,6.699153892989345
8348,125.0886,0.0,2.683981650321014,0.0,134.1990825160507,0.0,0.0,0.0,0.0,6.871514373022737
8349,97.2916,0.0,2.538705564734693,0.0,126.93527823673465,0.0,0.0,0.0,0.0,7.432340718042041
8350,55.5939,0.0,2.538705564734693,0.0,126.93527823673465,0.0,0.0,0.0,0.0,8.78204246846675
8351,41.6977,0.0,2.7650049606883624,0.0,138.25024803441812,0.0,0.0,0.0,0.0,10.608712296144931
8352,50.0345,0.0,3.1284895024644244,0.0,156.4244751232212,0.0,0.0,0.0,0.0,12.621495609286955
8353,41.6977,0.0,3.568168063082185,0.0,178.40840315410924,0.0,0.0,0.0,27.821814265220354,14.681555669347015
8354,33.3564,0.0,3.9871875227887474,0.0,199.35937613943736,0.0,0.0,0.0,57.114087250548465,16.741615729407073
8355,27.797,0.0,4.432566857142856,0.0,221.6283428571428,0.0,0.0,0.0,84.94245396825391,18.801675789467133
8356,27.797,0.0,4.56605426144512,0.0,228.302713072256,0.0,0.0,0.0,91.61682418336713,20.861735849527193
8357,27.797,0.0,4.2696036304556,0.0,213.48018152278,0.0,0.0,0.0,76.7942926338911,22.921795909587253
8358,41.6977,0.002377549509432652,3.787875439020409,1.283876735093632,189.39377195102045,0.0,0.0,0.0,40.0910597972252,24.981855969647313
8359,83.3909,0.03381803714550874,3.155200818409265,18.26174005857472,157.76004092046324,0.0,0.0,0.0,40.0910597972252,26.73433209627776
8360,138.9893,0.08099043584913607,2.279059550429122,43.73483535853348,113.9529775214561,0.0,0.0,0.0,40.0910597972252,27.088087745358646
8361,152.8856,0.12336878712026443,1.8551426137804743,66.6191450449428,92.75713068902371,0.0,0.0,0.0,40.0910597972252,27.210884313298553
8362,166.7863,0.1535745129918789,1.8514330370965255,82.93023701561461,92.57165185482627,0.0,0.0,0.0,40.0910597972252,27.375773832469058
8363,166.7863,0.17728804509616108,1.9891428604258128,95.73554435192699,99.45714302129063,0.0,0.0,0.0,40.0910597972252,27.913191971962362
8364,152.8856,0.17250798486732555,2.2831675278543853,93.15431182835579,114.15837639271926,0.0,0.0,0.0,40.0910597972252,28.94289364100973
8365,125.0886,0.1514918338716956,2.663923160710425,81.80559029071563,133.19615803552125,0.0,0.0,0.0,40.0910597972252,30.643953203938533
8366,111.1879,0.1172084425226368,3.058655596302261,63.29255896222388,152.93277981511304,0.0,0.0,0.0,40.0910597972252,32.63114799161788
8367,111.1879,0.0710306536675912,3.3935636050744615,38.35655298049925,169.67818025372307,0.0,0.0,0.0,40.0910597972252,34.463385377130194
8368,138.9893,0.02162781654305761,3.6388393734142315,11.67902093325111,181.94196867071156,0.0,0.0,0.0,40.0910597972252,35.49695788315111
8369,152.8856,0.0,3.8229505999426365,0.0,191.1475299971318,0.0,0.0,0.0,40.0910597972252,36.2208322344482
8370,166.7863,0.0,3.8881803702857147,0.0,194.40901851428575,0.0,0.0,0.0,40.0910597972252,36.743424206340094
8371,152.8856,0.0,3.7905671161787087,0.0,189.52835580893543,0.0,0.0,0.0,40.0910597972252,37.43666553245509
8372,125.0886,0.0,3.5629636559426374,0.0,178.14818279713188,0.0,0.0,0.0,40.0910597972252,38.44049547726569
8373,97.2916,0.0,3.3030690475984557,0.0,165.15345237992278,0.0,0.0,0.0,40.0910597972252,39.7243683601291
8374,55.5939,0.0,3.3632500969266412,0.0,168.16250484633207,0.0,0.0,0.0,3.679715957443193,41.78442842018916
8375,41.6977,0.0,3.809438769738556,0.0,190.4719384869278,0.0,0.0,0.0,39.885349598038914,43.84448848024922
8376,50.0345,0.0,4.506446239382239,0.0,225.32231196911195,0.0,0.0,0.0,66.39892308022306,45.90454854030928
8377,41.6977,0.0,5.505147478980695,0.0,275.25737394903473,0.0,0.0,0.0,124.67078506014585,47.96460860036934
8378,33.3564,0.0,6.468042770321013,0.0,323.4021385160506,0.0,0.0,0.0,181.15684962716173,50.0246686604294
8379,27.797,0.0,7.235156155552125,0.0,361.7578077776062,0.0,0.0,0.0,225.0719188887173,52.08472872048946
8380,27.797,0.0,7.258737822393822,0.0,362.9368911196911,0.0,0.0,0.0,226.2510022308022,54.14478878054952
8381,27.797,0.0,6.612131504503034,0.0,330.6065752251517,0.0,0.0,0.0,193.92068633626278,56.20484884060958
8382,41.6977,0.002465587673114747,5.744964482718147,1.3314173434819634,287.2482241359073,0.0,0.0,0.0,137.9930525905004,58.26490890066964
8383,83.3909,0.035078020262985274,4.735357698788749,18.94213094201205,236.76788493943747,0.0,0.0,0.0,63.43022699256065,60.3249689607297
8384,138.9893,0.08454314211192072,3.5655653345570872,45.65329674043719,178.27826672785437,0.0,0.0,0.0,63.43022699256065,61.93198475607576
8385,152.8856,0.12994078536626605,2.80599238869498,70.16802409778367,140.299619434749,0.0,0.0,0.0,63.43022699256065,63.0213747688534
8386,166.7863,0.16339404072765637,2.3954991577804736,88.23278199293443,119.77495788902368,0.0,0.0,0.0,63.43022699256065,63.801239847701254
8387,166.7863,0.1862365877361402,2.221938775510204,100.56775737751572,111.0969387755102,0.0,0.0,0.0,63.43022699256065,64.65029058573147
8388,152.8856,0.18090479133260998,2.2749553032895746,97.68858731960938,113.74776516447874,0.0,0.0,0.0,63.43022699256065,65.75800752461963
8389,125.0886,0.15615770056067457,2.643943297482625,84.32515830276427,132.19716487413123,0.0,0.0,0.0,63.43022699256065,67.4878347198582
8390,111.1879,0.1213133918141233,3.265756795375621,65.50923157962659,163.28783976878105,0.0,0.0,0.0,8.72028245951877,69.54789477991827
8391,111.1879,0.07372091224976336,3.726261121482625,39.80929261487221,186.31305607413125,0.0,0.0,0.0,6.045559800114589,71.60795483997833
8392,138.9893,0.022331023286322114,3.973352808525097,12.058752574613942,198.66764042625485,0.0,0.0,0.0,6.045559800114589,72.96514308594071
8393,152.8856,0.0,4.073568180915609,0.0,203.67840904578043,0.0,0.0,0.0,6.045559800114589,73.92608812194196
8394,166.7863,0.0,4.0316407104247105,0.0,201.58203552123553,0.0,0.0,0.0,6.045559800114589,74.58438582099237
8395,152.8856,0.0,3.8229505999426365,0.0,191.1475299971318,0.0,0.0,0.0,6.045559800114589,75.30826017228945
8396,125.0886,0.0,3.5733766707115278,0.0,178.6688335355764,0.0,0.0,0.0,6.045559800114589,76.32194026620576
8397,97.2916,0.0,3.348149157348042,0.0,167.4074578674021,0.0,0.0,0.0,6.045559800114589,77.64845649612958
8398,55.5939,0.0,3.160070613074463,0.0,158.00353065372315,0.0,0.0,0.0,6.045559800114589,79.5859359949838
8399,41.6977,0.0,3.097079598455598,0.0,154.8539799227799,0.0,0.0,0.0,4.267391033891016,81.64599605504387
8400,50.0345,0.0,3.2212864303938216,0.0,161.06432151969108,0.0,0.0,0.0,2.140932630802183,83.70605611510393
8401,41.6977,0.0,3.6388393734142315,0.0,181.94196867071156,0.0,0.0,0.0,31.355379781822677,85.766116175164
8402,33.3564,0.0,4.189423050625483,0.0,209.47115253127416,0.0,0.0,0.0,67.22586364238526,87.82617623522407
8403,27.797,0.0,4.491614393822394,0.0,224.58071969111967,0.0,0.0,0.0,87.89483080223079,89.88623629528414
8404,27.797,0.0,4.379805864595697,0.0,218.99029322978487,0.0,0.0,0.0,82.30440434089599,91.9462963553442
8405,27.797,0.0,3.934759444015444,0.0,196.7379722007722,0.0,0.0,0.0,60.05208331188331,94.00635641540427
8406,41.6977,0.002366727551972139,3.365770535077771,1.278032878064955,168.28852675388853,0.0,0.0,0.0,18.979970743064598,96.06641647546434
8407,83.3909,0.03500477815776478,2.708604583854384,18.902580205192983,135.4302291927192,0.0,0.0,0.0,18.979970743064598,97.40856070731672
8408,138.9893,0.08579765999045184,1.9471392079426373,46.330736394843996,97.35696039713187,0.0,0.0,0.0,18.979970743064598,97.49744929527303
8409,152.8856,0.1295003411861077,1.5831981927501375,69.93018424049816,79.15990963750687,3.795506121994975,0.0,0.0,0.0,97.2441622667782
8410,166.7863,0.1596372332383421,1.6091447862857151,86.20410594870475,80.45723931428576,0.1249547370095172,0.0,0.0,0.0,97.23582361232312
8411,166.7863,0.17981776923912246,1.7256117683397691,97.10159538912613,86.28058841698845,0.0,0.0,0.0,0.0,97.5497997924388
8412,152.8856,0.17315488327957357,1.8035304952939881,93.50363697096972,90.17652476469941,0.0,0.0,0.0,0.0,98.13239960905958
8413,125.0886,0.1524556915356151,1.847727005158302,82.32607342923217,92.3863502579151,0.0,0.0,0.0,0.0,99.07122870584344
8414,111.1879,0.1202527551141661,1.9566472895752898,64.93648776164969,97.83236447876449,0.0,0.0,0.0,0.0,100.04708455904046
8415,111.1879,0.07268385477667562,2.1276883151285166,39.24928157940484,106.38441575642584,0.0,0.0,0.0,0.0,100.69876180593455
8416,138.9893,0.022260310194515548,2.2688059231594035,12.020567505038397,113.44029615797018,13.528436336991405,0.0,0.0,0.0,99.79596325158077
8417,152.8856,0.0,2.3223796853480425,0.0,116.11898426740213,36.766615732597884,0.0,0.0,0.0,97.34240197479747
8418,166.7863,0.0,2.291394680339768,0.0,114.5697340169884,52.216565983011606,0.0,0.0,0.0,93.85781298694218
8419,152.8856,0.0,2.215861863360176,0.0,110.79309316800881,42.0925068319912,0.0,0.0,0.0,91.04883688871121
8420,125.0886,0.0,2.1158025548108106,0.0,105.79012774054053,19.298472259459473,0.0,0.0,0.0,89.76098421874394
8421,97.2916,0.0,1.99106246925979,0.0,99.5531234629895,0.0,0.0,0.0,0.0,89.80376979777347
8422,55.5939,0.0,1.9719069296679543,0.0,98.59534648339772,0.0,0.0,0.0,0.0,90.6173106771891
8423,41.6977,0.0,2.0646778188108112,0.0,103.23389094054056,0.0,0.0,0.0,0.0,91.7815088841723
8424,50.0345,0.0,2.1316575664644235,0.0,106.58287832322118,0.0,0.0,0.0,0.0,92.85134306866567
8425,41.6977,0.0,2.40182024500386,0.0,120.091012250193,0.0,0.0,0.0,0.0,94.33445978691256
8426,33.3564,0.0,2.6862152315763925,0.0,134.31076157881964,0.0,0.0,0.0,0.0,96.24440716813348
8427,27.797,0.0,2.933212455854384,0.0,146.6606227927192,0.0,0.0,0.0,9.974733903830327,98.30446722819354
8428,27.797,0.0,3.1333369795918373,0.0,156.66684897959186,0.0,0.0,0.0,19.98096009070298,100.36452728825361
8429,27.797,0.0,2.930872586872587,0.0,146.54362934362933,0.0,0.0,0.0,9.857740454740451,102.42458734831368
8430,41.6977,0.0021143458598039716,2.4569599036999454,1.1417467642941448,122.84799518499727,0.0,0.0,0.0,9.857740454740451,103.9814638176246
8431,83.3909,0.0322274457861865,1.9490390294451183,17.40282072454071,97.45195147225591,0.0,0.0,0.0,9.857740454740451,104.57672626459102
8432,138.9893,0.07774724571520587,1.2740717832895754,41.98351268621117,63.70358916447877,33.302198149310044,0.0,0.0,0.0,102.35435735239147
8433,152.8856,0.11751891537076399,0.8572092533127416,63.460214300212556,42.86046266563708,46.56492303415038,0.0,0.0,0.0,99.24692171447687
8434,166.7863,0.14765605743280338,0.8720103430777714,79.73427101371384,43.60051715388857,43.451511832397614,0.0,0.0,0.0,96.34725459186107
8435,166.7863,0.16996006740737532,0.9937364831594042,91.77843639998268,49.68682415797021,25.321039442047123,0.0,0.0,0.0,94.6574955366694
8436,152.8856,0.1607321095888765,0.9005212689156097,86.79533917799331,45.02606344578049,21.06419737622622,0.0,0.0,0.0,93.25181002607707
8437,125.0886,0.14198252585547183,0.870661013003861,76.67056396195478,43.53305065019305,4.8849853878521685,0.0,0.0,0.0,92.92581834186939
8438,111.1879,0.1107519035521487,1.0079459417804744,59.8060279181603,50.397297089023716,0.9845749928159789,0.0,0.0,0.0,92.8601143049781
8439,111.1879,0.06736348364566072,1.121462501877551,36.37628116865679,56.07312509387755,18.73849373746566,0.0,0.0,0.0,91.60963090574782
8440,138.9893,0.020932608584427945,1.1259242801632656,11.303608635591091,56.29621400816328,71.3894773562456,0.0,0.0,0.0,86.84556835277847
8441,152.8856,0.0,1.263126441266409,0.0,63.156322063320445,77.4,12.32927793667956,0.0,0.0,81.68040318761331
8442,166.7863,0.0,1.4613179703210153,0.0,73.06589851605077,77.4,16.32040148394924,0.0,0.0,76.51523802244814
8443,152.8856,0.0,1.598743033892995,0.0,79.93715169464976,72.94844830535025,0.0,0.0,0.0,71.64714003743978
8444,125.0886,0.0,1.6510609868108115,0.0,82.55304934054057,42.53555065945943,0.0,0.0,0.0,68.80859811822327
8445,97.2916,0.0,1.693474088842803,0.0,84.67370444214015,12.617895557859853,0.0,0.0,0.0,67.96656304596036
8446,55.5939,0.0,1.9263003260540545,0.0,96.31501630270273,0.0,0.0,0.0,0.0,68.73696254357905
8447,41.6977,0.0,2.3807829995102043,0.0,119.03914997551021,0.0,0.0,0.0,0.0,70.20017916473735
8448,50.0345,0.0,2.8037069564258124,0.0,140.1853478212906,0.0,0.0,0.0,0.0,71.90573574514015
8449,41.6977,0.0,3.355694980694981,0.0,167.78474903474904,0.0,0.0,0.0,17.198160145860157,73.9657958052002
8450,33.3564,0.0,4.183728873831219,0.0,209.18644369156095,0.0,0.0,0.0,66.94115480267206,76.02585586526027
8451,27.797,0.0,5.11340515787755,0.0,255.6702578938775,0.0,0.0,0.0,118.98436900498862,78.08591592532034
8452,27.797,0.0,5.6598336569045795,0.0,282.991682845229,0.0,0.0,0.0,146.3057939563401,80.1459759853804
8453,27.797,0.0,5.422135139653612,0.0,271.1067569826806,0.0,0.0,0.0,134.42086809379174,82.20603604544047
8454,41.6977,0.0019339401430412831,4.614064809831221,1.044327677242293,230.70324049156105,0.0,0.0,0.0,81.16097927991444,84.26609610550054
8455,83.3909,0.02912360232953316,3.64673917783122,15.726745257947908,182.336958891561,0.0,0.0,0.0,5.78391526062002,86.3261561655606
8456,138.9893,0.0730026897807603,2.5278707207413125,39.421452481610565,126.39353603706563,0.0,0.0,0.0,5.78391526062002,86.8336691915896
8457,152.8856,0.1150438921157387,1.732791780571428,62.1237017424989,86.6395890285714,4.1223092289297085,0.0,0.0,0.0,86.55857348061666
8458,166.7863,0.14439369707718805,1.4150992875102042,77.97259642168156,70.75496437551021,18.058739202808255,0.0,0.0,0.0,85.35345241269485
8459,166.7863,0.1738829641070949,1.4364764389806952,93.89680061783125,71.82382194903477,1.0656774331339989,0.0,0.0,0.0,85.28233613420743
8460,152.8856,0.17395961954420547,1.6863706071969111,93.93819455387096,84.31853035984555,0.0,0.0,0.0,0.0,85.7623303893318
8461,125.0886,0.15357899779185671,2.0374041263938225,82.93265880760264,101.87020631969112,0.0,0.0,0.0,0.0,86.8920597295779
8462,111.1879,0.11797629286660957,2.3891865704489805,63.707198147969166,119.45932852244903,0.0,0.0,0.0,0.0,88.25381753145066
8463,111.1879,0.0702975857427913,2.6218354777804747,37.9606963011073,131.09177388902373,0.0,0.0,0.0,0.0,89.34855264315584
8464,138.9893,0.021963826784424892,2.7130941467181477,11.860466463589443,135.65470733590737,0.0,0.0,0.0,0.0,89.50985295828146
8465,152.8856,0.0,2.728838351567568,0.0,136.4419175783784,16.443682421621617,0.0,0.0,0.0,88.41251012066907
8466,166.7863,0.0,2.663923160710425,0.0,133.19615803552125,33.59014196447876,0.0,0.0,0.0,86.17092573865514
8467,152.8856,0.0,2.5560911745482624,0.0,127.80455872741312,25.081041272586887,0.0,0.0,0.0,84.49718257732135
8468,125.0886,0.0,2.517059815854385,0.0,125.85299079271925,0.0,0.0,0.0,0.0,84.51164402475118
8469,97.2916,0.0,2.4976604290965243,0.0,124.88302145482622,0.0,0.0,0.0,0.0,85.03364389011276
8470,55.5939,0.0,2.6884497856458918,0.0,134.42248928229458,0.0,0.0,0.0,0.0,86.52499557923724
8471,41.6977,0.0,3.046700999413127,0.0,152.33504997065634,0.0,0.0,0.0,1.7484610817674593,88.58505563929731
8472,50.0345,0.0,3.348149157348042,0.0,167.4074578674021,0.0,0.0,0.0,8.484068978513193,90.64511569935738
8473,41.6977,0.0,3.7636983657760616,0.0,188.1849182888031,0.0,0.0,0.0,37.598329399914206,92.70517575941744
8474,33.3564,0.0,4.096029708178708,0.0,204.8014854089354,0.0,0.0,0.0,62.55619652004651,94.76523581947751
8475,27.797,0.0,4.166672688432432,0.0,208.3336344216216,0.0,0.0,0.0,71.64774553273273,96.82529587953758
8476,27.797,0.0,3.8040415249156085,0.0,190.20207624578043,0.0,0.0,0.0,53.51618735689155,98.88535593959764
8477,27.797,0.0,3.1869271595984565,0.0,159.34635797992283,0.0,0.0,0.0,22.660469091033946,100.94541599965771
8478,41.6977,0.0020159508819600092,2.4869164128582457,1.088613476258405,124.34582064291229,0.0,0.0,0.0,22.660469091033946,102.52962448299337
8479,83.3909,0.0319325929532215,1.7544156237308335,17.243600194739606,87.72078118654167,0.0,0.0,0.0,22.660469091033946,102.93777142804464
8480,138.9893,0.0808427544972551,1.0050978416679537,43.65508742851775,50.254892083397685,45.07932048808455,0.0,0.0,0.0,99.9294750991768
8481,152.8856,0.1255401864234598,0.5390742756183121,67.7917006686683,26.953713780915606,58.140185550416106,0.0,0.0,0.0,96.04958283688677
8482,166.7863,0.1554838144512306,0.28327383107777154,83.96125980366453,14.163691553888578,68.6613486424469,0.0,0.0,0.0,91.4675775888089
8483,166.7863,0.18873428983842178,0.1832124832829566,101.91651651274776,9.16062416414783,55.709159323104416,0.0,0.0,0.0,87.74991597231877
8484,152.8856,0.18945741657074713,0.284269670618864,102.30700494820346,14.213483530943199,36.36511152085336,0.0,0.0,0.0,85.32314843672629
8485,125.0886,0.1676762270816352,0.42367274929067855,90.54516262408302,21.183637464533927,13.35979991138305,0.0,0.0,0.0,84.43160356442846
8486,111.1879,0.13009793295603064,0.522957802537231,70.25288379625655,26.14789012686155,14.787126076881892,0.0,0.0,0.0,83.44480836410267
8487,111.1879,0.0792649207720436,0.568195222557088,42.80305721690354,28.4097611278544,39.975081655242064,0.0,0.0,0.0,80.77713524730306
8488,138.9893,0.026026000982491727,0.5799668075102041,14.054040530545533,28.998340375510207,77.4,18.53691909394425,0.0,0.0,75.6119700821379
8489,152.8856,0.0,0.6508657312123555,0.0,32.54328656061777,77.4,42.94231343938223,0.0,0.0,70.44680491697274
8490,166.7863,0.0,0.7780742812664095,0.0,38.90371406332048,77.4,50.48258593667953,0.0,0.0,65.28163975180757
8491,152.8856,0.0,0.8345141476183118,0.0,41.72570738091559,77.4,33.75989261908441,0.0,0.0,60.11647458664241
8492,125.0886,0.0,0.8491743938929951,0.0,42.45871969464975,77.4,5.229880305350235,0.0,0.0,54.95130942147725
8493,97.2916,0.0,0.8505116545482623,0.0,42.525582727413116,54.766017272586886,0.0,0.0,0.0,51.296586880764075
8494,55.5939,0.0,0.8869029256613348,0.0,44.34514628306674,11.248753716933258,0.0,0.0,0.0,50.54591929871982
8495,41.6977,0.0,0.9529664313822394,0.0,47.64832156911197,0.0,0.0,0.0,0.0,50.65849862570302
8496,50.0345,0.0,1.0351581229961386,0.0,51.75790614980693,0.0,0.0,0.0,0.0,50.69110360691558
8497,41.6977,0.0,1.192187737698842,0.0,59.6093868849421,0.0,0.0,0.0,0.0,51.029973358792866
8498,33.3564,0.0,1.3824861668041923,0.0,69.12430834020962,0.0,0.0,0.0,0.0,51.70666351658061
8499,27.797,0.0,1.5728734235675672,0.0,78.64367117837836,0.0,0.0,0.0,0.0,52.66862756590128
8500,27.797,0.0,1.5935537209045785,0.0,79.67768604522892,0.0,0.0,0.0,0.0,53.65015405864886
8501,27.797,0.0,1.4233045787181469,0.0,71.16522893590734,0.0,0.0,0.0,0.0,54.4706340655444
8502,41.6977,0.0018885413407449998,1.0963138043552125,1.0198123240023,54.815690217760626,0.0,0.0,0.0,0.0,54.738106005523704
8503,83.3909,0.030883015907606465,0.6941055483552122,16.67682859010749,34.70527741776061,32.0087939921319,0.0,0.0,0.0,52.602050350393114
8504,138.9893,0.07813517133441157,0.2556532023210147,42.19299252058225,12.782660116050733,77.4,6.613647363366994,0.0,0.0,47.43688518522795
8505,152.8856,0.12400341031561117,0.006425716915609441,66.96184157043004,0.3212858457804721,77.4,8.2024725837895,0.0,0.0,42.27172002006279
8506,166.7863,0.1505439022243383,0.0,81.2937072011427,0.0,77.4,8.09259279885731,0.0,0.0,37.106554854897624
8507,166.7863,0.17410959381202581,0.0,94.01918065849394,0.0,72.76711934150607,0.0,0.0,0.0,32.250557568177165
8508,152.8856,0.16605646919362219,0.0,89.670493364556,0.0,63.21510663544402,0.0,0.0,0.0,28.031998566812867
8509,125.0886,0.15010336576584757,0.2992853345570875,81.0558175135577,14.964266727854374,29.068515758587917,0.0,0.0,0.0,26.092157675348876
8510,111.1879,0.11450798728277636,0.6643599577804742,61.83431313269924,33.21799788902371,16.135588978277056,0.0,0.0,0.0,25.01537496074914
8511,111.1879,0.0693443516433219,0.9238471205559847,37.44594988739382,46.192356027799235,27.54959408480694,0.0,0.0,0.0,23.176896877011604
8512,138.9893,0.022477360562222756,1.045254650069498,12.13777470360029,52.26273250347489,74.5887927929248,0.0,0.0,0.0,18.199333127066673
8513,152.8856,0.0,1.0904296745725317,0.0,54.521483728626585,77.4,20.964116271373427,0.0,0.0,13.034167961901506
8514,166.7863,0.0,1.072852971984556,0.0,53.642648599227805,77.4,35.743651400772194,0.0,0.0,7.86900279673634
8515,152.8856,0.0,1.0337188873601764,0.0,51.68594436800882,77.4,23.799655631991186,0.0,0.0,2.703837631571174
8516,125.0886,0.0,0.9781955573480414,0.0,48.90977786740207,40.51700690909404,35.661815223503886,0.0,0.0,0.0
8517,97.2916,0.0,0.8002229973215664,0.0,40.01114986607832,0.0,57.28045013392168,0.0,0.0,0.0
8518,55.5939,0.0,0.6133041584291229,0.0,30.665207921456144,0.0,24.928692078543854,0.0,0.0,0.0
8519,41.6977,0.0,0.5506699841235522,0.0,27.53349920617761,0.0,14.164200793822388,0.0,0.0,0.0
8520,50.0345,0.0,0.6338171730038609,0.0,31.690858650193043,0.0,18.34364134980696,0.0,0.0,0.0
8521,41.6977,0.0,0.9114706956072811,0.0,45.57353478036406,0.0,0.0,0.0,0.0,0.07332660395283355
8522,33.3564,0.0,1.2929281310358522,0.0,64.64640655179261,0.0,0.0,0.0,0.0,0.6652997008786395
8523,27.797,0.0,1.5608666744092663,0.0,78.04333372046331,0.0,0.0,0.0,0.0,1.6159060145090265
8524,27.797,0.0,1.5318810215642575,0.0,76.59405107821287,0.0,0.0,0.0,0.0,2.5390934673400807
8525,27.797,0.0,1.2819143184026474,0.0,64.09571592013236,0.0,0.0,0.0,0.0,3.225825930693936
8526,41.6977,0.001887596497435339,1.0279697497804743,1.019302108615083,51.398487489023715,0.0,0.0,0.0,0.0,3.428638436595211
8527,83.3909,0.03299093811841482,0.7728939834528407,17.815106583944,38.644699172642035,26.931094243413966,0.0,0.0,0.0,1.6314349502145657
8528,138.9893,0.08391531435001284,0.44002582931274153,45.31426974900694,22.001291465637077,24.447052728965264,47.226686056390704,0.0,0.0,0.0
8529,152.8856,0.13230820252020112,0.17395257921235516,71.44642936090861,8.697628960617758,0.0,60.0,12.741541678473638,0.0,0.0
8530,166.7863,0.16470251642363432,0.0,88.93935886876254,0.0,0.0,60.0,17.84694113123747,0.0,0.0
8531,166.7863,0.1864360064555571,0.0,100.67544348600083,0.0,0.0,60.0,6.110856513999181,0.0,0.0
8532,152.8856,0.1836137289238067,0.0,99.15141361885561,0.0,0.0,53.7341863811444,0.0,0.0,0.0
8533,125.0886,0.16254242877752995,0.10385468942967468,87.77291153986617,5.1927344714837345,0.0,32.122953988650096,0.0,0.0,0.0
8534,111.1879,0.12554870372651827,0.2625108836183121,67.79630001231986,13.125544180915604,0.0,30.266055806764527,0.0,0.0,0.0
8535,111.1879,0.07528775785034617,0.39568836183121886,40.65538923918693,19.784418091560944,0.0,50.748092669252124,0.0,0.0,0.0
8536,138.9893,0.02521472394512735,0.5437041495686705,13.615950930368768,27.185207478433526,0.0,60.0,38.18814159119769,0.0,0.0
8537,152.8856,0.0,0.6866300005030338,0.0,34.33150002515169,0.0,60.0,58.55409997484833,0.0,0.0
8538,166.7863,0.0,0.7793712079426365,0.0,38.968560397131824,0.0,60.0,67.81773960286819,0.0,0.0
8539,152.8856,0.0,0.8146691382857144,0.0,40.73345691428572,0.0,60.0,52.1521430857143,0.0,0.0
8540,125.0886,0.0,0.7845663298929949,0.0,39.22831649464975,0.0,60.0,25.860283505350253,0.0,0.0
8541,97.2916,0.0,0.6680553523397682,0.0,33.40276761698841,0.0,60.0,3.8888323830115894,0.0,0.0
8542,55.5939,0.0,0.5906216945879756,0.0,29.53108472939878,0.0,26.062815270601217,0.0,0.0,0.0
8543,41.6977,0.0,0.6496433058312187,0.0,32.48216529156093,0.0,9.215534708439066,0.0,0.0,0.0
8544,50.0345,0.0,0.8572092533127416,0.0,42.86046266563708,0.0,7.174037334362922,0.0,0.0,0.0
8545,41.6977,0.0,1.1724488295642579,0.0,58.62244147821289,0.0,0.0,0.0,0.0,0.32019781174997375
8546,33.3564,0.0,1.4282377632829568,0.0,71.41188816414784,0.0,0.0,0.0,0.0,1.0401665067473653
8547,27.797,0.0,1.6651433316183128,0.0,83.25716658091564,0.0,0.0,0.0,0.0,2.0894129015214453
8548,27.797,0.0,1.820044583360176,0.0,91.0022291680088,0.0,0.0,0.0,0.0,3.285187507402693
8549,27.797,0.0,1.7381859494054055,0.0,86.90929747027027,0.0,0.0,0.0,0.0,4.403528270353752
8550,41.6977,0.001968866057115893,1.4696404037683397,1.0631876708425823,73.48202018841698,0.0,0.0,0.0,0.0,5.024967608231636
8551,83.3909,0.03395402871220135,1.1140420702393825,18.33517550458873,55.70210351196913,9.353620983442141,0.0,0.0,0.0,4.4007686770709995
8552,138.9893,0.08555883194601017,0.6853866175752898,46.201769250845494,34.26933087876449,58.51819987039,0.0,0.0,0.0,0.4956502339351969
8553,152.8856,0.13256919304731382,0.3755259275366797,71.58736424554947,18.776296376833983,7.427318755518926,55.094620622097636,0.0,0.0,0.0
8554,166.7863,0.16444738135797723,0.19347084627027017,88.8015859333077,9.673542313513508,0.0,60.0,8.311171753178797,0.0,0.0
8555,166.7863,0.18955077472428383,0.17026613628681742,102.35741835111327,8.51330681434087,0.0,55.91557483454588,0.0,0.0,0.0
8556,152.8856,0.18517170917195386,0.2972747755102041,99.99272295285509,14.863738775510205,0.0,38.02913827163472,0.0,0.0,0.0
8557,125.0886,0.1637030204854575,0.5906216945879756,88.39963106214705,29.53108472939878,0.0,7.157884208454163,0.0,0.0,0.0
8558,111.1879,0.12522374060720387,0.9767873848339768,67.6208199278901,48.83936924169884,0.0,0.0,0.0,0.0,0.0997460113165476
8559,111.1879,0.07671941341798327,1.2553327374826257,41.428483245710964,62.76663687413129,1.4946939795784657,5.498085900579289,0.0,0.0,0.0
8560,138.9893,0.025551926251849957,1.433178462217319,13.798040175998976,71.65892311086594,0.0,53.53233671313507,0.0,0.0,0.0
8561,152.8856,0.0,1.4020141388108112,0.0,70.10070694054056,0.0,60.0,22.78489305945945,0.0,0.0
8562,166.7863,0.0,1.5081945592939883,0.0,75.40972796469941,0.0,60.0,31.376572035300597,0.0,0.0
8563,152.8856,0.0,1.5369782978223934,0.0,76.84891489111966,0.0,60.0,16.03668510888035,0.0,0.0
8564,125.0886,0.0,1.486348314016547,0.0,74.31741570082735,0.0,50.771184299172646,0.0,0.0,0.0
8565,97.2916,0.0,1.3214333944092662,0.0,66.0716697204633,0.0,31.219930279536698,0.0,0.0,0.0
8566,55.5939,0.0,1.1393525166949807,0.0,56.967625834749036,0.0,0.0,0.0,0.0,0.025989407684441267
8567,41.6977,0.0,0.9487858224291228,0.0,47.43929112145614,0.0,0.0,0.0,0.0,0.13461410457685472
8568,50.0345,0.0,0.8318584092664094,0.0,41.59292046332047,2.017192357084168,6.4243871795953655,0.0,0.0,0.0
8569,41.6977,0.0,0.8896205197837841,0.0,44.481025989189206,0.0,0.0,0.0,0.0,0.05265751871439043
8570,33.3564,0.0,1.17093606227027,0.0,58.546803113513505,0.0,0.0,0.0,0.0,0.5292327127538351
8571,27.797,0.0,1.6475490316072805,0.0,82.37745158036402,0.0,0.0,0.0,0.0,1.5618358507607222
8572,27.797,0.0,1.9795583367413125,0.0,98.97791683706562,0.0,0.0,0.0,0.0,2.9085018449754774
8573,27.797,0.0,2.006451824679537,0.0,100.32259123397684,0.0,0.0,0.0,0.0,4.280607625077742
8574,41.6977,0.0018615312091857768,1.7980416591285167,1.0052268529603194,89.90208295642583,0.0,0.0,0.0,0.0,5.211600243093156
8575,83.3909,0.033946349407002044,1.4036468697804745,18.331028679781106,70.18234348902372,0.0,0.0,0.0,0.0,5.308511878719194
8576,138.9893,0.08615892233878569,0.8438328745372311,46.525818062944275,42.19164372686156,50.27183821019415,0.0,0.0,0.0,1.9537011873482126
8577,152.8856,0.13591634309058107,0.514950819618312,73.39482526891378,25.747540980915602,29.276212292412964,24.467021457757667,0.0,0.0,0.0
8578,166.7863,0.16795149377683996,0.41933772083397697,90.69380663949357,20.96688604169885,0.0,55.125607318807596,0.0,0.0,0.0
8579,166.7863,0.1930033307702811,0.34314671814671815,104.2217986159518,17.15733590733591,0.0,45.40716547671231,0.0,0.0,0.0
8580,152.8856,0.18900885747828486,0.29827972875013786,102.06478303827382,14.913986437506892,0.0,35.9068305242193,0.0,0.0,0.0
8581,125.0886,0.1666780953128362,0.3892951195675676,90.00617146893156,19.46475597837838,0.0,15.617672552690067,0.0,0.0,0.0
8582,111.1879,0.12877612541111147,0.5858791072123549,69.5391077220002,29.293955360617748,0.0,12.354836917382059,0.0,0.0,0.0
8583,111.1879,0.07711251321958014,0.7677255296988418,41.64075713857328,38.38627648494209,0.0,31.160866376484634,0.0,0.0,0.0
8584,138.9893,0.025694579960827118,0.8814768373480417,13.875073178846645,44.07384186740209,0.0,60.0,21.040384953751257,0.0,0.0
8585,152.8856,0.0,0.9005212689156097,0.0,45.02606344578049,0.0,60.0,47.85953655421952,0.0,0.0
8586,166.7863,0.0,0.8054656988416987,0.0,40.273284942084935,0.0,60.0,66.51301505791508,0.0,0.0
8587,152.8856,0.0,0.7767780956911201,0.0,38.83890478455601,0.0,60.0,54.046695215444004,0.0,0.0
8588,125.0886,0.0,0.7664352653061227,0.0,38.32176326530614,0.0,60.0,26.766836734693868,0.0,0.0
8589,97.2916,0.0,0.6097056386188636,0.0,30.48528193094318,0.0,60.0,6.806318069056829,0.0,0.0
8590,55.5939,0.0,0.4720769950358523,0.0,23.603849751792616,0.0,31.990050248207382,0.0,0.0,0.0
8591,41.6977,0.0,0.49000749541312766,0.0,24.500374770656382,0.0,17.197325229343615,0.0,0.0,0.0
8592,50.0345,0.0,0.7204764051274133,0.0,36.02382025637066,0.0,14.010679743629339,0.0,0.0,0.0
8593,41.6977,0.0,1.0713933635918371,0.0,53.56966817959186,0.0,0.0,0.0,0.0,0.22460480339768388
8594,33.3564,0.0,1.4729752572399335,0.0,73.64876286199667,0.0,0.0,0.0,0.0,0.9868927494354587
8595,27.797,0.0,1.7834434690965253,0.0,89.17217345482626,0.0,0.0,0.0,0.0,2.1480446796619015
8596,27.797,0.0,1.7980416591285167,0.0,89.90208295642583,0.0,0.0,0.0,0.0,3.323005708567255
8597,27.797,0.0,1.597012406857142,0.0,79.8506203428571,0.0,0.0,0.0,0.0,4.307803931269957
8598,41.6977,0.0016472694508457028,1.3262100982327634,0.8895255034566796,66.31050491163816,0.0,0.0,0.0,0.0,4.790280452636616
8599,83.3909,0.030407470592789268,0.9169636969266413,16.420034120106205,45.84818484633206,21.122681033561733,0.0,0.0,0.0,3.3806921287419396
8600,138.9893,0.07788960369474625,0.3839858777804745,42.060385995162974,19.199293889023725,50.65967154919796,27.06994856661533,0.0,0.0,0.0
8601,152.8856,0.12207771569026109,0.16017989023276324,65.92196647274099,8.008994511638162,0.0,60.0,18.954639015620856,0.0,0.0
8602,166.7863,0.15240162579864508,0.2664437427115278,82.29687793126834,13.32218713557639,0.0,60.0,11.167234933155285,0.0,0.0
8603,166.7863,0.1801952370460948,0.4642877801478211,97.3054280048912,23.214389007391055,0.0,46.26648298771775,0.0,0.0,0.0
8604,152.8856,0.172536972395335,0.656988657985659,93.1699650934809,32.849432899282945,0.0,26.86620200723617,0.0,0.0,0.0
8605,125.0886,0.1575445083335678,0.7884704632939881,85.07403450012661,39.423523164699404,0.0,0.0,0.5910423351739809,0.0,0.0
8606,111.1879,0.11881921710197925,0.874711271854385,64.16237723506879,43.73556359271925,0.0,3.289959172211965,0.0,0.0,0.0
8607,111.1879,0.07288378381664738,0.8625808996183124,39.35724326098959,43.12904498091562,0.0,28.701611758094785,0.0,0.0,0.0
8608,138.9893,0.025475713674946093,0.7651457401081079,13.75688538447089,38.257287005405395,0.0,60.0,26.975127610123707,0.0,0.0
8609,152.8856,0.0,0.7510096892046334,0.0,37.55048446023167,0.0,60.0,55.33511553976834,0.0,0.0
8610,166.7863,0.0,0.8841883654142308,0.0,44.209418270711545,0.0,60.0,62.57688172928846,0.0,0.0
8611,152.8856,0.0,1.151342847293988,0.0,57.5671423646994,0.0,60.0,35.318457635300604,0.0,0.0
8612,125.0886,0.0,1.5284870780540534,0.0,76.42435390270266,0.0,48.66424609729734,0.0,0.0,0.0
8613,97.2916,0.0,1.6952521281235515,0.0,84.76260640617758,0.0,12.52899359382242,0.0,0.0,0.0
8614,55.5939,0.0,1.7544156237308335,0.0,87.72078118654167,0.0,0.0,0.0,0.0,0.6078058602859236
8615,41.6977,0.0,1.7798027093215656,0.0,88.99013546607829,0.0,0.0,0.0,0.0,1.5025276123468643
8616,50.0345,0.0,1.8108612740165473,0.0,90.54306370082736,0.0,0.0,0.0,0.0,2.2689058445246792
8617,41.6977,0.0,1.8868173741467185,0.0,94.34086870733593,0.0,0.0,0.0,0.0,3.2648576849337374
8618,33.3564,0.0,2.1138247999470483,0.0,105.69123999735241,0.0,0.0,0.0,0.0,4.633354657856621
8619,27.797,0.0,2.391289822146718,0.0,119.5644911073359,0.0,0.0,0.0,0.0,6.369496381508922
8620,27.797,0.0,2.42930998345284,0.0,121.465499172642,0.0,0.0,0.0,0.0,8.14160312261296
8621,27.797,0.0,2.2118152189740763,0.0,110.59076094870382,0.0,0.0,0.0,0.0,9.707971572993843
8622,41.6977,0.0017285214926905366,1.9055696978532817,0.9334016060528897,95.27848489266408,0.0,0.0,0.0,0.0,10.739321047293894
8623,83.3909,0.032451457398691645,1.576311598455599,17.52378699529349,78.81557992277996,0.0,0.0,0.0,0.0,10.98429204304123
8624,138.9893,0.08451320671893253,1.1468404967501378,45.637131628223564,57.34202483750689,36.01014353426953,0.0,0.0,0.0,8.581212728108328
8625,152.8856,0.13347547612619007,0.9446121254760069,72.07675710814264,47.23060627380035,33.57823661805702,0.0,0.0,0.0,6.340422830340092
8626,166.7863,0.16628376196334527,0.9697581015686707,89.79323146020644,48.487905078433535,28.50516346136004,0.0,0.0,0.0,4.438176353105521
8627,166.7863,0.1898944884686679,0.9669517879845556,102.54302377308068,48.34758939922778,15.89568682769155,0.0,0.0,0.0,3.3774031246976763
8628,152.8856,0.18481698128187257,0.8693124388571428,99.80116989221119,43.46562194285714,9.618808164931693,0.0,0.0,0.0,2.735507351262128
8629,125.0886,0.1612306231296377,0.8278804245956976,87.06453649000436,41.394021229784876,0.0,0.0,0.0,0.0,2.7992633081230056
8630,111.1879,0.1245957801068147,0.8625808996183124,67.28172125767995,43.12904498091562,0.7771337614044285,0.0,0.0,0.0,2.7474025299178386
8631,111.1879,0.07749126606764489,0.9279863432895756,41.84528367652824,46.39931716447878,22.943299158992986,0.0,0.0,0.0,1.2163181682900117
8632,138.9893,0.02711858239614104,1.0279697497804743,14.644034493916163,51.398487489023715,18.226527751825824,54.720250265234284,0.0,0.0,0.0
8633,152.8856,0.0,1.2367106276183124,0.0,61.83553138091562,0.0,60.0,31.050068619084385,0.0,0.0
8634,166.7863,0.0,1.6004745172509642,0.0,80.02372586254822,0.0,60.0,26.762574137451793,0.0,0.0
8635,152.8856,0.0,2.043233504688362,0.0,102.1616752344181,0.0,50.72392476558191,0.0,0.0,0.0
8636,125.0886,0.0,2.3431534386409267,0.0,117.15767193204634,0.0,7.9309280679536585,0.0,0.0,0.0
8637,97.2916,0.0,2.439925586321016,0.0,121.99627931605079,0.0,0.0,0.0,0.0,0.46738582489825814
8638,55.5939,0.0,2.4654998694054053,0.0,123.27499347027026,0.0,0.0,0.0,0.0,1.747838944606074
8639,41.6977,0.0,2.4869164128582457,0.0,124.34582064291229,0.0,0.0,0.0,0.0,3.311452037850361
8640,50.0345,0.0,2.558268694980695,0.0,127.91343474903476,0.0,0.0,0.0,0.0,4.7848372898591265
8641,41.6977,0.0,2.652813539618313,0.0,132.64067698091563,0.0,0.0,0.0,0.0,6.505380097606179
8642,33.3564,0.0,2.6572544776613345,0.0,132.86272388306674,0.0,0.0,0.0,0.0,8.387932171069604
8643,27.797,0.0,2.7175876110049644,0.0,135.87938055024821,0.0,0.0,0.0,0.0,10.43273396526349
8644,27.797,0.0,2.666147996169883,0.0,133.30739980849415,0.0,0.0,0.0,0.0,12.42887666434311
8645,27.797,0.0,2.3744902230204077,0.0,118.72451115102038,0.0,0.0,0.0,0.0,14.14912687530836
8646,41.6977,0.001572761190505992,2.0666327571274126,0.8492910428732358,103.33163785637063,0.0,0.0,0.0,0.0,15.331242016645406
8647,83.3909,0.030961602992457267,1.7489978652664095,16.719265615926926,87.44989326332048,0.0,0.0,0.0,0.0,15.724344211658195
8648,138.9893,0.0820741123544987,1.3341877058223939,44.320020671429305,66.70938529111969,27.959894037450994,0.0,0.0,0.0,13.858485417033505
8649,152.8856,0.12945955916387322,1.1022105711902925,69.90816194849154,55.11052855951463,27.86690949199385,0.0,0.0,0.0,11.998831797280829
8650,166.7863,0.15718251632821337,0.9923198020694981,84.87855881723523,49.61599010347491,32.29175107928987,0.0,0.0,0.0,9.843893453651209
8651,166.7863,0.17693657544343713,1.151342847293988,95.54575073945605,57.5671423646994,13.67340689584455,0.0,0.0,0.0,8.931420520995584
8652,152.8856,0.17137421335770076,1.8868173741467185,92.54207521315841,94.34086870733593,0.0,0.0,0.0,0.0,9.574613514086018
8653,125.0886,0.15506947784222586,2.3286019629961383,83.73751803480197,116.43009814980691,0.0,0.0,0.0,0.0,10.995027333794834
8654,111.1879,0.12052898993051943,2.452695625142857,65.08565456248049,122.63478125714285,0.0,0.0,0.0,0.0,12.442940173625546
8655,111.1879,0.0744588523185366,2.244292181568671,40.20778025200977,112.21460907843354,0.0,0.0,0.0,0.0,13.22305213393123
8656,138.9893,0.025857135574803784,1.8999346409266409,13.962853210394044,94.99673204633204,30.029714743273903,0.0,0.0,0.0,11.21906716607845
8657,152.8856,0.0,1.6352843382327633,0.0,81.76421691163817,71.12138308836184,0.0,0.0,0.0,6.472895455143392
8658,166.7863,0.0,1.518325584061776,0.0,75.9162792030888,77.4,13.4700207969112,0.0,0.0,1.3077302899782257
8659,152.8856,0.0,1.454675129822394,0.0,72.7337564911197,19.596338395323713,60.0,0.5555051135565918,0.0,0.0
8660,125.0886,0.0,1.525096525096525,0.0,76.25482625482624,0.0,48.83377374517376,0.0,0.0,0.0
8661,97.2916,0.0,1.6475490316072805,0.0,82.37745158036402,0.0,14.914148419635978,0.0,0.0,0.0
8662,55.5939,0.0,1.842174599942637,0.0,92.10872999713186,0.0,0.0,0.0,0.0,0.690821108053846
8663,41.6977,0.0,2.1976811083331502,0.0,109.88405541665752,0.0,0.0,0.0,0.0,1.9808332375581774
8664,50.0345,0.0,2.525706625482625,0.0,126.28533127413124,0.0,0.0,0.0,0.0,3.423416531933633
8665,41.6977,0.0,2.733345484178709,0.0,136.66727420893545,0.0,0.0,0.0,0.0,5.2201382061567365
8666,33.3564,0.0,2.6951592868571437,0.0,134.75796434285718,0.0,0.0,0.0,0.0,7.138546180210791
8667,27.797,0.0,2.652813539618313,0.0,132.64067698091563,0.0,0.0,0.0,0.0,9.12207520417406
8668,27.797,0.0,2.5213813068108104,0.0,126.06906534054052,0.0,0.0,0.0,0.0,10.981276440346448
8669,27.797,0.0,2.1158025548108106,0.0,105.79012774054053,0.0,0.0,0.0,0.0,12.45682210030262
8670,41.6977,0.0014652774934932008,1.673972882285715,0.7912498464863285,83.69864411428574,0.0,0.0,0.0,0.0,13.26640414820912
8671,83.3909,0.029386833363696,1.2615660751285163,15.86889001639584,63.07830375642581,4.443706227178353,0.0,0.0,0.0,12.969860522771791
8672,138.9893,0.07784710973353451,0.7497290178223935,42.037439256108634,37.486450891119674,59.465409852771664,0.0,0.0,0.0,9.00153153693451
8673,152.8856,0.1230712384584832,0.4620684657385552,66.45846876758092,23.10342328692776,63.32370794549132,0.0,0.0,0.0,4.7757252008990525
8674,166.7863,0.1540729481144764,0.3514414962868175,83.19939198181726,17.572074814340873,66.01483320384187,0.0,0.0,0.0,0.37033092636839626
8675,166.7863,0.1798799343025712,0.3797505482625484,97.13516452338845,18.98752741312742,5.549408931630417,45.11419913185372,0.0,0.0,0.0
8676,152.8856,0.17558930729252964,0.5309989303210152,94.818225937966,26.54994651605076,0.0,31.517427545983253,0.0,0.0,0.0
8677,125.0886,0.1577065871678321,0.7871683429806946,85.16155707062933,39.35841714903473,0.0,0.0,0.5686257803359496,0.0,0.0
8678,111.1879,0.12560343431423981,1.012223919196911,67.8258545296895,50.611195959845546,0.0,0.0,0.0,0.0,0.13714609034255482
8679,111.1879,0.07856052184352455,1.0467001389961388,42.42268179550326,52.33500694980694,2.0551341637831837,14.375077090906625,0.0,0.0,0.0
8680,138.9893,0.02857720892933349,0.9279863432895756,15.431692821840086,46.39931716447878,0.0,60.0,17.158290013681125,0.0,0.0
8681,152.8856,0.0,0.7497290178223935,0.0,37.486450891119674,0.0,60.0,55.39914910888034,0.0,0.0
8682,166.7863,0.0,0.6229316050744622,0.0,31.146580253723112,0.0,60.0,75.63971974627691,0.0,0.0
8683,152.8856,0.0,0.522957802537231,0.0,26.14789012686155,0.0,60.0,66.73770987313846,0.0,0.0
8684,125.0886,0.0,0.4720769950358523,0.0,23.603849751792616,0.0,60.0,41.484750248207376,0.0,0.0
8685,97.2916,0.0,0.5658493734760066,0.0,28.29246867380033,0.0,60.0,8.999131326199674,0.0,0.0
8686,55.5939,0.0,0.8133521218223935,0.0,40.66760609111967,0.0,14.926293908880325,0.0,0.0,0.0
8687,41.6977,0.0,1.199815751730833,0.0,59.99078758654165,0.0,0.0,0.0,0.0,0.3460854408264637
8688,50.0345,0.0,1.6352843382327633,0.0,81.76421691163817,0.0,0.0,0.0,0.0,0.9463773823979966
8689,41.6977,0.0,2.1415967479316045,0.0,107.07983739658022,0.0,0.0,0.0,0.0,2.1833367385495146
8690,33.3564,0.0,2.6350885559845567,0.0,131.75442779922784,0.0,0.0,0.0,0.0,4.044921048264636
8691,27.797,0.0,2.902871745729729,0.0,145.14358728648645,0.0,0.0,0.0,8.457698397597568,6.104981108324696
8692,27.797,0.0,2.760470429158302,0.0,138.0235214579151,0.0,0.0,0.0,1.3376325690262263,8.165041168384757
8693,27.797,0.0,2.349403868169885,0.0,117.47019340849425,0.0,0.0,0.0,1.3376325690262263,9.861561043680595
8694,41.6977,0.001441504421512253,1.8329382909740768,0.7784123876166167,91.64691454870383,0.0,0.0,0.0,1.3376325690262263,10.82127290463801
8695,83.3909,0.029793854907955383,1.2725057209045785,16.088681650295907,63.625286045228926,3.676932304475173,0.0,0.0,0.0,10.575898710145172
8696,138.9893,0.07982669062903198,0.6903645052399339,43.10641293967728,34.51822526199669,61.36466179832602,0.0,0.0,0.0,6.4808261843976895
8697,152.8856,0.12840526864913543,0.37236448148262546,69.33884507053313,18.618224074131273,64.92853085533561,0.0,0.0,0.0,2.147924559083334
8698,166.7863,0.16348761255418454,0.3818668735752894,88.28331077925965,19.09334367876447,32.18664951786376,27.222996024112128,0.0,0.0,0.0
8699,166.7863,0.18739829652409773,0.477661334804192,101.19508012301277,23.8830667402096,0.0,41.70815313677764,0.0,0.0,0.0
8700,152.8856,0.18707815119269058,0.6073101883022617,101.02220164405293,30.365509415113085,0.0,21.497888940834002,0.0,0.0,0.0
8701,125.0886,0.16752868973348772,0.7420604473822395,90.46549245608338,37.103022369111976,0.0,0.0,0.0,0.0,0.0469173075036961
8702,111.1879,0.13109945322592498,0.8186246707115277,70.79370474199949,40.93123353557638,0.0,0.0,0.0,0.0,0.05707749113350993
8703,111.1879,0.08196951329613138,0.8814768373480417,44.26353717991095,44.07384186740209,0.8553062046356463,21.995214748051318,0.0,0.0,0.0
8704,138.9893,0.03047647198741324,0.9473938223938223,16.45729487320315,47.36969111969111,0.0,60.0,15.16231400710572,0.0,0.0
8705,152.8856,0.0,0.9979911759426366,0.0,49.89955879713183,0.0,60.0,42.98604120286818,0.0,0.0
8706,166.7863,0.0,1.0351581229961386,0.0,51.75790614980693,0.0,60.0,55.02839385019308,0.0,0.0
8707,152.8856,0.0,1.0481464105372313,0.0,52.40732052686157,0.0,60.0,40.47827947313844,0.0,0.0
8708,125.0886,0.0,1.0495934649045782,0.0,52.47967324522891,0.0,60.0,12.60892675477109,0.0,0.0
8709,97.2916,0.0,1.0351581229961386,0.0,51.75790614980693,0.0,45.533693850193075,0.0,0.0,0.0
8710,55.5939,0.0,1.1051636977385546,0.0,55.25818488692773,0.0,0.0,0.3357151130722684,0.0,0.0
8711,41.6977,0.0,1.2615660751285163,0.0,63.07830375642581,0.0,0.0,0.0,0.0,0.40449790890535325
8712,50.0345,0.0,1.5081945592939883,0.0,75.40972796469941,0.0,0.0,0.0,0.0,0.8845697893185854
8713,41.6977,0.0,1.8514330370965255,0.0,92.57165185482627,0.0,0.0,0.0,0.0,1.8470499595450285
8714,33.3564,0.0,2.2770069606795373,0.0,113.85034803397687,0.0,0.0,0.0,0.0,3.3699084358635094
8715,27.797,0.0,2.57353824469498,0.0,128.676912234749,0.0,0.0,0.0,0.0,5.278447315980383
8716,27.797,0.0,2.512742150918919,0.0,125.63710754594595,0.0,0.0,0.0,0.0,7.129476377660442
8717,27.797,0.0,2.094097552555984,0.0,104.7048776277992,0.0,0.0,0.0,0.0,8.584490278726914
8718,41.6977,0.001548206554045472,1.5745920843331496,0.8360315391845549,78.72960421665748,0.0,0.0,0.0,0.0,9.30091068491852
8719,83.3909,0.03246332565480684,1.0874923443397682,17.530195853595693,54.374617216988405,11.486086929415904,0.0,0.0,0.0,8.534405050656531
8720,138.9893,0.08542360609931836,0.5611661296679538,46.12874729363192,28.058306483397686,64.80224622297038,0.0,0.0,0.0,4.209930828236085
8721,152.8856,0.13239206613793963,0.3236161947181466,71.4917157144874,16.18080973590733,63.08581346111774,2.1272610884875434,0.0,0.0,0.0
8722,166.7863,0.1653947581988593,0.2932614839845561,89.31316942738403,14.663074199227804,0.0,60.0,2.8100563733881785,0.0,0.0
8723,166.7863,0.19282664431362953,0.3205541745879759,104.12638792935995,16.027708729398796,0.0,46.632203341241265,0.0,0.0,0.0
8724,152.8856,0.19146798433921233,0.45653217044897954,103.39271154317467,22.82660852244898,0.0,26.666279934376362,0.0,0.0,0.0
8725,125.0886,0.17092397674288637,0.6386738293480417,92.29894744115863,31.933691467402088,0.0,0.0,0.8559610914392835,0.0,0.0
8726,111.1879,0.13228175318602994,0.8531884343210151,71.43214672045617,42.65942171605076,0.0,0.0,0.0,0.0,0.05493426771769874
8727,111.1879,0.08347640576100536,1.022233089976834,45.0772591109429,51.111654498841695,0.8231900017497156,14.175796388465692,0.0,0.0,0.0
8728,138.9893,0.03157828408195847,1.1140420702393825,17.052273404257576,55.70210351196913,0.0,60.0,6.234923083773282,0.0,0.0
8729,152.8856,0.0,1.1140420702393825,0.0,55.70210351196913,0.0,60.0,37.18349648803088,0.0,0.0
8730,166.7863,0.0,1.0713933635918371,0.0,53.56966817959186,0.0,60.0,53.21663182040815,0.0,0.0
8731,152.8856,0.0,0.9711624150204079,0.0,48.5581207510204,0.0,60.0,44.327479248979614,0.0,0.0
8732,125.0886,0.0,0.9293676135642583,0.0,46.46838067821292,0.0,60.0,18.62021932178709,0.0,0.0
8733,97.2916,0.0,0.8585510336458909,0.0,42.92755168229455,0.0,54.36404831770545,0.0,0.0,0.0
8734,55.5939,0.0,0.8855452664092666,0.0,44.27726332046333,0.0,11.316636679536671,0.0,0.0,0.0
8735,41.6977,0.0,1.0918995230358521,0.0,54.59497615179261,0.0,0.0,0.0,0.0,0.244002521790671
8736,50.0345,0.0,1.3357856944291226,0.0,66.78928472145613,0.0,0.0,0.0,0.0,0.5609849354398411
8737,41.6977,0.0,1.6616175634285708,0.0,83.08087817142854,0.0,0.0,0.0,0.0,1.3439099278722728
8738,33.3564,0.0,2.094097552555984,0.0,104.7048776277992,0.0,0.0,0.0,0.0,2.693745991100907
8739,27.797,0.0,2.4441784681478214,0.0,122.20892340739107,0.0,0.0,0.0,0.0,4.479917515024522
8740,27.797,0.0,2.5235434875763927,0.0,126.17717437881963,0.0,0.0,0.0,0.0,6.341164057326515
8741,27.797,0.0,2.4441784681478214,0.0,122.20892340739107,0.0,0.0,0.0,0.0,8.12733558125013
8742,41.6977,0.0014862434493649935,2.1916374980694986,0.8025714626570964,109.58187490347493,0.0,0.0,0.0,0.0,9.42681456655533
8743,83.3909,0.032834102636674425,1.69881081081081,17.730415423804192,84.9405405405405,0.0,0.0,0.0,0.0,9.791572382096986
8744,138.9893,0.08447874995119217,1.038038937239934,45.61852497364378,51.90194686199669,41.46882816435951,0.0,0.0,0.0,7.02421648190616
8745,152.8856,0.13454937300536848,0.6916107928428019,72.65666142289898,34.580539642140096,45.64839893496094,0.0,0.0,0.0,3.977943613373565
8746,166.7863,0.16494528641278058,0.5001710490899063,89.07045466290153,25.008552454495316,52.70729288260317,0.0,0.0,0.0,0.4606067510043177
8747,166.7863,0.1901563051729239,0.35664729211693313,102.6844047933789,17.832364605846657,6.9021921637997,39.36733843697476,0.0,0.0,0.0
8748,152.8856,0.18861274227867525,0.3861075625725317,101.85088083048464,19.305378128626586,0.0,31.729341040888784,0.0,0.0,0.0
8749,125.0886,0.1699105231387241,0.5252517802713732,91.75168249491101,26.26258901356866,0.0,7.074328491520333,0.0,0.0,0.0
8750,111.1879,0.13413353722489424,0.7651457401081079,72.43211010144289,38.257287005405395,0.0,0.0,0.49850289315172347,0.0,0.0
8751,111.1879,0.08404895322704384,0.9390579383210153,45.386434742603676,46.95289691605076,0.0,18.84856834134557,0.0,0.0,0.0
8752,138.9893,0.03154894763826127,0.9739733563022617,17.036431724661085,48.69866781511308,0.0,60.0,13.254200460225817,0.0,0.0
8753,152.8856,0.0,0.914215670857143,0.0,45.71078354285715,0.0,60.0,47.17481645714287,0.0,0.0
8754,166.7863,0.0,0.8398346285184775,0.0,41.991731425923874,0.0,60.0,64.79456857407614,0.0,0.0
8755,152.8856,0.0,0.7897733264026475,0.0,39.488666320132374,0.0,60.0,53.39693367986763,0.0,0.0
8756,125.0886,0.0,0.8491743938929951,0.0,42.45871969464975,0.0,60.0,22.62988030535024,0.0,0.0
8757,97.2916,0.0,0.9155893024335355,0.0,45.77946512167678,0.0,51.512134878323224,0.0,0.0,0.0
8758,55.5939,0.0,0.9951539390270268,0.0,49.757696951351335,0.0,5.836203048648663,0.0,0.0,0.0
8759,41.6977,0.0,1.17093606227027,0.0,58.546803113513505,0.0,0.0,0.0,0.0,0.31876681566106635
